[2026-05-22 17:32:21.801 +07:00 INF] Swagger UI: /swagger
[2026-05-22 17:32:22.458 +07:00 WRN] Entity 'Property' has a global query filter defined and is the required end of a relationship with the entity 'PropertyView'. This may lead to unexpected results when the required entity is filtered out. Either configure the navigation as optional, or define matching query filters for both entities in the navigation. See https://go.microsoft.com/fwlink/?linkid=2131316 for more information.
[2026-05-22 17:32:22.957 +07:00 INF] Executed DbCommand (15ms) [Parameters=[], CommandType='"Text"', CommandTimeout='60']
SELECT 1
[2026-05-22 17:32:22.986 +07:00 INF] Executed DbCommand (15ms) [Parameters=[], CommandType='"Text"', CommandTimeout='60']
DECLARE @result int;
EXEC @result = sp_getapplock @Resource = '__EFMigrationsLock', @LockOwner = 'Session', @LockMode = 'Exclusive';
SELECT @result
[2026-05-22 17:32:23.038 +07:00 INF] Executed DbCommand (1ms) [Parameters=[], CommandType='"Text"', CommandTimeout='60']
IF OBJECT_ID(N'[__EFMigrationsHistory]') IS NULL
BEGIN
    CREATE TABLE [__EFMigrationsHistory] (
        [MigrationId] nvarchar(150) NOT NULL,
        [ProductVersion] nvarchar(32) NOT NULL,
        CONSTRAINT [PK___EFMigrationsHistory] PRIMARY KEY ([MigrationId])
    );
END;
[2026-05-22 17:32:23.052 +07:00 INF] Executed DbCommand (0ms) [Parameters=[], CommandType='"Text"', CommandTimeout='60']
SELECT 1
[2026-05-22 17:32:23.054 +07:00 INF] Executed DbCommand (1ms) [Parameters=[], CommandType='"Text"', CommandTimeout='60']
SELECT OBJECT_ID(N'[__EFMigrationsHistory]');
[2026-05-22 17:32:23.060 +07:00 INF] Executed DbCommand (1ms) [Parameters=[], CommandType='"Text"', CommandTimeout='60']
SELECT [MigrationId], [ProductVersion]
FROM [__EFMigrationsHistory]
ORDER BY [MigrationId];
[2026-05-22 17:32:23.071 +07:00 INF] Executed DbCommand (2ms) [Parameters=[], CommandType='"Text"', CommandTimeout='60']
DECLARE @result int;
EXEC @result = sp_releaseapplock @Resource = '__EFMigrationsLock', @LockOwner = 'Session';
SELECT @result
[2026-05-22 17:32:23.091 +07:00 INF] User profile is available. Using 'C:\Users\Le Quoc Khanh\AppData\Local\ASP.NET\DataProtection-Keys' as key repository and Windows DPAPI to encrypt keys at rest.
[2026-05-22 17:32:23.307 +07:00 INF] Executed DbCommand (8ms) [Parameters=[@__normalizedName_0='?' (Size = 256)], CommandType='"Text"', CommandTimeout='60']
SELECT TOP(1) [a].[Id], [a].[ConcurrencyStamp], [a].[Name], [a].[NormalizedName]
FROM [AspNetRoles] AS [a]
WHERE [a].[NormalizedName] = @__normalizedName_0
[2026-05-22 17:32:23.340 +07:00 INF] Executed DbCommand (0ms) [Parameters=[@__normalizedName_0='?' (Size = 256)], CommandType='"Text"', CommandTimeout='60']
SELECT TOP(1) [a].[Id], [a].[ConcurrencyStamp], [a].[Name], [a].[NormalizedName]
FROM [AspNetRoles] AS [a]
WHERE [a].[NormalizedName] = @__normalizedName_0
[2026-05-22 17:32:23.342 +07:00 INF] Executed DbCommand (0ms) [Parameters=[@__normalizedName_0='?' (Size = 256)], CommandType='"Text"', CommandTimeout='60']
SELECT TOP(1) [a].[Id], [a].[ConcurrencyStamp], [a].[Name], [a].[NormalizedName]
FROM [AspNetRoles] AS [a]
WHERE [a].[NormalizedName] = @__normalizedName_0
[2026-05-22 17:32:23.344 +07:00 INF] Executed DbCommand (0ms) [Parameters=[@__normalizedName_0='?' (Size = 256)], CommandType='"Text"', CommandTimeout='60']
SELECT TOP(1) [a].[Id], [a].[ConcurrencyStamp], [a].[Name], [a].[NormalizedName]
FROM [AspNetRoles] AS [a]
WHERE [a].[NormalizedName] = @__normalizedName_0
[2026-05-22 17:32:23.363 +07:00 INF] Executed DbCommand (2ms) [Parameters=[@__normalizedEmail_0='?' (Size = 256)], CommandType='"Text"', CommandTimeout='60']
SELECT TOP(2) [a].[Id], [a].[AccessFailedCount], [a].[AvatarUrl], [a].[ConcurrencyStamp], [a].[CreatedAt], [a].[Email], [a].[EmailConfirmed], [a].[FirstName], [a].[IsActive], [a].[LastLoginAt], [a].[LastName], [a].[LockoutEnabled], [a].[LockoutEnd], [a].[NormalizedEmail], [a].[NormalizedUserName], [a].[PasswordHash], [a].[PhoneNumber], [a].[PhoneNumberConfirmed], [a].[SecurityStamp], [a].[TwoFactorEnabled], [a].[UserName]
FROM [AspNetUsers] AS [a]
WHERE [a].[NormalizedEmail] = @__normalizedEmail_0
[2026-05-22 17:32:23.403 +07:00 INF] Executed DbCommand (1ms) [Parameters=[@__normalizedRoleName_0='?' (Size = 256)], CommandType='"Text"', CommandTimeout='60']
SELECT TOP(2) [a].[Id], [a].[ConcurrencyStamp], [a].[Name], [a].[NormalizedName]
FROM [AspNetRoles] AS [a]
WHERE [a].[NormalizedName] = @__normalizedRoleName_0
[2026-05-22 17:32:23.428 +07:00 INF] Executed DbCommand (1ms) [Parameters=[@__p_0='?' (Size = 450), @__p_1='?' (Size = 450)], CommandType='"Text"', CommandTimeout='60']
SELECT TOP(1) [a].[UserId], [a].[RoleId]
FROM [AspNetUserRoles] AS [a]
WHERE [a].[UserId] = @__p_0 AND [a].[RoleId] = @__p_1
[2026-05-22 17:32:23.488 +07:00 INF] Admin account verified: admin@vietpropestate.vn, confirmed=true, active=true.
[2026-05-22 17:32:23.580 +07:00 INF] Executed DbCommand (1ms) [Parameters=[], CommandType='"Text"', CommandTimeout='60']
SELECT CASE
    WHEN EXISTS (
        SELECT 1
        FROM [Provinces] AS [p]) THEN CAST(1 AS bit)
    ELSE CAST(0 AS bit)
END
[2026-05-22 17:32:23.582 +07:00 INF] Vietnam address data already seeded. Skipping.
[2026-05-22 17:32:23.590 +07:00 INF] Executed DbCommand (0ms) [Parameters=[@__normalizedEmail_0='?' (Size = 256)], CommandType='"Text"', CommandTimeout='60']
SELECT TOP(2) [a].[Id], [a].[AccessFailedCount], [a].[AvatarUrl], [a].[ConcurrencyStamp], [a].[CreatedAt], [a].[Email], [a].[EmailConfirmed], [a].[FirstName], [a].[IsActive], [a].[LastLoginAt], [a].[LastName], [a].[LockoutEnabled], [a].[LockoutEnd], [a].[NormalizedEmail], [a].[NormalizedUserName], [a].[PasswordHash], [a].[PhoneNumber], [a].[PhoneNumberConfirmed], [a].[SecurityStamp], [a].[TwoFactorEnabled], [a].[UserName]
FROM [AspNetUsers] AS [a]
WHERE [a].[NormalizedEmail] = @__normalizedEmail_0
[2026-05-22 17:32:23.592 +07:00 INF] Executed DbCommand (0ms) [Parameters=[@__normalizedRoleName_0='?' (Size = 256)], CommandType='"Text"', CommandTimeout='60']
SELECT TOP(2) [a].[Id], [a].[ConcurrencyStamp], [a].[Name], [a].[NormalizedName]
FROM [AspNetRoles] AS [a]
WHERE [a].[NormalizedName] = @__normalizedRoleName_0
[2026-05-22 17:32:23.595 +07:00 INF] Executed DbCommand (0ms) [Parameters=[@__p_0='?' (Size = 450), @__p_1='?' (Size = 450)], CommandType='"Text"', CommandTimeout='60']
SELECT TOP(1) [a].[UserId], [a].[RoleId]
FROM [AspNetUserRoles] AS [a]
WHERE [a].[UserId] = @__p_0 AND [a].[RoleId] = @__p_1
[2026-05-22 17:32:23.598 +07:00 INF] Executed DbCommand (0ms) [Parameters=[@__normalizedEmail_0='?' (Size = 256)], CommandType='"Text"', CommandTimeout='60']
SELECT TOP(2) [a].[Id], [a].[AccessFailedCount], [a].[AvatarUrl], [a].[ConcurrencyStamp], [a].[CreatedAt], [a].[Email], [a].[EmailConfirmed], [a].[FirstName], [a].[IsActive], [a].[LastLoginAt], [a].[LastName], [a].[LockoutEnabled], [a].[LockoutEnd], [a].[NormalizedEmail], [a].[NormalizedUserName], [a].[PasswordHash], [a].[PhoneNumber], [a].[PhoneNumberConfirmed], [a].[SecurityStamp], [a].[TwoFactorEnabled], [a].[UserName]
FROM [AspNetUsers] AS [a]
WHERE [a].[NormalizedEmail] = @__normalizedEmail_0
[2026-05-22 17:32:23.602 +07:00 INF] Executed DbCommand (0ms) [Parameters=[@__normalizedRoleName_0='?' (Size = 256)], CommandType='"Text"', CommandTimeout='60']
SELECT TOP(2) [a].[Id], [a].[ConcurrencyStamp], [a].[Name], [a].[NormalizedName]
FROM [AspNetRoles] AS [a]
WHERE [a].[NormalizedName] = @__normalizedRoleName_0
[2026-05-22 17:32:23.605 +07:00 INF] Executed DbCommand (0ms) [Parameters=[@__p_0='?' (Size = 450), @__p_1='?' (Size = 450)], CommandType='"Text"', CommandTimeout='60']
SELECT TOP(1) [a].[UserId], [a].[RoleId]
FROM [AspNetUserRoles] AS [a]
WHERE [a].[UserId] = @__p_0 AND [a].[RoleId] = @__p_1
[2026-05-22 17:32:23.606 +07:00 INF] Executed DbCommand (0ms) [Parameters=[@__normalizedEmail_0='?' (Size = 256)], CommandType='"Text"', CommandTimeout='60']
SELECT TOP(2) [a].[Id], [a].[AccessFailedCount], [a].[AvatarUrl], [a].[ConcurrencyStamp], [a].[CreatedAt], [a].[Email], [a].[EmailConfirmed], [a].[FirstName], [a].[IsActive], [a].[LastLoginAt], [a].[LastName], [a].[LockoutEnabled], [a].[LockoutEnd], [a].[NormalizedEmail], [a].[NormalizedUserName], [a].[PasswordHash], [a].[PhoneNumber], [a].[PhoneNumberConfirmed], [a].[SecurityStamp], [a].[TwoFactorEnabled], [a].[UserName]
FROM [AspNetUsers] AS [a]
WHERE [a].[NormalizedEmail] = @__normalizedEmail_0
[2026-05-22 17:32:23.609 +07:00 INF] Executed DbCommand (0ms) [Parameters=[@__normalizedRoleName_0='?' (Size = 256)], CommandType='"Text"', CommandTimeout='60']
SELECT TOP(2) [a].[Id], [a].[ConcurrencyStamp], [a].[Name], [a].[NormalizedName]
FROM [AspNetRoles] AS [a]
WHERE [a].[NormalizedName] = @__normalizedRoleName_0
[2026-05-22 17:32:23.611 +07:00 INF] Executed DbCommand (0ms) [Parameters=[@__p_0='?' (Size = 450), @__p_1='?' (Size = 450)], CommandType='"Text"', CommandTimeout='60']
SELECT TOP(1) [a].[UserId], [a].[RoleId]
FROM [AspNetUserRoles] AS [a]
WHERE [a].[UserId] = @__p_0 AND [a].[RoleId] = @__p_1
[2026-05-22 17:32:23.613 +07:00 INF] Executed DbCommand (0ms) [Parameters=[@__normalizedEmail_0='?' (Size = 256)], CommandType='"Text"', CommandTimeout='60']
SELECT TOP(2) [a].[Id], [a].[AccessFailedCount], [a].[AvatarUrl], [a].[ConcurrencyStamp], [a].[CreatedAt], [a].[Email], [a].[EmailConfirmed], [a].[FirstName], [a].[IsActive], [a].[LastLoginAt], [a].[LastName], [a].[LockoutEnabled], [a].[LockoutEnd], [a].[NormalizedEmail], [a].[NormalizedUserName], [a].[PasswordHash], [a].[PhoneNumber], [a].[PhoneNumberConfirmed], [a].[SecurityStamp], [a].[TwoFactorEnabled], [a].[UserName]
FROM [AspNetUsers] AS [a]
WHERE [a].[NormalizedEmail] = @__normalizedEmail_0
[2026-05-22 17:32:23.630 +07:00 INF] Executed DbCommand (2ms) [Parameters=[@__user_Id_0='?' (Size = 450)], CommandType='"Text"', CommandTimeout='60']
SELECT TOP(1) [a].[Id], [a].[AgencyName], [a].[AvatarUrl], [a].[Bio], [a].[CreatedAt], [a].[CreatedBy], [a].[DeletedAt], [a].[DeletedBy], [a].[Email], [a].[FullName], [a].[IsActive], [a].[IsDeleted], [a].[LastModifiedAt], [a].[LastModifiedBy], [a].[LicenseNumber], [a].[PhoneNumber], [a].[RowVersion], [a].[UserId]
FROM [Agents] AS [a]
WHERE [a].[IsDeleted] = CAST(0 AS bit) AND [a].[UserId] = @__user_Id_0 AND [a].[IsDeleted] = CAST(0 AS bit)
[2026-05-22 17:32:23.657 +07:00 INF] Executed DbCommand (0ms) [Parameters=[@__user_Id_0='?' (Size = 450)], CommandType='"Text"', CommandTimeout='60']
SELECT TOP(1) [a].[Id], [a].[AgencyName], [a].[AvatarUrl], [a].[Bio], [a].[CreatedAt], [a].[CreatedBy], [a].[DeletedAt], [a].[DeletedBy], [a].[Email], [a].[FullName], [a].[IsActive], [a].[IsDeleted], [a].[LastModifiedAt], [a].[LastModifiedBy], [a].[LicenseNumber], [a].[PhoneNumber], [a].[RowVersion], [a].[UserId]
FROM [Agents] AS [a]
WHERE [a].[IsDeleted] = CAST(0 AS bit) AND [a].[UserId] = @__user_Id_0 AND [a].[IsDeleted] = CAST(0 AS bit)
[2026-05-22 17:32:23.666 +07:00 INF] Executed DbCommand (2ms) [Parameters=[], CommandType='"Text"', CommandTimeout='60']
SELECT CASE
    WHEN EXISTS (
        SELECT 1
        FROM [Properties] AS [p]
        WHERE [p].[IsDeleted] = CAST(0 AS bit) AND [p].[Title] = N'Căn hộ 2PN cao cấp Vinhomes Central Park') THEN CAST(1 AS bit)
    ELSE CAST(0 AS bit)
END
[2026-05-22 17:32:23.668 +07:00 INF] Core test data already present ('Căn hộ 2PN cao cấp Vinhomes Central Park'). Skipping.
[2026-05-22 17:32:23.673 +07:00 INF] Executed DbCommand (1ms) [Parameters=[], CommandType='"Text"', CommandTimeout='60']
SELECT CASE
    WHEN EXISTS (
        SELECT 1
        FROM [Properties] AS [p]
        WHERE [p].[IsDeleted] = CAST(0 AS bit) AND [p].[Title] = N'Penthouse Landmark 81 view toàn cảnh Sài Gòn') THEN CAST(1 AS bit)
    ELSE CAST(0 AS bit)
END
[2026-05-22 17:32:23.675 +07:00 INF] Regional demo data already present ('Penthouse Landmark 81 view toàn cảnh Sài Gòn'). Skipping.
[2026-05-22 17:32:23.732 +07:00 ERR] Hosting failed to start
System.IO.IOException: Failed to bind to address http://127.0.0.1:5198: address already in use.
 ---> Microsoft.AspNetCore.Connections.AddressInUseException: Only one usage of each socket address (protocol/network address/port) is normally permitted.
 ---> System.Net.Sockets.SocketException (10048): Only one usage of each socket address (protocol/network address/port) is normally permitted.
   at System.Net.Sockets.Socket.UpdateStatusAfterSocketErrorAndThrowException(SocketError error, Boolean disconnectOnFailure, String callerName)
   at System.Net.Sockets.Socket.DoBind(EndPoint endPointSnapshot, SocketAddress socketAddress)
   at System.Net.Sockets.Socket.Bind(EndPoint localEP)
   at Microsoft.AspNetCore.Server.Kestrel.Transport.Sockets.SocketTransportOptions.CreateDefaultBoundListenSocket(EndPoint endpoint)
   at Microsoft.AspNetCore.Server.Kestrel.Transport.Sockets.SocketConnectionListener.Bind()
   --- End of inner exception stack trace ---
   at Microsoft.AspNetCore.Server.Kestrel.Transport.Sockets.SocketConnectionListener.Bind()
   at Microsoft.AspNetCore.Server.Kestrel.Transport.Sockets.SocketTransportFactory.BindAsync(EndPoint endpoint, CancellationToken cancellationToken)
   at Microsoft.AspNetCore.Server.Kestrel.Core.Internal.Infrastructure.TransportManager.BindAsync(EndPoint endPoint, ConnectionDelegate connectionDelegate, EndpointConfig endpointConfig, CancellationToken cancellationToken)
   at Microsoft.AspNetCore.Server.Kestrel.Core.KestrelServerImpl.<>c__DisplayClass28_0`1.<<StartAsync>g__OnBind|0>d.MoveNext()
--- End of stack trace from previous location ---
   at Microsoft.AspNetCore.Server.Kestrel.Core.Internal.AddressBinder.BindEndpointAsync(ListenOptions endpoint, AddressBindContext context, CancellationToken cancellationToken)
   --- End of inner exception stack trace ---
   at Microsoft.AspNetCore.Server.Kestrel.Core.Internal.AddressBinder.BindEndpointAsync(ListenOptions endpoint, AddressBindContext context, CancellationToken cancellationToken)
   at Microsoft.AspNetCore.Server.Kestrel.Core.LocalhostListenOptions.BindAsync(AddressBindContext context, CancellationToken cancellationToken)
   at Microsoft.AspNetCore.Server.Kestrel.Core.Internal.AddressBinder.AddressesStrategy.BindAsync(AddressBindContext context, CancellationToken cancellationToken)
   at Microsoft.AspNetCore.Server.Kestrel.Core.KestrelServerImpl.BindAsync(CancellationToken cancellationToken)
   at Microsoft.AspNetCore.Server.Kestrel.Core.KestrelServerImpl.StartAsync[TContext](IHttpApplication`1 application, CancellationToken cancellationToken)
   at Microsoft.AspNetCore.Hosting.GenericWebHostService.StartAsync(CancellationToken cancellationToken)
   at Microsoft.Extensions.Hosting.Internal.Host.<StartAsync>b__14_1(IHostedService service, CancellationToken token)
   at Microsoft.Extensions.Hosting.Internal.Host.ForeachService[T](IEnumerable`1 services, CancellationToken token, Boolean concurrent, Boolean abortOnFirstException, List`1 exceptions, Func`3 operation)
[2026-05-22 17:32:23.746 +07:00 FTL] Port 5198 is already in use. Stop the existing WebAPI instance first:
[2026-05-22 17:32:23.747 +07:00 FTL]   .\scripts\stop-dev-ports.ps1
[2026-05-22 17:32:23.748 +07:00 FTL] Or run: .\scripts\run-webapi.ps1
[2026-05-22 17:32:23.748 +07:00 FTL] Application terminated unexpectedly.
System.IO.IOException: Failed to bind to address http://127.0.0.1:5198: address already in use.
 ---> Microsoft.AspNetCore.Connections.AddressInUseException: Only one usage of each socket address (protocol/network address/port) is normally permitted.
 ---> System.Net.Sockets.SocketException (10048): Only one usage of each socket address (protocol/network address/port) is normally permitted.
   at System.Net.Sockets.Socket.UpdateStatusAfterSocketErrorAndThrowException(SocketError error, Boolean disconnectOnFailure, String callerName)
   at System.Net.Sockets.Socket.DoBind(EndPoint endPointSnapshot, SocketAddress socketAddress)
   at System.Net.Sockets.Socket.Bind(EndPoint localEP)
   at Microsoft.AspNetCore.Server.Kestrel.Transport.Sockets.SocketTransportOptions.CreateDefaultBoundListenSocket(EndPoint endpoint)
   at Microsoft.AspNetCore.Server.Kestrel.Transport.Sockets.SocketConnectionListener.Bind()
   --- End of inner exception stack trace ---
   at Microsoft.AspNetCore.Server.Kestrel.Transport.Sockets.SocketConnectionListener.Bind()
   at Microsoft.AspNetCore.Server.Kestrel.Transport.Sockets.SocketTransportFactory.BindAsync(EndPoint endpoint, CancellationToken cancellationToken)
   at Microsoft.AspNetCore.Server.Kestrel.Core.Internal.Infrastructure.TransportManager.BindAsync(EndPoint endPoint, ConnectionDelegate connectionDelegate, EndpointConfig endpointConfig, CancellationToken cancellationToken)
   at Microsoft.AspNetCore.Server.Kestrel.Core.KestrelServerImpl.<>c__DisplayClass28_0`1.<<StartAsync>g__OnBind|0>d.MoveNext()
--- End of stack trace from previous location ---
   at Microsoft.AspNetCore.Server.Kestrel.Core.Internal.AddressBinder.BindEndpointAsync(ListenOptions endpoint, AddressBindContext context, CancellationToken cancellationToken)
   --- End of inner exception stack trace ---
   at Microsoft.AspNetCore.Server.Kestrel.Core.Internal.AddressBinder.BindEndpointAsync(ListenOptions endpoint, AddressBindContext context, CancellationToken cancellationToken)
   at Microsoft.AspNetCore.Server.Kestrel.Core.LocalhostListenOptions.BindAsync(AddressBindContext context, CancellationToken cancellationToken)
   at Microsoft.AspNetCore.Server.Kestrel.Core.Internal.AddressBinder.AddressesStrategy.BindAsync(AddressBindContext context, CancellationToken cancellationToken)
   at Microsoft.AspNetCore.Server.Kestrel.Core.KestrelServerImpl.BindAsync(CancellationToken cancellationToken)
   at Microsoft.AspNetCore.Server.Kestrel.Core.KestrelServerImpl.StartAsync[TContext](IHttpApplication`1 application, CancellationToken cancellationToken)
   at Microsoft.AspNetCore.Hosting.GenericWebHostService.StartAsync(CancellationToken cancellationToken)
   at Microsoft.Extensions.Hosting.Internal.Host.<StartAsync>b__14_1(IHostedService service, CancellationToken token)
   at Microsoft.Extensions.Hosting.Internal.Host.ForeachService[T](IEnumerable`1 services, CancellationToken token, Boolean concurrent, Boolean abortOnFirstException, List`1 exceptions, Func`3 operation)
   at Microsoft.Extensions.Hosting.Internal.Host.StartAsync(CancellationToken cancellationToken)
   at Microsoft.Extensions.Hosting.HostingAbstractionsHostExtensions.RunAsync(IHost host, CancellationToken token)
   at Microsoft.Extensions.Hosting.HostingAbstractionsHostExtensions.RunAsync(IHost host, CancellationToken token)
   at Microsoft.Extensions.Hosting.HostingAbstractionsHostExtensions.Run(IHost host)
   at Program.<Main>$(String[] args) in c:\Dev\VietPropEstate\src\VietPropEstate.WebAPI\Program.cs:line 204
[2026-05-22 17:35:45.302 +07:00 INF] Swagger UI: /swagger
[2026-05-22 17:35:45.954 +07:00 WRN] Entity 'Property' has a global query filter defined and is the required end of a relationship with the entity 'PropertyView'. This may lead to unexpected results when the required entity is filtered out. Either configure the navigation as optional, or define matching query filters for both entities in the navigation. See https://go.microsoft.com/fwlink/?linkid=2131316 for more information.
[2026-05-22 17:35:46.455 +07:00 INF] Executed DbCommand (15ms) [Parameters=[], CommandType='"Text"', CommandTimeout='60']
SELECT 1
[2026-05-22 17:35:46.484 +07:00 INF] Executed DbCommand (15ms) [Parameters=[], CommandType='"Text"', CommandTimeout='60']
DECLARE @result int;
EXEC @result = sp_getapplock @Resource = '__EFMigrationsLock', @LockOwner = 'Session', @LockMode = 'Exclusive';
SELECT @result
[2026-05-22 17:35:46.535 +07:00 INF] Executed DbCommand (1ms) [Parameters=[], CommandType='"Text"', CommandTimeout='60']
IF OBJECT_ID(N'[__EFMigrationsHistory]') IS NULL
BEGIN
    CREATE TABLE [__EFMigrationsHistory] (
        [MigrationId] nvarchar(150) NOT NULL,
        [ProductVersion] nvarchar(32) NOT NULL,
        CONSTRAINT [PK___EFMigrationsHistory] PRIMARY KEY ([MigrationId])
    );
END;
[2026-05-22 17:35:46.548 +07:00 INF] Executed DbCommand (0ms) [Parameters=[], CommandType='"Text"', CommandTimeout='60']
SELECT 1
[2026-05-22 17:35:46.551 +07:00 INF] Executed DbCommand (0ms) [Parameters=[], CommandType='"Text"', CommandTimeout='60']
SELECT OBJECT_ID(N'[__EFMigrationsHistory]');
[2026-05-22 17:35:46.557 +07:00 INF] Executed DbCommand (2ms) [Parameters=[], CommandType='"Text"', CommandTimeout='60']
SELECT [MigrationId], [ProductVersion]
FROM [__EFMigrationsHistory]
ORDER BY [MigrationId];
[2026-05-22 17:35:46.567 +07:00 INF] Executed DbCommand (2ms) [Parameters=[], CommandType='"Text"', CommandTimeout='60']
DECLARE @result int;
EXEC @result = sp_releaseapplock @Resource = '__EFMigrationsLock', @LockOwner = 'Session';
SELECT @result
[2026-05-22 17:35:46.586 +07:00 INF] User profile is available. Using 'C:\Users\Le Quoc Khanh\AppData\Local\ASP.NET\DataProtection-Keys' as key repository and Windows DPAPI to encrypt keys at rest.
[2026-05-22 17:35:46.804 +07:00 INF] Executed DbCommand (8ms) [Parameters=[@__normalizedName_0='?' (Size = 256)], CommandType='"Text"', CommandTimeout='60']
SELECT TOP(1) [a].[Id], [a].[ConcurrencyStamp], [a].[Name], [a].[NormalizedName]
FROM [AspNetRoles] AS [a]
WHERE [a].[NormalizedName] = @__normalizedName_0
[2026-05-22 17:35:46.838 +07:00 INF] Executed DbCommand (0ms) [Parameters=[@__normalizedName_0='?' (Size = 256)], CommandType='"Text"', CommandTimeout='60']
SELECT TOP(1) [a].[Id], [a].[ConcurrencyStamp], [a].[Name], [a].[NormalizedName]
FROM [AspNetRoles] AS [a]
WHERE [a].[NormalizedName] = @__normalizedName_0
[2026-05-22 17:35:46.840 +07:00 INF] Executed DbCommand (0ms) [Parameters=[@__normalizedName_0='?' (Size = 256)], CommandType='"Text"', CommandTimeout='60']
SELECT TOP(1) [a].[Id], [a].[ConcurrencyStamp], [a].[Name], [a].[NormalizedName]
FROM [AspNetRoles] AS [a]
WHERE [a].[NormalizedName] = @__normalizedName_0
[2026-05-22 17:35:46.842 +07:00 INF] Executed DbCommand (0ms) [Parameters=[@__normalizedName_0='?' (Size = 256)], CommandType='"Text"', CommandTimeout='60']
SELECT TOP(1) [a].[Id], [a].[ConcurrencyStamp], [a].[Name], [a].[NormalizedName]
FROM [AspNetRoles] AS [a]
WHERE [a].[NormalizedName] = @__normalizedName_0
[2026-05-22 17:35:46.861 +07:00 INF] Executed DbCommand (2ms) [Parameters=[@__normalizedEmail_0='?' (Size = 256)], CommandType='"Text"', CommandTimeout='60']
SELECT TOP(2) [a].[Id], [a].[AccessFailedCount], [a].[AvatarUrl], [a].[ConcurrencyStamp], [a].[CreatedAt], [a].[Email], [a].[EmailConfirmed], [a].[FirstName], [a].[IsActive], [a].[LastLoginAt], [a].[LastName], [a].[LockoutEnabled], [a].[LockoutEnd], [a].[NormalizedEmail], [a].[NormalizedUserName], [a].[PasswordHash], [a].[PhoneNumber], [a].[PhoneNumberConfirmed], [a].[SecurityStamp], [a].[TwoFactorEnabled], [a].[UserName]
FROM [AspNetUsers] AS [a]
WHERE [a].[NormalizedEmail] = @__normalizedEmail_0
[2026-05-22 17:35:46.899 +07:00 INF] Executed DbCommand (1ms) [Parameters=[@__normalizedRoleName_0='?' (Size = 256)], CommandType='"Text"', CommandTimeout='60']
SELECT TOP(2) [a].[Id], [a].[ConcurrencyStamp], [a].[Name], [a].[NormalizedName]
FROM [AspNetRoles] AS [a]
WHERE [a].[NormalizedName] = @__normalizedRoleName_0
[2026-05-22 17:35:46.922 +07:00 INF] Executed DbCommand (1ms) [Parameters=[@__p_0='?' (Size = 450), @__p_1='?' (Size = 450)], CommandType='"Text"', CommandTimeout='60']
SELECT TOP(1) [a].[UserId], [a].[RoleId]
FROM [AspNetUserRoles] AS [a]
WHERE [a].[UserId] = @__p_0 AND [a].[RoleId] = @__p_1
[2026-05-22 17:35:46.981 +07:00 INF] Admin account verified: admin@vietpropestate.vn, confirmed=true, active=true.
[2026-05-22 17:35:47.067 +07:00 INF] Executed DbCommand (1ms) [Parameters=[], CommandType='"Text"', CommandTimeout='60']
SELECT CASE
    WHEN EXISTS (
        SELECT 1
        FROM [Provinces] AS [p]) THEN CAST(1 AS bit)
    ELSE CAST(0 AS bit)
END
[2026-05-22 17:35:47.070 +07:00 INF] Vietnam address data already seeded. Skipping.
[2026-05-22 17:35:47.077 +07:00 INF] Executed DbCommand (0ms) [Parameters=[@__normalizedEmail_0='?' (Size = 256)], CommandType='"Text"', CommandTimeout='60']
SELECT TOP(2) [a].[Id], [a].[AccessFailedCount], [a].[AvatarUrl], [a].[ConcurrencyStamp], [a].[CreatedAt], [a].[Email], [a].[EmailConfirmed], [a].[FirstName], [a].[IsActive], [a].[LastLoginAt], [a].[LastName], [a].[LockoutEnabled], [a].[LockoutEnd], [a].[NormalizedEmail], [a].[NormalizedUserName], [a].[PasswordHash], [a].[PhoneNumber], [a].[PhoneNumberConfirmed], [a].[SecurityStamp], [a].[TwoFactorEnabled], [a].[UserName]
FROM [AspNetUsers] AS [a]
WHERE [a].[NormalizedEmail] = @__normalizedEmail_0
[2026-05-22 17:35:47.080 +07:00 INF] Executed DbCommand (0ms) [Parameters=[@__normalizedRoleName_0='?' (Size = 256)], CommandType='"Text"', CommandTimeout='60']
SELECT TOP(2) [a].[Id], [a].[ConcurrencyStamp], [a].[Name], [a].[NormalizedName]
FROM [AspNetRoles] AS [a]
WHERE [a].[NormalizedName] = @__normalizedRoleName_0
[2026-05-22 17:35:47.082 +07:00 INF] Executed DbCommand (0ms) [Parameters=[@__p_0='?' (Size = 450), @__p_1='?' (Size = 450)], CommandType='"Text"', CommandTimeout='60']
SELECT TOP(1) [a].[UserId], [a].[RoleId]
FROM [AspNetUserRoles] AS [a]
WHERE [a].[UserId] = @__p_0 AND [a].[RoleId] = @__p_1
[2026-05-22 17:35:47.084 +07:00 INF] Executed DbCommand (0ms) [Parameters=[@__normalizedEmail_0='?' (Size = 256)], CommandType='"Text"', CommandTimeout='60']
SELECT TOP(2) [a].[Id], [a].[AccessFailedCount], [a].[AvatarUrl], [a].[ConcurrencyStamp], [a].[CreatedAt], [a].[Email], [a].[EmailConfirmed], [a].[FirstName], [a].[IsActive], [a].[LastLoginAt], [a].[LastName], [a].[LockoutEnabled], [a].[LockoutEnd], [a].[NormalizedEmail], [a].[NormalizedUserName], [a].[PasswordHash], [a].[PhoneNumber], [a].[PhoneNumberConfirmed], [a].[SecurityStamp], [a].[TwoFactorEnabled], [a].[UserName]
FROM [AspNetUsers] AS [a]
WHERE [a].[NormalizedEmail] = @__normalizedEmail_0
[2026-05-22 17:35:47.087 +07:00 INF] Executed DbCommand (0ms) [Parameters=[@__normalizedRoleName_0='?' (Size = 256)], CommandType='"Text"', CommandTimeout='60']
SELECT TOP(2) [a].[Id], [a].[ConcurrencyStamp], [a].[Name], [a].[NormalizedName]
FROM [AspNetRoles] AS [a]
WHERE [a].[NormalizedName] = @__normalizedRoleName_0
[2026-05-22 17:35:47.090 +07:00 INF] Executed DbCommand (0ms) [Parameters=[@__p_0='?' (Size = 450), @__p_1='?' (Size = 450)], CommandType='"Text"', CommandTimeout='60']
SELECT TOP(1) [a].[UserId], [a].[RoleId]
FROM [AspNetUserRoles] AS [a]
WHERE [a].[UserId] = @__p_0 AND [a].[RoleId] = @__p_1
[2026-05-22 17:35:47.092 +07:00 INF] Executed DbCommand (0ms) [Parameters=[@__normalizedEmail_0='?' (Size = 256)], CommandType='"Text"', CommandTimeout='60']
SELECT TOP(2) [a].[Id], [a].[AccessFailedCount], [a].[AvatarUrl], [a].[ConcurrencyStamp], [a].[CreatedAt], [a].[Email], [a].[EmailConfirmed], [a].[FirstName], [a].[IsActive], [a].[LastLoginAt], [a].[LastName], [a].[LockoutEnabled], [a].[LockoutEnd], [a].[NormalizedEmail], [a].[NormalizedUserName], [a].[PasswordHash], [a].[PhoneNumber], [a].[PhoneNumberConfirmed], [a].[SecurityStamp], [a].[TwoFactorEnabled], [a].[UserName]
FROM [AspNetUsers] AS [a]
WHERE [a].[NormalizedEmail] = @__normalizedEmail_0
[2026-05-22 17:35:47.095 +07:00 INF] Executed DbCommand (0ms) [Parameters=[@__normalizedRoleName_0='?' (Size = 256)], CommandType='"Text"', CommandTimeout='60']
SELECT TOP(2) [a].[Id], [a].[ConcurrencyStamp], [a].[Name], [a].[NormalizedName]
FROM [AspNetRoles] AS [a]
WHERE [a].[NormalizedName] = @__normalizedRoleName_0
[2026-05-22 17:35:47.096 +07:00 INF] Executed DbCommand (0ms) [Parameters=[@__p_0='?' (Size = 450), @__p_1='?' (Size = 450)], CommandType='"Text"', CommandTimeout='60']
SELECT TOP(1) [a].[UserId], [a].[RoleId]
FROM [AspNetUserRoles] AS [a]
WHERE [a].[UserId] = @__p_0 AND [a].[RoleId] = @__p_1
[2026-05-22 17:35:47.099 +07:00 INF] Executed DbCommand (0ms) [Parameters=[@__normalizedEmail_0='?' (Size = 256)], CommandType='"Text"', CommandTimeout='60']
SELECT TOP(2) [a].[Id], [a].[AccessFailedCount], [a].[AvatarUrl], [a].[ConcurrencyStamp], [a].[CreatedAt], [a].[Email], [a].[EmailConfirmed], [a].[FirstName], [a].[IsActive], [a].[LastLoginAt], [a].[LastName], [a].[LockoutEnabled], [a].[LockoutEnd], [a].[NormalizedEmail], [a].[NormalizedUserName], [a].[PasswordHash], [a].[PhoneNumber], [a].[PhoneNumberConfirmed], [a].[SecurityStamp], [a].[TwoFactorEnabled], [a].[UserName]
FROM [AspNetUsers] AS [a]
WHERE [a].[NormalizedEmail] = @__normalizedEmail_0
[2026-05-22 17:35:47.116 +07:00 INF] Executed DbCommand (2ms) [Parameters=[@__user_Id_0='?' (Size = 450)], CommandType='"Text"', CommandTimeout='60']
SELECT TOP(1) [a].[Id], [a].[AgencyName], [a].[AvatarUrl], [a].[Bio], [a].[CreatedAt], [a].[CreatedBy], [a].[DeletedAt], [a].[DeletedBy], [a].[Email], [a].[FullName], [a].[IsActive], [a].[IsDeleted], [a].[LastModifiedAt], [a].[LastModifiedBy], [a].[LicenseNumber], [a].[PhoneNumber], [a].[RowVersion], [a].[UserId]
FROM [Agents] AS [a]
WHERE [a].[IsDeleted] = CAST(0 AS bit) AND [a].[UserId] = @__user_Id_0 AND [a].[IsDeleted] = CAST(0 AS bit)
[2026-05-22 17:35:47.141 +07:00 INF] Executed DbCommand (0ms) [Parameters=[@__user_Id_0='?' (Size = 450)], CommandType='"Text"', CommandTimeout='60']
SELECT TOP(1) [a].[Id], [a].[AgencyName], [a].[AvatarUrl], [a].[Bio], [a].[CreatedAt], [a].[CreatedBy], [a].[DeletedAt], [a].[DeletedBy], [a].[Email], [a].[FullName], [a].[IsActive], [a].[IsDeleted], [a].[LastModifiedAt], [a].[LastModifiedBy], [a].[LicenseNumber], [a].[PhoneNumber], [a].[RowVersion], [a].[UserId]
FROM [Agents] AS [a]
WHERE [a].[IsDeleted] = CAST(0 AS bit) AND [a].[UserId] = @__user_Id_0 AND [a].[IsDeleted] = CAST(0 AS bit)
[2026-05-22 17:35:47.151 +07:00 INF] Executed DbCommand (2ms) [Parameters=[], CommandType='"Text"', CommandTimeout='60']
SELECT CASE
    WHEN EXISTS (
        SELECT 1
        FROM [Properties] AS [p]
        WHERE [p].[IsDeleted] = CAST(0 AS bit) AND [p].[Title] = N'Căn hộ 2PN cao cấp Vinhomes Central Park') THEN CAST(1 AS bit)
    ELSE CAST(0 AS bit)
END
[2026-05-22 17:35:47.153 +07:00 INF] Core test data already present ('Căn hộ 2PN cao cấp Vinhomes Central Park'). Skipping.
[2026-05-22 17:35:47.158 +07:00 INF] Executed DbCommand (2ms) [Parameters=[], CommandType='"Text"', CommandTimeout='60']
SELECT CASE
    WHEN EXISTS (
        SELECT 1
        FROM [Properties] AS [p]
        WHERE [p].[IsDeleted] = CAST(0 AS bit) AND [p].[Title] = N'Penthouse Landmark 81 view toàn cảnh Sài Gòn') THEN CAST(1 AS bit)
    ELSE CAST(0 AS bit)
END
[2026-05-22 17:35:47.160 +07:00 INF] Regional demo data already present ('Penthouse Landmark 81 view toàn cảnh Sài Gòn'). Skipping.
[2026-05-22 17:35:47.216 +07:00 ERR] Hosting failed to start
System.IO.IOException: Failed to bind to address http://127.0.0.1:5198: address already in use.
 ---> Microsoft.AspNetCore.Connections.AddressInUseException: Only one usage of each socket address (protocol/network address/port) is normally permitted.
 ---> System.Net.Sockets.SocketException (10048): Only one usage of each socket address (protocol/network address/port) is normally permitted.
   at System.Net.Sockets.Socket.UpdateStatusAfterSocketErrorAndThrowException(SocketError error, Boolean disconnectOnFailure, String callerName)
   at System.Net.Sockets.Socket.DoBind(EndPoint endPointSnapshot, SocketAddress socketAddress)
   at System.Net.Sockets.Socket.Bind(EndPoint localEP)
   at Microsoft.AspNetCore.Server.Kestrel.Transport.Sockets.SocketTransportOptions.CreateDefaultBoundListenSocket(EndPoint endpoint)
   at Microsoft.AspNetCore.Server.Kestrel.Transport.Sockets.SocketConnectionListener.Bind()
   --- End of inner exception stack trace ---
   at Microsoft.AspNetCore.Server.Kestrel.Transport.Sockets.SocketConnectionListener.Bind()
   at Microsoft.AspNetCore.Server.Kestrel.Transport.Sockets.SocketTransportFactory.BindAsync(EndPoint endpoint, CancellationToken cancellationToken)
   at Microsoft.AspNetCore.Server.Kestrel.Core.Internal.Infrastructure.TransportManager.BindAsync(EndPoint endPoint, ConnectionDelegate connectionDelegate, EndpointConfig endpointConfig, CancellationToken cancellationToken)
   at Microsoft.AspNetCore.Server.Kestrel.Core.KestrelServerImpl.<>c__DisplayClass28_0`1.<<StartAsync>g__OnBind|0>d.MoveNext()
--- End of stack trace from previous location ---
   at Microsoft.AspNetCore.Server.Kestrel.Core.Internal.AddressBinder.BindEndpointAsync(ListenOptions endpoint, AddressBindContext context, CancellationToken cancellationToken)
   --- End of inner exception stack trace ---
   at Microsoft.AspNetCore.Server.Kestrel.Core.Internal.AddressBinder.BindEndpointAsync(ListenOptions endpoint, AddressBindContext context, CancellationToken cancellationToken)
   at Microsoft.AspNetCore.Server.Kestrel.Core.LocalhostListenOptions.BindAsync(AddressBindContext context, CancellationToken cancellationToken)
   at Microsoft.AspNetCore.Server.Kestrel.Core.Internal.AddressBinder.AddressesStrategy.BindAsync(AddressBindContext context, CancellationToken cancellationToken)
   at Microsoft.AspNetCore.Server.Kestrel.Core.KestrelServerImpl.BindAsync(CancellationToken cancellationToken)
   at Microsoft.AspNetCore.Server.Kestrel.Core.KestrelServerImpl.StartAsync[TContext](IHttpApplication`1 application, CancellationToken cancellationToken)
   at Microsoft.AspNetCore.Hosting.GenericWebHostService.StartAsync(CancellationToken cancellationToken)
   at Microsoft.Extensions.Hosting.Internal.Host.<StartAsync>b__14_1(IHostedService service, CancellationToken token)
   at Microsoft.Extensions.Hosting.Internal.Host.ForeachService[T](IEnumerable`1 services, CancellationToken token, Boolean concurrent, Boolean abortOnFirstException, List`1 exceptions, Func`3 operation)
[2026-05-22 17:35:47.231 +07:00 FTL] Port 5198 is already in use. Stop the existing WebAPI instance first:
[2026-05-22 17:35:47.231 +07:00 FTL]   .\scripts\stop-dev-ports.ps1
[2026-05-22 17:35:47.232 +07:00 FTL] Or run: .\scripts\run-webapi.ps1
[2026-05-22 17:35:47.232 +07:00 FTL] Application terminated unexpectedly.
System.IO.IOException: Failed to bind to address http://127.0.0.1:5198: address already in use.
 ---> Microsoft.AspNetCore.Connections.AddressInUseException: Only one usage of each socket address (protocol/network address/port) is normally permitted.
 ---> System.Net.Sockets.SocketException (10048): Only one usage of each socket address (protocol/network address/port) is normally permitted.
   at System.Net.Sockets.Socket.UpdateStatusAfterSocketErrorAndThrowException(SocketError error, Boolean disconnectOnFailure, String callerName)
   at System.Net.Sockets.Socket.DoBind(EndPoint endPointSnapshot, SocketAddress socketAddress)
   at System.Net.Sockets.Socket.Bind(EndPoint localEP)
   at Microsoft.AspNetCore.Server.Kestrel.Transport.Sockets.SocketTransportOptions.CreateDefaultBoundListenSocket(EndPoint endpoint)
   at Microsoft.AspNetCore.Server.Kestrel.Transport.Sockets.SocketConnectionListener.Bind()
   --- End of inner exception stack trace ---
   at Microsoft.AspNetCore.Server.Kestrel.Transport.Sockets.SocketConnectionListener.Bind()
   at Microsoft.AspNetCore.Server.Kestrel.Transport.Sockets.SocketTransportFactory.BindAsync(EndPoint endpoint, CancellationToken cancellationToken)
   at Microsoft.AspNetCore.Server.Kestrel.Core.Internal.Infrastructure.TransportManager.BindAsync(EndPoint endPoint, ConnectionDelegate connectionDelegate, EndpointConfig endpointConfig, CancellationToken cancellationToken)
   at Microsoft.AspNetCore.Server.Kestrel.Core.KestrelServerImpl.<>c__DisplayClass28_0`1.<<StartAsync>g__OnBind|0>d.MoveNext()
--- End of stack trace from previous location ---
   at Microsoft.AspNetCore.Server.Kestrel.Core.Internal.AddressBinder.BindEndpointAsync(ListenOptions endpoint, AddressBindContext context, CancellationToken cancellationToken)
   --- End of inner exception stack trace ---
   at Microsoft.AspNetCore.Server.Kestrel.Core.Internal.AddressBinder.BindEndpointAsync(ListenOptions endpoint, AddressBindContext context, CancellationToken cancellationToken)
   at Microsoft.AspNetCore.Server.Kestrel.Core.LocalhostListenOptions.BindAsync(AddressBindContext context, CancellationToken cancellationToken)
   at Microsoft.AspNetCore.Server.Kestrel.Core.Internal.AddressBinder.AddressesStrategy.BindAsync(AddressBindContext context, CancellationToken cancellationToken)
   at Microsoft.AspNetCore.Server.Kestrel.Core.KestrelServerImpl.BindAsync(CancellationToken cancellationToken)
   at Microsoft.AspNetCore.Server.Kestrel.Core.KestrelServerImpl.StartAsync[TContext](IHttpApplication`1 application, CancellationToken cancellationToken)
   at Microsoft.AspNetCore.Hosting.GenericWebHostService.StartAsync(CancellationToken cancellationToken)
   at Microsoft.Extensions.Hosting.Internal.Host.<StartAsync>b__14_1(IHostedService service, CancellationToken token)
   at Microsoft.Extensions.Hosting.Internal.Host.ForeachService[T](IEnumerable`1 services, CancellationToken token, Boolean concurrent, Boolean abortOnFirstException, List`1 exceptions, Func`3 operation)
   at Microsoft.Extensions.Hosting.Internal.Host.StartAsync(CancellationToken cancellationToken)
   at Microsoft.Extensions.Hosting.HostingAbstractionsHostExtensions.RunAsync(IHost host, CancellationToken token)
   at Microsoft.Extensions.Hosting.HostingAbstractionsHostExtensions.RunAsync(IHost host, CancellationToken token)
   at Microsoft.Extensions.Hosting.HostingAbstractionsHostExtensions.Run(IHost host)
   at Program.<Main>$(String[] args) in c:\Dev\VietPropEstate\src\VietPropEstate.WebAPI\Program.cs:line 204
[2026-05-22 18:14:45.726 +07:00 INF] Swagger UI: /swagger
[2026-05-22 18:14:46.395 +07:00 WRN] Entity 'Property' has a global query filter defined and is the required end of a relationship with the entity 'PropertyView'. This may lead to unexpected results when the required entity is filtered out. Either configure the navigation as optional, or define matching query filters for both entities in the navigation. See https://go.microsoft.com/fwlink/?linkid=2131316 for more information.
[2026-05-22 18:14:46.947 +07:00 INF] Executed DbCommand (15ms) [Parameters=[], CommandType='"Text"', CommandTimeout='60']
SELECT 1
[2026-05-22 18:14:46.976 +07:00 INF] Executed DbCommand (15ms) [Parameters=[], CommandType='"Text"', CommandTimeout='60']
DECLARE @result int;
EXEC @result = sp_getapplock @Resource = '__EFMigrationsLock', @LockOwner = 'Session', @LockMode = 'Exclusive';
SELECT @result
[2026-05-22 18:14:47.027 +07:00 INF] Executed DbCommand (1ms) [Parameters=[], CommandType='"Text"', CommandTimeout='60']
IF OBJECT_ID(N'[__EFMigrationsHistory]') IS NULL
BEGIN
    CREATE TABLE [__EFMigrationsHistory] (
        [MigrationId] nvarchar(150) NOT NULL,
        [ProductVersion] nvarchar(32) NOT NULL,
        CONSTRAINT [PK___EFMigrationsHistory] PRIMARY KEY ([MigrationId])
    );
END;
[2026-05-22 18:14:47.040 +07:00 INF] Executed DbCommand (0ms) [Parameters=[], CommandType='"Text"', CommandTimeout='60']
SELECT 1
[2026-05-22 18:14:47.043 +07:00 INF] Executed DbCommand (0ms) [Parameters=[], CommandType='"Text"', CommandTimeout='60']
SELECT OBJECT_ID(N'[__EFMigrationsHistory]');
[2026-05-22 18:14:47.048 +07:00 INF] Executed DbCommand (1ms) [Parameters=[], CommandType='"Text"', CommandTimeout='60']
SELECT [MigrationId], [ProductVersion]
FROM [__EFMigrationsHistory]
ORDER BY [MigrationId];
[2026-05-22 18:14:47.059 +07:00 INF] Executed DbCommand (2ms) [Parameters=[], CommandType='"Text"', CommandTimeout='60']
DECLARE @result int;
EXEC @result = sp_releaseapplock @Resource = '__EFMigrationsLock', @LockOwner = 'Session';
SELECT @result
[2026-05-22 18:14:47.077 +07:00 INF] User profile is available. Using 'C:\Users\Le Quoc Khanh\AppData\Local\ASP.NET\DataProtection-Keys' as key repository and Windows DPAPI to encrypt keys at rest.
[2026-05-22 18:14:47.280 +07:00 INF] Executed DbCommand (11ms) [Parameters=[@__normalizedName_0='?' (Size = 256)], CommandType='"Text"', CommandTimeout='60']
SELECT TOP(1) [a].[Id], [a].[ConcurrencyStamp], [a].[Name], [a].[NormalizedName]
FROM [AspNetRoles] AS [a]
WHERE [a].[NormalizedName] = @__normalizedName_0
[2026-05-22 18:14:47.314 +07:00 INF] Executed DbCommand (0ms) [Parameters=[@__normalizedName_0='?' (Size = 256)], CommandType='"Text"', CommandTimeout='60']
SELECT TOP(1) [a].[Id], [a].[ConcurrencyStamp], [a].[Name], [a].[NormalizedName]
FROM [AspNetRoles] AS [a]
WHERE [a].[NormalizedName] = @__normalizedName_0
[2026-05-22 18:14:47.316 +07:00 INF] Executed DbCommand (0ms) [Parameters=[@__normalizedName_0='?' (Size = 256)], CommandType='"Text"', CommandTimeout='60']
SELECT TOP(1) [a].[Id], [a].[ConcurrencyStamp], [a].[Name], [a].[NormalizedName]
FROM [AspNetRoles] AS [a]
WHERE [a].[NormalizedName] = @__normalizedName_0
[2026-05-22 18:14:47.318 +07:00 INF] Executed DbCommand (0ms) [Parameters=[@__normalizedName_0='?' (Size = 256)], CommandType='"Text"', CommandTimeout='60']
SELECT TOP(1) [a].[Id], [a].[ConcurrencyStamp], [a].[Name], [a].[NormalizedName]
FROM [AspNetRoles] AS [a]
WHERE [a].[NormalizedName] = @__normalizedName_0
[2026-05-22 18:14:47.338 +07:00 INF] Executed DbCommand (2ms) [Parameters=[@__normalizedEmail_0='?' (Size = 256)], CommandType='"Text"', CommandTimeout='60']
SELECT TOP(2) [a].[Id], [a].[AccessFailedCount], [a].[AvatarUrl], [a].[ConcurrencyStamp], [a].[CreatedAt], [a].[Email], [a].[EmailConfirmed], [a].[FirstName], [a].[IsActive], [a].[LastLoginAt], [a].[LastName], [a].[LockoutEnabled], [a].[LockoutEnd], [a].[NormalizedEmail], [a].[NormalizedUserName], [a].[PasswordHash], [a].[PhoneNumber], [a].[PhoneNumberConfirmed], [a].[SecurityStamp], [a].[TwoFactorEnabled], [a].[UserName]
FROM [AspNetUsers] AS [a]
WHERE [a].[NormalizedEmail] = @__normalizedEmail_0
[2026-05-22 18:14:47.380 +07:00 INF] Executed DbCommand (1ms) [Parameters=[@__normalizedRoleName_0='?' (Size = 256)], CommandType='"Text"', CommandTimeout='60']
SELECT TOP(2) [a].[Id], [a].[ConcurrencyStamp], [a].[Name], [a].[NormalizedName]
FROM [AspNetRoles] AS [a]
WHERE [a].[NormalizedName] = @__normalizedRoleName_0
[2026-05-22 18:14:47.403 +07:00 INF] Executed DbCommand (1ms) [Parameters=[@__p_0='?' (Size = 450), @__p_1='?' (Size = 450)], CommandType='"Text"', CommandTimeout='60']
SELECT TOP(1) [a].[UserId], [a].[RoleId]
FROM [AspNetUserRoles] AS [a]
WHERE [a].[UserId] = @__p_0 AND [a].[RoleId] = @__p_1
[2026-05-22 18:14:47.467 +07:00 INF] Admin account verified: admin@vietpropestate.vn, confirmed=true, active=true.
[2026-05-22 18:14:47.604 +07:00 INF] Executed DbCommand (1ms) [Parameters=[], CommandType='"Text"', CommandTimeout='60']
SELECT CASE
    WHEN EXISTS (
        SELECT 1
        FROM [Provinces] AS [p]) THEN CAST(1 AS bit)
    ELSE CAST(0 AS bit)
END
[2026-05-22 18:14:47.606 +07:00 INF] Vietnam address data already seeded. Skipping.
[2026-05-22 18:14:47.613 +07:00 INF] Executed DbCommand (0ms) [Parameters=[@__normalizedEmail_0='?' (Size = 256)], CommandType='"Text"', CommandTimeout='60']
SELECT TOP(2) [a].[Id], [a].[AccessFailedCount], [a].[AvatarUrl], [a].[ConcurrencyStamp], [a].[CreatedAt], [a].[Email], [a].[EmailConfirmed], [a].[FirstName], [a].[IsActive], [a].[LastLoginAt], [a].[LastName], [a].[LockoutEnabled], [a].[LockoutEnd], [a].[NormalizedEmail], [a].[NormalizedUserName], [a].[PasswordHash], [a].[PhoneNumber], [a].[PhoneNumberConfirmed], [a].[SecurityStamp], [a].[TwoFactorEnabled], [a].[UserName]
FROM [AspNetUsers] AS [a]
WHERE [a].[NormalizedEmail] = @__normalizedEmail_0
[2026-05-22 18:14:47.615 +07:00 INF] Executed DbCommand (0ms) [Parameters=[@__normalizedRoleName_0='?' (Size = 256)], CommandType='"Text"', CommandTimeout='60']
SELECT TOP(2) [a].[Id], [a].[ConcurrencyStamp], [a].[Name], [a].[NormalizedName]
FROM [AspNetRoles] AS [a]
WHERE [a].[NormalizedName] = @__normalizedRoleName_0
[2026-05-22 18:14:47.618 +07:00 INF] Executed DbCommand (0ms) [Parameters=[@__p_0='?' (Size = 450), @__p_1='?' (Size = 450)], CommandType='"Text"', CommandTimeout='60']
SELECT TOP(1) [a].[UserId], [a].[RoleId]
FROM [AspNetUserRoles] AS [a]
WHERE [a].[UserId] = @__p_0 AND [a].[RoleId] = @__p_1
[2026-05-22 18:14:47.621 +07:00 INF] Executed DbCommand (0ms) [Parameters=[@__normalizedEmail_0='?' (Size = 256)], CommandType='"Text"', CommandTimeout='60']
SELECT TOP(2) [a].[Id], [a].[AccessFailedCount], [a].[AvatarUrl], [a].[ConcurrencyStamp], [a].[CreatedAt], [a].[Email], [a].[EmailConfirmed], [a].[FirstName], [a].[IsActive], [a].[LastLoginAt], [a].[LastName], [a].[LockoutEnabled], [a].[LockoutEnd], [a].[NormalizedEmail], [a].[NormalizedUserName], [a].[PasswordHash], [a].[PhoneNumber], [a].[PhoneNumberConfirmed], [a].[SecurityStamp], [a].[TwoFactorEnabled], [a].[UserName]
FROM [AspNetUsers] AS [a]
WHERE [a].[NormalizedEmail] = @__normalizedEmail_0
[2026-05-22 18:14:47.625 +07:00 INF] Executed DbCommand (0ms) [Parameters=[@__normalizedRoleName_0='?' (Size = 256)], CommandType='"Text"', CommandTimeout='60']
SELECT TOP(2) [a].[Id], [a].[ConcurrencyStamp], [a].[Name], [a].[NormalizedName]
FROM [AspNetRoles] AS [a]
WHERE [a].[NormalizedName] = @__normalizedRoleName_0
[2026-05-22 18:14:47.628 +07:00 INF] Executed DbCommand (0ms) [Parameters=[@__p_0='?' (Size = 450), @__p_1='?' (Size = 450)], CommandType='"Text"', CommandTimeout='60']
SELECT TOP(1) [a].[UserId], [a].[RoleId]
FROM [AspNetUserRoles] AS [a]
WHERE [a].[UserId] = @__p_0 AND [a].[RoleId] = @__p_1
[2026-05-22 18:14:47.630 +07:00 INF] Executed DbCommand (0ms) [Parameters=[@__normalizedEmail_0='?' (Size = 256)], CommandType='"Text"', CommandTimeout='60']
SELECT TOP(2) [a].[Id], [a].[AccessFailedCount], [a].[AvatarUrl], [a].[ConcurrencyStamp], [a].[CreatedAt], [a].[Email], [a].[EmailConfirmed], [a].[FirstName], [a].[IsActive], [a].[LastLoginAt], [a].[LastName], [a].[LockoutEnabled], [a].[LockoutEnd], [a].[NormalizedEmail], [a].[NormalizedUserName], [a].[PasswordHash], [a].[PhoneNumber], [a].[PhoneNumberConfirmed], [a].[SecurityStamp], [a].[TwoFactorEnabled], [a].[UserName]
FROM [AspNetUsers] AS [a]
WHERE [a].[NormalizedEmail] = @__normalizedEmail_0
[2026-05-22 18:14:47.633 +07:00 INF] Executed DbCommand (0ms) [Parameters=[@__normalizedRoleName_0='?' (Size = 256)], CommandType='"Text"', CommandTimeout='60']
SELECT TOP(2) [a].[Id], [a].[ConcurrencyStamp], [a].[Name], [a].[NormalizedName]
FROM [AspNetRoles] AS [a]
WHERE [a].[NormalizedName] = @__normalizedRoleName_0
[2026-05-22 18:14:47.635 +07:00 INF] Executed DbCommand (0ms) [Parameters=[@__p_0='?' (Size = 450), @__p_1='?' (Size = 450)], CommandType='"Text"', CommandTimeout='60']
SELECT TOP(1) [a].[UserId], [a].[RoleId]
FROM [AspNetUserRoles] AS [a]
WHERE [a].[UserId] = @__p_0 AND [a].[RoleId] = @__p_1
[2026-05-22 18:14:47.638 +07:00 INF] Executed DbCommand (0ms) [Parameters=[@__normalizedEmail_0='?' (Size = 256)], CommandType='"Text"', CommandTimeout='60']
SELECT TOP(2) [a].[Id], [a].[AccessFailedCount], [a].[AvatarUrl], [a].[ConcurrencyStamp], [a].[CreatedAt], [a].[Email], [a].[EmailConfirmed], [a].[FirstName], [a].[IsActive], [a].[LastLoginAt], [a].[LastName], [a].[LockoutEnabled], [a].[LockoutEnd], [a].[NormalizedEmail], [a].[NormalizedUserName], [a].[PasswordHash], [a].[PhoneNumber], [a].[PhoneNumberConfirmed], [a].[SecurityStamp], [a].[TwoFactorEnabled], [a].[UserName]
FROM [AspNetUsers] AS [a]
WHERE [a].[NormalizedEmail] = @__normalizedEmail_0
[2026-05-22 18:14:47.655 +07:00 INF] Executed DbCommand (2ms) [Parameters=[@__user_Id_0='?' (Size = 450)], CommandType='"Text"', CommandTimeout='60']
SELECT TOP(1) [a].[Id], [a].[AgencyName], [a].[AvatarUrl], [a].[Bio], [a].[CreatedAt], [a].[CreatedBy], [a].[DeletedAt], [a].[DeletedBy], [a].[Email], [a].[FullName], [a].[IsActive], [a].[IsDeleted], [a].[LastModifiedAt], [a].[LastModifiedBy], [a].[LicenseNumber], [a].[PhoneNumber], [a].[RowVersion], [a].[UserId]
FROM [Agents] AS [a]
WHERE [a].[IsDeleted] = CAST(0 AS bit) AND [a].[UserId] = @__user_Id_0 AND [a].[IsDeleted] = CAST(0 AS bit)
[2026-05-22 18:14:47.680 +07:00 INF] Executed DbCommand (1ms) [Parameters=[@__user_Id_0='?' (Size = 450)], CommandType='"Text"', CommandTimeout='60']
SELECT TOP(1) [a].[Id], [a].[AgencyName], [a].[AvatarUrl], [a].[Bio], [a].[CreatedAt], [a].[CreatedBy], [a].[DeletedAt], [a].[DeletedBy], [a].[Email], [a].[FullName], [a].[IsActive], [a].[IsDeleted], [a].[LastModifiedAt], [a].[LastModifiedBy], [a].[LicenseNumber], [a].[PhoneNumber], [a].[RowVersion], [a].[UserId]
FROM [Agents] AS [a]
WHERE [a].[IsDeleted] = CAST(0 AS bit) AND [a].[UserId] = @__user_Id_0 AND [a].[IsDeleted] = CAST(0 AS bit)
[2026-05-22 18:14:47.689 +07:00 INF] Executed DbCommand (2ms) [Parameters=[], CommandType='"Text"', CommandTimeout='60']
SELECT CASE
    WHEN EXISTS (
        SELECT 1
        FROM [Properties] AS [p]
        WHERE [p].[IsDeleted] = CAST(0 AS bit) AND [p].[Title] = N'Căn hộ 2PN cao cấp Vinhomes Central Park') THEN CAST(1 AS bit)
    ELSE CAST(0 AS bit)
END
[2026-05-22 18:14:47.691 +07:00 INF] Core test data already present ('Căn hộ 2PN cao cấp Vinhomes Central Park'). Skipping.
[2026-05-22 18:14:47.696 +07:00 INF] Executed DbCommand (1ms) [Parameters=[], CommandType='"Text"', CommandTimeout='60']
SELECT CASE
    WHEN EXISTS (
        SELECT 1
        FROM [Properties] AS [p]
        WHERE [p].[IsDeleted] = CAST(0 AS bit) AND [p].[Title] = N'Penthouse Landmark 81 view toàn cảnh Sài Gòn') THEN CAST(1 AS bit)
    ELSE CAST(0 AS bit)
END
[2026-05-22 18:14:47.697 +07:00 INF] Regional demo data already present ('Penthouse Landmark 81 view toàn cảnh Sài Gòn'). Skipping.
[2026-05-22 18:14:47.764 +07:00 INF] Now listening on: http://localhost:5198
[2026-05-22 18:14:47.765 +07:00 INF] Application started. Press Ctrl+C to shut down.
[2026-05-22 18:14:47.766 +07:00 INF] Hosting environment: Development
[2026-05-22 18:14:47.766 +07:00 INF] Content root path: c:\Dev\VietPropEstate\src\VietPropEstate.WebAPI
[2026-05-22 18:16:20.101 +07:00 INF] Request starting HTTP/1.1 GET http://localhost:5198/api/properties?pageNumber=1&pageSize=3&isFeatured=True&status=1&sortBy=CreatedAt&sortOrder=Desc - null null
[2026-05-22 18:16:20.101 +07:00 INF] Request starting HTTP/1.1 GET http://localhost:5198/api/properties?pageNumber=1&pageSize=6&status=1&sortBy=CreatedAt&sortOrder=Desc - null null
[2026-05-22 18:16:20.101 +07:00 INF] Request starting HTTP/1.1 GET http://localhost:5198/api/addresses/provinces - null null
[2026-05-22 18:16:20.169 +07:00 WRN] Failed to determine the https port for redirect.
[2026-05-22 18:16:20.171 +07:00 INF] CORS policy execution successful.
[2026-05-22 18:16:20.171 +07:00 INF] CORS policy execution successful.
[2026-05-22 18:16:20.171 +07:00 INF] CORS policy execution successful.
[2026-05-22 18:16:20.239 +07:00 INF] Executing endpoint 'VietPropEstate.WebAPI.Controllers.AddressesController.GetProvinces (VietPropEstate.WebAPI)'
[2026-05-22 18:16:20.239 +07:00 INF] Executing endpoint 'VietPropEstate.WebAPI.Controllers.PropertiesController.GetList (VietPropEstate.WebAPI)'
[2026-05-22 18:16:20.239 +07:00 INF] Executing endpoint 'VietPropEstate.WebAPI.Controllers.PropertiesController.GetList (VietPropEstate.WebAPI)'
[2026-05-22 18:16:20.257 +07:00 INF] Route matched with {action = "GetList", controller = "Properties"}. Executing controller action with signature System.Threading.Tasks.Task`1[Microsoft.AspNetCore.Mvc.IActionResult] GetList(Int32, Int32, System.String, System.Nullable`1[System.Guid], System.Nullable`1[System.Guid], System.Nullable`1[VietPropEstate.Domain.Enums.ListingType], System.Nullable`1[VietPropEstate.Domain.Enums.PropertyStatus], System.Nullable`1[System.Int32], System.Nullable`1[System.Int32], System.String, System.Nullable`1[System.Decimal], System.Nullable`1[System.Decimal], System.Nullable`1[System.Decimal], System.Nullable`1[System.Decimal], System.Nullable`1[System.Int32], System.Nullable`1[System.Int32], System.Nullable`1[System.Int32], System.Nullable`1[VietPropEstate.Domain.Enums.PropertyDirection], System.Nullable`1[System.Boolean], System.String, System.String, System.Threading.CancellationToken) on controller VietPropEstate.WebAPI.Controllers.PropertiesController (VietPropEstate.WebAPI).
[2026-05-22 18:16:20.257 +07:00 INF] Route matched with {action = "GetProvinces", controller = "Addresses"}. Executing controller action with signature System.Threading.Tasks.Task`1[Microsoft.AspNetCore.Mvc.IActionResult] GetProvinces(System.Threading.CancellationToken) on controller VietPropEstate.WebAPI.Controllers.AddressesController (VietPropEstate.WebAPI).
[2026-05-22 18:16:20.257 +07:00 INF] Route matched with {action = "GetList", controller = "Properties"}. Executing controller action with signature System.Threading.Tasks.Task`1[Microsoft.AspNetCore.Mvc.IActionResult] GetList(Int32, Int32, System.String, System.Nullable`1[System.Guid], System.Nullable`1[System.Guid], System.Nullable`1[VietPropEstate.Domain.Enums.ListingType], System.Nullable`1[VietPropEstate.Domain.Enums.PropertyStatus], System.Nullable`1[System.Int32], System.Nullable`1[System.Int32], System.String, System.Nullable`1[System.Decimal], System.Nullable`1[System.Decimal], System.Nullable`1[System.Decimal], System.Nullable`1[System.Decimal], System.Nullable`1[System.Int32], System.Nullable`1[System.Int32], System.Nullable`1[System.Int32], System.Nullable`1[VietPropEstate.Domain.Enums.PropertyDirection], System.Nullable`1[System.Boolean], System.String, System.String, System.Threading.CancellationToken) on controller VietPropEstate.WebAPI.Controllers.PropertiesController (VietPropEstate.WebAPI).
[2026-05-22 18:16:20.274 +07:00 INF] Handling GetProvincesQuery {"$type":"GetProvincesQuery"}
[2026-05-22 18:16:20.304 +07:00 INF] Handling GetPropertiesListQuery {"PageNumber":1,"PageSize":3,"SearchTerm":null,"PropertyTypeId":null,"TransactionTypeId":null,"ListingType":null,"Status":"Active","ProvinceCode":null,"WardCode":null,"ProvinceName":null,"MinPrice":null,"MaxPrice":null,"MinArea":null,"MaxArea":null,"MinBedrooms":null,"MaxBedrooms":null,"Bathrooms":null,"Direction":null,"IsFeatured":true,"AllStatuses":false,"SortBy":"CreatedAt","SortOrder":"Desc","$type":"GetPropertiesListQuery"}
[2026-05-22 18:16:20.305 +07:00 INF] Handling GetPropertiesListQuery {"PageNumber":1,"PageSize":6,"SearchTerm":null,"PropertyTypeId":null,"TransactionTypeId":null,"ListingType":null,"Status":"Active","ProvinceCode":null,"WardCode":null,"ProvinceName":null,"MinPrice":null,"MaxPrice":null,"MinArea":null,"MaxArea":null,"MinBedrooms":null,"MaxBedrooms":null,"Bathrooms":null,"Direction":null,"IsFeatured":null,"AllStatuses":false,"SortBy":"CreatedAt","SortOrder":"Desc","$type":"GetPropertiesListQuery"}
[2026-05-22 18:16:20.312 +07:00 INF] Executed DbCommand (3ms) [Parameters=[], CommandType='"Text"', CommandTimeout='60']
SELECT [p].[Code], [p].[Name], [p].[Codename], [p].[DivisionType]
FROM [Provinces] AS [p]
WHERE [p].[IsActive] = CAST(1 AS bit)
ORDER BY [p].[Name]
[2026-05-22 18:16:20.386 +07:00 INF] Handled GetProvincesQuery in 113ms
[2026-05-22 18:16:20.392 +07:00 INF] Executing OkObjectResult, writing value of type 'System.Collections.Generic.List`1[[VietPropEstate.Application.Features.Addresses.DTOs.ProvinceLookupDto, VietPropEstate.Application, Version=1.0.0.0, Culture=neutral, PublicKeyToken=null]]'.
[2026-05-22 18:16:20.419 +07:00 INF] Executed action VietPropEstate.WebAPI.Controllers.AddressesController.GetProvinces (VietPropEstate.WebAPI) in 154.2603ms
[2026-05-22 18:16:20.427 +07:00 INF] Executed endpoint 'VietPropEstate.WebAPI.Controllers.AddressesController.GetProvinces (VietPropEstate.WebAPI)'
[2026-05-22 18:16:20.431 +07:00 INF] HTTP GET /api/addresses/provinces responded 200 in 252.5208 ms
[2026-05-22 18:16:20.437 +07:00 INF] Request finished HTTP/1.1 GET http://localhost:5198/api/addresses/provinces - 200 null application/json; charset=utf-8 337.8673ms
[2026-05-22 18:16:20.486 +07:00 INF] Executed DbCommand (3ms) [Parameters=[@__status_Value_0='?' (DbType = Int32), @__isFeatured_Value_1='?' (DbType = Boolean)], CommandType='"Text"', CommandTimeout='60']
SELECT COUNT(*)
FROM [Properties] AS [p]
WHERE [p].[IsDeleted] = CAST(0 AS bit) AND [p].[Status] = @__status_Value_0 AND [p].[IsFeatured] = @__isFeatured_Value_1
[2026-05-22 18:16:20.491 +07:00 INF] Executed DbCommand (2ms) [Parameters=[@__status_Value_0='?' (DbType = Int32)], CommandType='"Text"', CommandTimeout='60']
SELECT COUNT(*)
FROM [Properties] AS [p]
WHERE [p].[IsDeleted] = CAST(0 AS bit) AND [p].[Status] = @__status_Value_0
[2026-05-22 18:16:20.706 +07:00 INF] Executed DbCommand (16ms) [Parameters=[@__status_Value_0='?' (DbType = Int32), @__isFeatured_Value_1='?' (DbType = Boolean), @__p_2='?' (DbType = Int32), @__p_3='?' (DbType = Int32)], CommandType='"Text"', CommandTimeout='60']
SELECT [p1].[Id], [p1].[AgentId], [p1].[Area], [p1].[CreatedAt], [p1].[CreatedBy], [p1].[DeletedAt], [p1].[DeletedBy], [p1].[Description], [p1].[Direction], [p1].[ExpiresAt], [p1].[FullAddress], [p1].[IsDeleted], [p1].[IsFeatured], [p1].[LastModifiedAt], [p1].[LastModifiedBy], [p1].[Latitude], [p1].[ListingType], [p1].[Longitude], [p1].[NumberOfBathrooms], [p1].[NumberOfBedrooms], [p1].[NumberOfFloors], [p1].[PropertyTypeId], [p1].[ProvinceCode], [p1].[ProvinceName], [p1].[PublishedAt], [p1].[RowVersion], [p1].[Slug], [p1].[Status], [p1].[Title], [p1].[TransactionTypeId], [p1].[VideoUrl], [p1].[ViewCount], [p1].[WardCode], [p1].[WardName], [p1].[AddressCountry], [p1].[AddressDistrict], [p1].[AddressLatitude], [p1].[AddressLongitude], [p1].[AddressProvince], [p1].[Street], [p1].[AddressWard], [p1].[PriceAmount], [p1].[PriceCurrency], [p2].[Id], [p2].[CreatedAt], [p2].[CreatedBy], [p2].[DeletedAt], [p2].[DeletedBy], [p2].[Description], [p2].[IsActive], [p2].[IsDeleted], [p2].[LastModifiedAt], [p2].[LastModifiedBy], [p2].[Name], [p2].[RowVersion], [a0].[Id], [a0].[AgencyName], [a0].[AvatarUrl], [a0].[Bio], [a0].[CreatedAt], [a0].[CreatedBy], [a0].[DeletedAt], [a0].[DeletedBy], [a0].[Email], [a0].[FullName], [a0].[IsActive], [a0].[IsDeleted], [a0].[LastModifiedAt], [a0].[LastModifiedBy], [a0].[LicenseNumber], [a0].[PhoneNumber], [a0].[RowVersion], [a0].[UserId], [t0].[Id], [t0].[CreatedAt], [t0].[CreatedBy], [t0].[DeletedAt], [t0].[DeletedBy], [t0].[Description], [t0].[IsActive], [t0].[IsDeleted], [t0].[LastModifiedAt], [t0].[LastModifiedBy], [t0].[Name], [t0].[RowVersion], [p4].[Id], [p4].[Caption], [p4].[CreatedAt], [p4].[CreatedBy], [p4].[DeletedAt], [p4].[DeletedBy], [p4].[DisplayOrder], [p4].[IsDeleted], [p4].[IsPrimary], [p4].[LastModifiedAt], [p4].[LastModifiedBy], [p4].[PropertyId], [p4].[RowVersion], [p4].[Url]
FROM (
    SELECT [p].[Id], [p].[AgentId], [p].[Area], [p].[CreatedAt], [p].[CreatedBy], [p].[DeletedAt], [p].[DeletedBy], [p].[Description], [p].[Direction], [p].[ExpiresAt], [p].[FullAddress], [p].[IsDeleted], [p].[IsFeatured], [p].[LastModifiedAt], [p].[LastModifiedBy], [p].[Latitude], [p].[ListingType], [p].[Longitude], [p].[NumberOfBathrooms], [p].[NumberOfBedrooms], [p].[NumberOfFloors], [p].[PropertyTypeId], [p].[ProvinceCode], [p].[ProvinceName], [p].[PublishedAt], [p].[RowVersion], [p].[Slug], [p].[Status], [p].[Title], [p].[TransactionTypeId], [p].[VideoUrl], [p].[ViewCount], [p].[WardCode], [p].[WardName], [p].[AddressCountry], [p].[AddressDistrict], [p].[AddressLatitude], [p].[AddressLongitude], [p].[AddressProvince], [p].[Street], [p].[AddressWard], [p].[PriceAmount], [p].[PriceCurrency]
    FROM [Properties] AS [p]
    WHERE [p].[IsDeleted] = CAST(0 AS bit) AND [p].[Status] = @__status_Value_0 AND [p].[IsFeatured] = @__isFeatured_Value_1
    ORDER BY [p].[IsFeatured] DESC, [p].[CreatedAt] DESC
    OFFSET @__p_2 ROWS FETCH NEXT @__p_3 ROWS ONLY
) AS [p1]
INNER JOIN (
    SELECT [p0].[Id], [p0].[CreatedAt], [p0].[CreatedBy], [p0].[DeletedAt], [p0].[DeletedBy], [p0].[Description], [p0].[IsActive], [p0].[IsDeleted], [p0].[LastModifiedAt], [p0].[LastModifiedBy], [p0].[Name], [p0].[RowVersion]
    FROM [PropertyTypes] AS [p0]
    WHERE [p0].[IsDeleted] = CAST(0 AS bit)
) AS [p2] ON [p1].[PropertyTypeId] = [p2].[Id]
INNER JOIN (
    SELECT [a].[Id], [a].[AgencyName], [a].[AvatarUrl], [a].[Bio], [a].[CreatedAt], [a].[CreatedBy], [a].[DeletedAt], [a].[DeletedBy], [a].[Email], [a].[FullName], [a].[IsActive], [a].[IsDeleted], [a].[LastModifiedAt], [a].[LastModifiedBy], [a].[LicenseNumber], [a].[PhoneNumber], [a].[RowVersion], [a].[UserId]
    FROM [Agents] AS [a]
    WHERE [a].[IsDeleted] = CAST(0 AS bit)
) AS [a0] ON [p1].[AgentId] = [a0].[Id]
LEFT JOIN (
    SELECT [t].[Id], [t].[CreatedAt], [t].[CreatedBy], [t].[DeletedAt], [t].[DeletedBy], [t].[Description], [t].[IsActive], [t].[IsDeleted], [t].[LastModifiedAt], [t].[LastModifiedBy], [t].[Name], [t].[RowVersion]
    FROM [TransactionTypes] AS [t]
    WHERE [t].[IsDeleted] = CAST(0 AS bit)
) AS [t0] ON [p1].[TransactionTypeId] = [t0].[Id]
LEFT JOIN (
    SELECT [p3].[Id], [p3].[Caption], [p3].[CreatedAt], [p3].[CreatedBy], [p3].[DeletedAt], [p3].[DeletedBy], [p3].[DisplayOrder], [p3].[IsDeleted], [p3].[IsPrimary], [p3].[LastModifiedAt], [p3].[LastModifiedBy], [p3].[PropertyId], [p3].[RowVersion], [p3].[Url]
    FROM [PropertyImages] AS [p3]
    WHERE [p3].[IsDeleted] = CAST(0 AS bit)
) AS [p4] ON [p1].[Id] = [p4].[PropertyId]
ORDER BY [p1].[IsFeatured] DESC, [p1].[CreatedAt] DESC, [p1].[Id], [p2].[Id], [a0].[Id], [t0].[Id]
[2026-05-22 18:16:20.708 +07:00 INF] Executed DbCommand (18ms) [Parameters=[@__status_Value_0='?' (DbType = Int32), @__p_1='?' (DbType = Int32), @__p_2='?' (DbType = Int32)], CommandType='"Text"', CommandTimeout='60']
SELECT [p1].[Id], [p1].[AgentId], [p1].[Area], [p1].[CreatedAt], [p1].[CreatedBy], [p1].[DeletedAt], [p1].[DeletedBy], [p1].[Description], [p1].[Direction], [p1].[ExpiresAt], [p1].[FullAddress], [p1].[IsDeleted], [p1].[IsFeatured], [p1].[LastModifiedAt], [p1].[LastModifiedBy], [p1].[Latitude], [p1].[ListingType], [p1].[Longitude], [p1].[NumberOfBathrooms], [p1].[NumberOfBedrooms], [p1].[NumberOfFloors], [p1].[PropertyTypeId], [p1].[ProvinceCode], [p1].[ProvinceName], [p1].[PublishedAt], [p1].[RowVersion], [p1].[Slug], [p1].[Status], [p1].[Title], [p1].[TransactionTypeId], [p1].[VideoUrl], [p1].[ViewCount], [p1].[WardCode], [p1].[WardName], [p1].[AddressCountry], [p1].[AddressDistrict], [p1].[AddressLatitude], [p1].[AddressLongitude], [p1].[AddressProvince], [p1].[Street], [p1].[AddressWard], [p1].[PriceAmount], [p1].[PriceCurrency], [p2].[Id], [p2].[CreatedAt], [p2].[CreatedBy], [p2].[DeletedAt], [p2].[DeletedBy], [p2].[Description], [p2].[IsActive], [p2].[IsDeleted], [p2].[LastModifiedAt], [p2].[LastModifiedBy], [p2].[Name], [p2].[RowVersion], [a0].[Id], [a0].[AgencyName], [a0].[AvatarUrl], [a0].[Bio], [a0].[CreatedAt], [a0].[CreatedBy], [a0].[DeletedAt], [a0].[DeletedBy], [a0].[Email], [a0].[FullName], [a0].[IsActive], [a0].[IsDeleted], [a0].[LastModifiedAt], [a0].[LastModifiedBy], [a0].[LicenseNumber], [a0].[PhoneNumber], [a0].[RowVersion], [a0].[UserId], [t0].[Id], [t0].[CreatedAt], [t0].[CreatedBy], [t0].[DeletedAt], [t0].[DeletedBy], [t0].[Description], [t0].[IsActive], [t0].[IsDeleted], [t0].[LastModifiedAt], [t0].[LastModifiedBy], [t0].[Name], [t0].[RowVersion], [p4].[Id], [p4].[Caption], [p4].[CreatedAt], [p4].[CreatedBy], [p4].[DeletedAt], [p4].[DeletedBy], [p4].[DisplayOrder], [p4].[IsDeleted], [p4].[IsPrimary], [p4].[LastModifiedAt], [p4].[LastModifiedBy], [p4].[PropertyId], [p4].[RowVersion], [p4].[Url]
FROM (
    SELECT [p].[Id], [p].[AgentId], [p].[Area], [p].[CreatedAt], [p].[CreatedBy], [p].[DeletedAt], [p].[DeletedBy], [p].[Description], [p].[Direction], [p].[ExpiresAt], [p].[FullAddress], [p].[IsDeleted], [p].[IsFeatured], [p].[LastModifiedAt], [p].[LastModifiedBy], [p].[Latitude], [p].[ListingType], [p].[Longitude], [p].[NumberOfBathrooms], [p].[NumberOfBedrooms], [p].[NumberOfFloors], [p].[PropertyTypeId], [p].[ProvinceCode], [p].[ProvinceName], [p].[PublishedAt], [p].[RowVersion], [p].[Slug], [p].[Status], [p].[Title], [p].[TransactionTypeId], [p].[VideoUrl], [p].[ViewCount], [p].[WardCode], [p].[WardName], [p].[AddressCountry], [p].[AddressDistrict], [p].[AddressLatitude], [p].[AddressLongitude], [p].[AddressProvince], [p].[Street], [p].[AddressWard], [p].[PriceAmount], [p].[PriceCurrency]
    FROM [Properties] AS [p]
    WHERE [p].[IsDeleted] = CAST(0 AS bit) AND [p].[Status] = @__status_Value_0
    ORDER BY [p].[IsFeatured] DESC, [p].[CreatedAt] DESC
    OFFSET @__p_1 ROWS FETCH NEXT @__p_2 ROWS ONLY
) AS [p1]
INNER JOIN (
    SELECT [p0].[Id], [p0].[CreatedAt], [p0].[CreatedBy], [p0].[DeletedAt], [p0].[DeletedBy], [p0].[Description], [p0].[IsActive], [p0].[IsDeleted], [p0].[LastModifiedAt], [p0].[LastModifiedBy], [p0].[Name], [p0].[RowVersion]
    FROM [PropertyTypes] AS [p0]
    WHERE [p0].[IsDeleted] = CAST(0 AS bit)
) AS [p2] ON [p1].[PropertyTypeId] = [p2].[Id]
INNER JOIN (
    SELECT [a].[Id], [a].[AgencyName], [a].[AvatarUrl], [a].[Bio], [a].[CreatedAt], [a].[CreatedBy], [a].[DeletedAt], [a].[DeletedBy], [a].[Email], [a].[FullName], [a].[IsActive], [a].[IsDeleted], [a].[LastModifiedAt], [a].[LastModifiedBy], [a].[LicenseNumber], [a].[PhoneNumber], [a].[RowVersion], [a].[UserId]
    FROM [Agents] AS [a]
    WHERE [a].[IsDeleted] = CAST(0 AS bit)
) AS [a0] ON [p1].[AgentId] = [a0].[Id]
LEFT JOIN (
    SELECT [t].[Id], [t].[CreatedAt], [t].[CreatedBy], [t].[DeletedAt], [t].[DeletedBy], [t].[Description], [t].[IsActive], [t].[IsDeleted], [t].[LastModifiedAt], [t].[LastModifiedBy], [t].[Name], [t].[RowVersion]
    FROM [TransactionTypes] AS [t]
    WHERE [t].[IsDeleted] = CAST(0 AS bit)
) AS [t0] ON [p1].[TransactionTypeId] = [t0].[Id]
LEFT JOIN (
    SELECT [p3].[Id], [p3].[Caption], [p3].[CreatedAt], [p3].[CreatedBy], [p3].[DeletedAt], [p3].[DeletedBy], [p3].[DisplayOrder], [p3].[IsDeleted], [p3].[IsPrimary], [p3].[LastModifiedAt], [p3].[LastModifiedBy], [p3].[PropertyId], [p3].[RowVersion], [p3].[Url]
    FROM [PropertyImages] AS [p3]
    WHERE [p3].[IsDeleted] = CAST(0 AS bit)
) AS [p4] ON [p1].[Id] = [p4].[PropertyId]
ORDER BY [p1].[IsFeatured] DESC, [p1].[CreatedAt] DESC, [p1].[Id], [p2].[Id], [a0].[Id], [t0].[Id]
[2026-05-22 18:16:20.748 +07:00 INF] Handled GetPropertiesListQuery in 445ms
[2026-05-22 18:16:20.748 +07:00 INF] Handled GetPropertiesListQuery in 445ms
[2026-05-22 18:16:20.750 +07:00 INF] Executing OkObjectResult, writing value of type 'VietPropEstate.Application.Common.Models.PaginatedList`1[[VietPropEstate.Application.Features.Properties.DTOs.PropertyDto, VietPropEstate.Application, Version=1.0.0.0, Culture=neutral, PublicKeyToken=null]]'.
[2026-05-22 18:16:20.751 +07:00 INF] Executing OkObjectResult, writing value of type 'VietPropEstate.Application.Common.Models.PaginatedList`1[[VietPropEstate.Application.Features.Properties.DTOs.PropertyDto, VietPropEstate.Application, Version=1.0.0.0, Culture=neutral, PublicKeyToken=null]]'.
[2026-05-22 18:16:20.817 +07:00 INF] Executed action VietPropEstate.WebAPI.Controllers.PropertiesController.GetList (VietPropEstate.WebAPI) in 557.0169ms
[2026-05-22 18:16:20.817 +07:00 INF] Executed action VietPropEstate.WebAPI.Controllers.PropertiesController.GetList (VietPropEstate.WebAPI) in 552.0867ms
[2026-05-22 18:16:20.819 +07:00 INF] Executed endpoint 'VietPropEstate.WebAPI.Controllers.PropertiesController.GetList (VietPropEstate.WebAPI)'
[2026-05-22 18:16:20.820 +07:00 INF] Executed endpoint 'VietPropEstate.WebAPI.Controllers.PropertiesController.GetList (VietPropEstate.WebAPI)'
[2026-05-22 18:16:20.821 +07:00 INF] HTTP GET /api/properties responded 200 in 644.1597 ms
[2026-05-22 18:16:20.822 +07:00 INF] HTTP GET /api/properties responded 200 in 645.0334 ms
[2026-05-22 18:16:20.825 +07:00 INF] Request finished HTTP/1.1 GET http://localhost:5198/api/properties?pageNumber=1&pageSize=6&status=1&sortBy=CreatedAt&sortOrder=Desc - 200 null application/json; charset=utf-8 726.1833ms
[2026-05-22 18:16:20.827 +07:00 INF] Request finished HTTP/1.1 GET http://localhost:5198/api/properties?pageNumber=1&pageSize=3&isFeatured=True&status=1&sortBy=CreatedAt&sortOrder=Desc - 200 null application/json; charset=utf-8 727.6168ms
[2026-05-22 18:16:24.645 +07:00 INF] Request starting HTTP/1.1 GET http://localhost:5198/api/properties?pageNumber=1&pageSize=12&status=1&sortBy=CreatedAt&sortOrder=Desc - null null
[2026-05-22 18:16:24.651 +07:00 INF] CORS policy execution successful.
[2026-05-22 18:16:24.655 +07:00 INF] Executing endpoint 'VietPropEstate.WebAPI.Controllers.PropertiesController.GetList (VietPropEstate.WebAPI)'
[2026-05-22 18:16:24.656 +07:00 INF] Route matched with {action = "GetList", controller = "Properties"}. Executing controller action with signature System.Threading.Tasks.Task`1[Microsoft.AspNetCore.Mvc.IActionResult] GetList(Int32, Int32, System.String, System.Nullable`1[System.Guid], System.Nullable`1[System.Guid], System.Nullable`1[VietPropEstate.Domain.Enums.ListingType], System.Nullable`1[VietPropEstate.Domain.Enums.PropertyStatus], System.Nullable`1[System.Int32], System.Nullable`1[System.Int32], System.String, System.Nullable`1[System.Decimal], System.Nullable`1[System.Decimal], System.Nullable`1[System.Decimal], System.Nullable`1[System.Decimal], System.Nullable`1[System.Int32], System.Nullable`1[System.Int32], System.Nullable`1[System.Int32], System.Nullable`1[VietPropEstate.Domain.Enums.PropertyDirection], System.Nullable`1[System.Boolean], System.String, System.String, System.Threading.CancellationToken) on controller VietPropEstate.WebAPI.Controllers.PropertiesController (VietPropEstate.WebAPI).
[2026-05-22 18:16:24.662 +07:00 INF] Handling GetPropertiesListQuery {"PageNumber":1,"PageSize":12,"SearchTerm":null,"PropertyTypeId":null,"TransactionTypeId":null,"ListingType":null,"Status":"Active","ProvinceCode":null,"WardCode":null,"ProvinceName":null,"MinPrice":null,"MaxPrice":null,"MinArea":null,"MaxArea":null,"MinBedrooms":null,"MaxBedrooms":null,"Bathrooms":null,"Direction":null,"IsFeatured":null,"AllStatuses":false,"SortBy":"CreatedAt","SortOrder":"Desc","$type":"GetPropertiesListQuery"}
[2026-05-22 18:16:24.682 +07:00 INF] Executed DbCommand (1ms) [Parameters=[@__status_Value_0='?' (DbType = Int32)], CommandType='"Text"', CommandTimeout='60']
SELECT COUNT(*)
FROM [Properties] AS [p]
WHERE [p].[IsDeleted] = CAST(0 AS bit) AND [p].[Status] = @__status_Value_0
[2026-05-22 18:16:24.688 +07:00 INF] Executed DbCommand (1ms) [Parameters=[@__status_Value_0='?' (DbType = Int32), @__p_1='?' (DbType = Int32), @__p_2='?' (DbType = Int32)], CommandType='"Text"', CommandTimeout='60']
SELECT [p1].[Id], [p1].[AgentId], [p1].[Area], [p1].[CreatedAt], [p1].[CreatedBy], [p1].[DeletedAt], [p1].[DeletedBy], [p1].[Description], [p1].[Direction], [p1].[ExpiresAt], [p1].[FullAddress], [p1].[IsDeleted], [p1].[IsFeatured], [p1].[LastModifiedAt], [p1].[LastModifiedBy], [p1].[Latitude], [p1].[ListingType], [p1].[Longitude], [p1].[NumberOfBathrooms], [p1].[NumberOfBedrooms], [p1].[NumberOfFloors], [p1].[PropertyTypeId], [p1].[ProvinceCode], [p1].[ProvinceName], [p1].[PublishedAt], [p1].[RowVersion], [p1].[Slug], [p1].[Status], [p1].[Title], [p1].[TransactionTypeId], [p1].[VideoUrl], [p1].[ViewCount], [p1].[WardCode], [p1].[WardName], [p1].[AddressCountry], [p1].[AddressDistrict], [p1].[AddressLatitude], [p1].[AddressLongitude], [p1].[AddressProvince], [p1].[Street], [p1].[AddressWard], [p1].[PriceAmount], [p1].[PriceCurrency], [p2].[Id], [p2].[CreatedAt], [p2].[CreatedBy], [p2].[DeletedAt], [p2].[DeletedBy], [p2].[Description], [p2].[IsActive], [p2].[IsDeleted], [p2].[LastModifiedAt], [p2].[LastModifiedBy], [p2].[Name], [p2].[RowVersion], [a0].[Id], [a0].[AgencyName], [a0].[AvatarUrl], [a0].[Bio], [a0].[CreatedAt], [a0].[CreatedBy], [a0].[DeletedAt], [a0].[DeletedBy], [a0].[Email], [a0].[FullName], [a0].[IsActive], [a0].[IsDeleted], [a0].[LastModifiedAt], [a0].[LastModifiedBy], [a0].[LicenseNumber], [a0].[PhoneNumber], [a0].[RowVersion], [a0].[UserId], [t0].[Id], [t0].[CreatedAt], [t0].[CreatedBy], [t0].[DeletedAt], [t0].[DeletedBy], [t0].[Description], [t0].[IsActive], [t0].[IsDeleted], [t0].[LastModifiedAt], [t0].[LastModifiedBy], [t0].[Name], [t0].[RowVersion], [p4].[Id], [p4].[Caption], [p4].[CreatedAt], [p4].[CreatedBy], [p4].[DeletedAt], [p4].[DeletedBy], [p4].[DisplayOrder], [p4].[IsDeleted], [p4].[IsPrimary], [p4].[LastModifiedAt], [p4].[LastModifiedBy], [p4].[PropertyId], [p4].[RowVersion], [p4].[Url]
FROM (
    SELECT [p].[Id], [p].[AgentId], [p].[Area], [p].[CreatedAt], [p].[CreatedBy], [p].[DeletedAt], [p].[DeletedBy], [p].[Description], [p].[Direction], [p].[ExpiresAt], [p].[FullAddress], [p].[IsDeleted], [p].[IsFeatured], [p].[LastModifiedAt], [p].[LastModifiedBy], [p].[Latitude], [p].[ListingType], [p].[Longitude], [p].[NumberOfBathrooms], [p].[NumberOfBedrooms], [p].[NumberOfFloors], [p].[PropertyTypeId], [p].[ProvinceCode], [p].[ProvinceName], [p].[PublishedAt], [p].[RowVersion], [p].[Slug], [p].[Status], [p].[Title], [p].[TransactionTypeId], [p].[VideoUrl], [p].[ViewCount], [p].[WardCode], [p].[WardName], [p].[AddressCountry], [p].[AddressDistrict], [p].[AddressLatitude], [p].[AddressLongitude], [p].[AddressProvince], [p].[Street], [p].[AddressWard], [p].[PriceAmount], [p].[PriceCurrency]
    FROM [Properties] AS [p]
    WHERE [p].[IsDeleted] = CAST(0 AS bit) AND [p].[Status] = @__status_Value_0
    ORDER BY [p].[IsFeatured] DESC, [p].[CreatedAt] DESC
    OFFSET @__p_1 ROWS FETCH NEXT @__p_2 ROWS ONLY
) AS [p1]
INNER JOIN (
    SELECT [p0].[Id], [p0].[CreatedAt], [p0].[CreatedBy], [p0].[DeletedAt], [p0].[DeletedBy], [p0].[Description], [p0].[IsActive], [p0].[IsDeleted], [p0].[LastModifiedAt], [p0].[LastModifiedBy], [p0].[Name], [p0].[RowVersion]
    FROM [PropertyTypes] AS [p0]
    WHERE [p0].[IsDeleted] = CAST(0 AS bit)
) AS [p2] ON [p1].[PropertyTypeId] = [p2].[Id]
INNER JOIN (
    SELECT [a].[Id], [a].[AgencyName], [a].[AvatarUrl], [a].[Bio], [a].[CreatedAt], [a].[CreatedBy], [a].[DeletedAt], [a].[DeletedBy], [a].[Email], [a].[FullName], [a].[IsActive], [a].[IsDeleted], [a].[LastModifiedAt], [a].[LastModifiedBy], [a].[LicenseNumber], [a].[PhoneNumber], [a].[RowVersion], [a].[UserId]
    FROM [Agents] AS [a]
    WHERE [a].[IsDeleted] = CAST(0 AS bit)
) AS [a0] ON [p1].[AgentId] = [a0].[Id]
LEFT JOIN (
    SELECT [t].[Id], [t].[CreatedAt], [t].[CreatedBy], [t].[DeletedAt], [t].[DeletedBy], [t].[Description], [t].[IsActive], [t].[IsDeleted], [t].[LastModifiedAt], [t].[LastModifiedBy], [t].[Name], [t].[RowVersion]
    FROM [TransactionTypes] AS [t]
    WHERE [t].[IsDeleted] = CAST(0 AS bit)
) AS [t0] ON [p1].[TransactionTypeId] = [t0].[Id]
LEFT JOIN (
    SELECT [p3].[Id], [p3].[Caption], [p3].[CreatedAt], [p3].[CreatedBy], [p3].[DeletedAt], [p3].[DeletedBy], [p3].[DisplayOrder], [p3].[IsDeleted], [p3].[IsPrimary], [p3].[LastModifiedAt], [p3].[LastModifiedBy], [p3].[PropertyId], [p3].[RowVersion], [p3].[Url]
    FROM [PropertyImages] AS [p3]
    WHERE [p3].[IsDeleted] = CAST(0 AS bit)
) AS [p4] ON [p1].[Id] = [p4].[PropertyId]
ORDER BY [p1].[IsFeatured] DESC, [p1].[CreatedAt] DESC, [p1].[Id], [p2].[Id], [a0].[Id], [t0].[Id]
[2026-05-22 18:16:24.698 +07:00 INF] Handled GetPropertiesListQuery in 35ms
[2026-05-22 18:16:24.700 +07:00 INF] Executing OkObjectResult, writing value of type 'VietPropEstate.Application.Common.Models.PaginatedList`1[[VietPropEstate.Application.Features.Properties.DTOs.PropertyDto, VietPropEstate.Application, Version=1.0.0.0, Culture=neutral, PublicKeyToken=null]]'.
[2026-05-22 18:16:24.702 +07:00 INF] Executed action VietPropEstate.WebAPI.Controllers.PropertiesController.GetList (VietPropEstate.WebAPI) in 43.7708ms
[2026-05-22 18:16:24.704 +07:00 INF] Executed endpoint 'VietPropEstate.WebAPI.Controllers.PropertiesController.GetList (VietPropEstate.WebAPI)'
[2026-05-22 18:16:24.705 +07:00 INF] HTTP GET /api/properties responded 200 in 53.1791 ms
[2026-05-22 18:16:24.708 +07:00 INF] Request finished HTTP/1.1 GET http://localhost:5198/api/properties?pageNumber=1&pageSize=12&status=1&sortBy=CreatedAt&sortOrder=Desc - 200 null application/json; charset=utf-8 62.7726ms
[2026-05-22 18:16:30.940 +07:00 INF] Request starting HTTP/1.1 GET http://localhost:5198/api/properties?pageNumber=1&pageSize=6&status=1&sortBy=CreatedAt&sortOrder=Desc - null null
[2026-05-22 18:16:30.940 +07:00 INF] Request starting HTTP/1.1 GET http://localhost:5198/api/properties?pageNumber=1&pageSize=3&isFeatured=True&status=1&sortBy=CreatedAt&sortOrder=Desc - null null
[2026-05-22 18:16:30.943 +07:00 INF] CORS policy execution successful.
[2026-05-22 18:16:30.946 +07:00 INF] CORS policy execution successful.
[2026-05-22 18:16:30.947 +07:00 INF] Executing endpoint 'VietPropEstate.WebAPI.Controllers.PropertiesController.GetList (VietPropEstate.WebAPI)'
[2026-05-22 18:16:30.948 +07:00 INF] Executing endpoint 'VietPropEstate.WebAPI.Controllers.PropertiesController.GetList (VietPropEstate.WebAPI)'
[2026-05-22 18:16:30.949 +07:00 INF] Route matched with {action = "GetList", controller = "Properties"}. Executing controller action with signature System.Threading.Tasks.Task`1[Microsoft.AspNetCore.Mvc.IActionResult] GetList(Int32, Int32, System.String, System.Nullable`1[System.Guid], System.Nullable`1[System.Guid], System.Nullable`1[VietPropEstate.Domain.Enums.ListingType], System.Nullable`1[VietPropEstate.Domain.Enums.PropertyStatus], System.Nullable`1[System.Int32], System.Nullable`1[System.Int32], System.String, System.Nullable`1[System.Decimal], System.Nullable`1[System.Decimal], System.Nullable`1[System.Decimal], System.Nullable`1[System.Decimal], System.Nullable`1[System.Int32], System.Nullable`1[System.Int32], System.Nullable`1[System.Int32], System.Nullable`1[VietPropEstate.Domain.Enums.PropertyDirection], System.Nullable`1[System.Boolean], System.String, System.String, System.Threading.CancellationToken) on controller VietPropEstate.WebAPI.Controllers.PropertiesController (VietPropEstate.WebAPI).
[2026-05-22 18:16:30.950 +07:00 INF] Route matched with {action = "GetList", controller = "Properties"}. Executing controller action with signature System.Threading.Tasks.Task`1[Microsoft.AspNetCore.Mvc.IActionResult] GetList(Int32, Int32, System.String, System.Nullable`1[System.Guid], System.Nullable`1[System.Guid], System.Nullable`1[VietPropEstate.Domain.Enums.ListingType], System.Nullable`1[VietPropEstate.Domain.Enums.PropertyStatus], System.Nullable`1[System.Int32], System.Nullable`1[System.Int32], System.String, System.Nullable`1[System.Decimal], System.Nullable`1[System.Decimal], System.Nullable`1[System.Decimal], System.Nullable`1[System.Decimal], System.Nullable`1[System.Int32], System.Nullable`1[System.Int32], System.Nullable`1[System.Int32], System.Nullable`1[VietPropEstate.Domain.Enums.PropertyDirection], System.Nullable`1[System.Boolean], System.String, System.String, System.Threading.CancellationToken) on controller VietPropEstate.WebAPI.Controllers.PropertiesController (VietPropEstate.WebAPI).
[2026-05-22 18:16:30.954 +07:00 INF] Handling GetPropertiesListQuery {"PageNumber":1,"PageSize":6,"SearchTerm":null,"PropertyTypeId":null,"TransactionTypeId":null,"ListingType":null,"Status":"Active","ProvinceCode":null,"WardCode":null,"ProvinceName":null,"MinPrice":null,"MaxPrice":null,"MinArea":null,"MaxArea":null,"MinBedrooms":null,"MaxBedrooms":null,"Bathrooms":null,"Direction":null,"IsFeatured":null,"AllStatuses":false,"SortBy":"CreatedAt","SortOrder":"Desc","$type":"GetPropertiesListQuery"}
[2026-05-22 18:16:30.956 +07:00 INF] Handling GetPropertiesListQuery {"PageNumber":1,"PageSize":3,"SearchTerm":null,"PropertyTypeId":null,"TransactionTypeId":null,"ListingType":null,"Status":"Active","ProvinceCode":null,"WardCode":null,"ProvinceName":null,"MinPrice":null,"MaxPrice":null,"MinArea":null,"MaxArea":null,"MinBedrooms":null,"MaxBedrooms":null,"Bathrooms":null,"Direction":null,"IsFeatured":true,"AllStatuses":false,"SortBy":"CreatedAt","SortOrder":"Desc","$type":"GetPropertiesListQuery"}
[2026-05-22 18:16:30.975 +07:00 INF] Executed DbCommand (3ms) [Parameters=[@__status_Value_0='?' (DbType = Int32)], CommandType='"Text"', CommandTimeout='60']
SELECT COUNT(*)
FROM [Properties] AS [p]
WHERE [p].[IsDeleted] = CAST(0 AS bit) AND [p].[Status] = @__status_Value_0
[2026-05-22 18:16:30.990 +07:00 INF] Executed DbCommand (3ms) [Parameters=[@__status_Value_0='?' (DbType = Int32), @__isFeatured_Value_1='?' (DbType = Boolean)], CommandType='"Text"', CommandTimeout='60']
SELECT COUNT(*)
FROM [Properties] AS [p]
WHERE [p].[IsDeleted] = CAST(0 AS bit) AND [p].[Status] = @__status_Value_0 AND [p].[IsFeatured] = @__isFeatured_Value_1
[2026-05-22 18:16:31.004 +07:00 INF] Executed DbCommand (15ms) [Parameters=[@__status_Value_0='?' (DbType = Int32), @__p_1='?' (DbType = Int32), @__p_2='?' (DbType = Int32)], CommandType='"Text"', CommandTimeout='60']
SELECT [p1].[Id], [p1].[AgentId], [p1].[Area], [p1].[CreatedAt], [p1].[CreatedBy], [p1].[DeletedAt], [p1].[DeletedBy], [p1].[Description], [p1].[Direction], [p1].[ExpiresAt], [p1].[FullAddress], [p1].[IsDeleted], [p1].[IsFeatured], [p1].[LastModifiedAt], [p1].[LastModifiedBy], [p1].[Latitude], [p1].[ListingType], [p1].[Longitude], [p1].[NumberOfBathrooms], [p1].[NumberOfBedrooms], [p1].[NumberOfFloors], [p1].[PropertyTypeId], [p1].[ProvinceCode], [p1].[ProvinceName], [p1].[PublishedAt], [p1].[RowVersion], [p1].[Slug], [p1].[Status], [p1].[Title], [p1].[TransactionTypeId], [p1].[VideoUrl], [p1].[ViewCount], [p1].[WardCode], [p1].[WardName], [p1].[AddressCountry], [p1].[AddressDistrict], [p1].[AddressLatitude], [p1].[AddressLongitude], [p1].[AddressProvince], [p1].[Street], [p1].[AddressWard], [p1].[PriceAmount], [p1].[PriceCurrency], [p2].[Id], [p2].[CreatedAt], [p2].[CreatedBy], [p2].[DeletedAt], [p2].[DeletedBy], [p2].[Description], [p2].[IsActive], [p2].[IsDeleted], [p2].[LastModifiedAt], [p2].[LastModifiedBy], [p2].[Name], [p2].[RowVersion], [a0].[Id], [a0].[AgencyName], [a0].[AvatarUrl], [a0].[Bio], [a0].[CreatedAt], [a0].[CreatedBy], [a0].[DeletedAt], [a0].[DeletedBy], [a0].[Email], [a0].[FullName], [a0].[IsActive], [a0].[IsDeleted], [a0].[LastModifiedAt], [a0].[LastModifiedBy], [a0].[LicenseNumber], [a0].[PhoneNumber], [a0].[RowVersion], [a0].[UserId], [t0].[Id], [t0].[CreatedAt], [t0].[CreatedBy], [t0].[DeletedAt], [t0].[DeletedBy], [t0].[Description], [t0].[IsActive], [t0].[IsDeleted], [t0].[LastModifiedAt], [t0].[LastModifiedBy], [t0].[Name], [t0].[RowVersion], [p4].[Id], [p4].[Caption], [p4].[CreatedAt], [p4].[CreatedBy], [p4].[DeletedAt], [p4].[DeletedBy], [p4].[DisplayOrder], [p4].[IsDeleted], [p4].[IsPrimary], [p4].[LastModifiedAt], [p4].[LastModifiedBy], [p4].[PropertyId], [p4].[RowVersion], [p4].[Url]
FROM (
    SELECT [p].[Id], [p].[AgentId], [p].[Area], [p].[CreatedAt], [p].[CreatedBy], [p].[DeletedAt], [p].[DeletedBy], [p].[Description], [p].[Direction], [p].[ExpiresAt], [p].[FullAddress], [p].[IsDeleted], [p].[IsFeatured], [p].[LastModifiedAt], [p].[LastModifiedBy], [p].[Latitude], [p].[ListingType], [p].[Longitude], [p].[NumberOfBathrooms], [p].[NumberOfBedrooms], [p].[NumberOfFloors], [p].[PropertyTypeId], [p].[ProvinceCode], [p].[ProvinceName], [p].[PublishedAt], [p].[RowVersion], [p].[Slug], [p].[Status], [p].[Title], [p].[TransactionTypeId], [p].[VideoUrl], [p].[ViewCount], [p].[WardCode], [p].[WardName], [p].[AddressCountry], [p].[AddressDistrict], [p].[AddressLatitude], [p].[AddressLongitude], [p].[AddressProvince], [p].[Street], [p].[AddressWard], [p].[PriceAmount], [p].[PriceCurrency]
    FROM [Properties] AS [p]
    WHERE [p].[IsDeleted] = CAST(0 AS bit) AND [p].[Status] = @__status_Value_0
    ORDER BY [p].[IsFeatured] DESC, [p].[CreatedAt] DESC
    OFFSET @__p_1 ROWS FETCH NEXT @__p_2 ROWS ONLY
) AS [p1]
INNER JOIN (
    SELECT [p0].[Id], [p0].[CreatedAt], [p0].[CreatedBy], [p0].[DeletedAt], [p0].[DeletedBy], [p0].[Description], [p0].[IsActive], [p0].[IsDeleted], [p0].[LastModifiedAt], [p0].[LastModifiedBy], [p0].[Name], [p0].[RowVersion]
    FROM [PropertyTypes] AS [p0]
    WHERE [p0].[IsDeleted] = CAST(0 AS bit)
) AS [p2] ON [p1].[PropertyTypeId] = [p2].[Id]
INNER JOIN (
    SELECT [a].[Id], [a].[AgencyName], [a].[AvatarUrl], [a].[Bio], [a].[CreatedAt], [a].[CreatedBy], [a].[DeletedAt], [a].[DeletedBy], [a].[Email], [a].[FullName], [a].[IsActive], [a].[IsDeleted], [a].[LastModifiedAt], [a].[LastModifiedBy], [a].[LicenseNumber], [a].[PhoneNumber], [a].[RowVersion], [a].[UserId]
    FROM [Agents] AS [a]
    WHERE [a].[IsDeleted] = CAST(0 AS bit)
) AS [a0] ON [p1].[AgentId] = [a0].[Id]
LEFT JOIN (
    SELECT [t].[Id], [t].[CreatedAt], [t].[CreatedBy], [t].[DeletedAt], [t].[DeletedBy], [t].[Description], [t].[IsActive], [t].[IsDeleted], [t].[LastModifiedAt], [t].[LastModifiedBy], [t].[Name], [t].[RowVersion]
    FROM [TransactionTypes] AS [t]
    WHERE [t].[IsDeleted] = CAST(0 AS bit)
) AS [t0] ON [p1].[TransactionTypeId] = [t0].[Id]
LEFT JOIN (
    SELECT [p3].[Id], [p3].[Caption], [p3].[CreatedAt], [p3].[CreatedBy], [p3].[DeletedAt], [p3].[DeletedBy], [p3].[DisplayOrder], [p3].[IsDeleted], [p3].[IsPrimary], [p3].[LastModifiedAt], [p3].[LastModifiedBy], [p3].[PropertyId], [p3].[RowVersion], [p3].[Url]
    FROM [PropertyImages] AS [p3]
    WHERE [p3].[IsDeleted] = CAST(0 AS bit)
) AS [p4] ON [p1].[Id] = [p4].[PropertyId]
ORDER BY [p1].[IsFeatured] DESC, [p1].[CreatedAt] DESC, [p1].[Id], [p2].[Id], [a0].[Id], [t0].[Id]
[2026-05-22 18:16:31.007 +07:00 INF] Executed DbCommand (12ms) [Parameters=[@__status_Value_0='?' (DbType = Int32), @__isFeatured_Value_1='?' (DbType = Boolean), @__p_2='?' (DbType = Int32), @__p_3='?' (DbType = Int32)], CommandType='"Text"', CommandTimeout='60']
SELECT [p1].[Id], [p1].[AgentId], [p1].[Area], [p1].[CreatedAt], [p1].[CreatedBy], [p1].[DeletedAt], [p1].[DeletedBy], [p1].[Description], [p1].[Direction], [p1].[ExpiresAt], [p1].[FullAddress], [p1].[IsDeleted], [p1].[IsFeatured], [p1].[LastModifiedAt], [p1].[LastModifiedBy], [p1].[Latitude], [p1].[ListingType], [p1].[Longitude], [p1].[NumberOfBathrooms], [p1].[NumberOfBedrooms], [p1].[NumberOfFloors], [p1].[PropertyTypeId], [p1].[ProvinceCode], [p1].[ProvinceName], [p1].[PublishedAt], [p1].[RowVersion], [p1].[Slug], [p1].[Status], [p1].[Title], [p1].[TransactionTypeId], [p1].[VideoUrl], [p1].[ViewCount], [p1].[WardCode], [p1].[WardName], [p1].[AddressCountry], [p1].[AddressDistrict], [p1].[AddressLatitude], [p1].[AddressLongitude], [p1].[AddressProvince], [p1].[Street], [p1].[AddressWard], [p1].[PriceAmount], [p1].[PriceCurrency], [p2].[Id], [p2].[CreatedAt], [p2].[CreatedBy], [p2].[DeletedAt], [p2].[DeletedBy], [p2].[Description], [p2].[IsActive], [p2].[IsDeleted], [p2].[LastModifiedAt], [p2].[LastModifiedBy], [p2].[Name], [p2].[RowVersion], [a0].[Id], [a0].[AgencyName], [a0].[AvatarUrl], [a0].[Bio], [a0].[CreatedAt], [a0].[CreatedBy], [a0].[DeletedAt], [a0].[DeletedBy], [a0].[Email], [a0].[FullName], [a0].[IsActive], [a0].[IsDeleted], [a0].[LastModifiedAt], [a0].[LastModifiedBy], [a0].[LicenseNumber], [a0].[PhoneNumber], [a0].[RowVersion], [a0].[UserId], [t0].[Id], [t0].[CreatedAt], [t0].[CreatedBy], [t0].[DeletedAt], [t0].[DeletedBy], [t0].[Description], [t0].[IsActive], [t0].[IsDeleted], [t0].[LastModifiedAt], [t0].[LastModifiedBy], [t0].[Name], [t0].[RowVersion], [p4].[Id], [p4].[Caption], [p4].[CreatedAt], [p4].[CreatedBy], [p4].[DeletedAt], [p4].[DeletedBy], [p4].[DisplayOrder], [p4].[IsDeleted], [p4].[IsPrimary], [p4].[LastModifiedAt], [p4].[LastModifiedBy], [p4].[PropertyId], [p4].[RowVersion], [p4].[Url]
FROM (
    SELECT [p].[Id], [p].[AgentId], [p].[Area], [p].[CreatedAt], [p].[CreatedBy], [p].[DeletedAt], [p].[DeletedBy], [p].[Description], [p].[Direction], [p].[ExpiresAt], [p].[FullAddress], [p].[IsDeleted], [p].[IsFeatured], [p].[LastModifiedAt], [p].[LastModifiedBy], [p].[Latitude], [p].[ListingType], [p].[Longitude], [p].[NumberOfBathrooms], [p].[NumberOfBedrooms], [p].[NumberOfFloors], [p].[PropertyTypeId], [p].[ProvinceCode], [p].[ProvinceName], [p].[PublishedAt], [p].[RowVersion], [p].[Slug], [p].[Status], [p].[Title], [p].[TransactionTypeId], [p].[VideoUrl], [p].[ViewCount], [p].[WardCode], [p].[WardName], [p].[AddressCountry], [p].[AddressDistrict], [p].[AddressLatitude], [p].[AddressLongitude], [p].[AddressProvince], [p].[Street], [p].[AddressWard], [p].[PriceAmount], [p].[PriceCurrency]
    FROM [Properties] AS [p]
    WHERE [p].[IsDeleted] = CAST(0 AS bit) AND [p].[Status] = @__status_Value_0 AND [p].[IsFeatured] = @__isFeatured_Value_1
    ORDER BY [p].[IsFeatured] DESC, [p].[CreatedAt] DESC
    OFFSET @__p_2 ROWS FETCH NEXT @__p_3 ROWS ONLY
) AS [p1]
INNER JOIN (
    SELECT [p0].[Id], [p0].[CreatedAt], [p0].[CreatedBy], [p0].[DeletedAt], [p0].[DeletedBy], [p0].[Description], [p0].[IsActive], [p0].[IsDeleted], [p0].[LastModifiedAt], [p0].[LastModifiedBy], [p0].[Name], [p0].[RowVersion]
    FROM [PropertyTypes] AS [p0]
    WHERE [p0].[IsDeleted] = CAST(0 AS bit)
) AS [p2] ON [p1].[PropertyTypeId] = [p2].[Id]
INNER JOIN (
    SELECT [a].[Id], [a].[AgencyName], [a].[AvatarUrl], [a].[Bio], [a].[CreatedAt], [a].[CreatedBy], [a].[DeletedAt], [a].[DeletedBy], [a].[Email], [a].[FullName], [a].[IsActive], [a].[IsDeleted], [a].[LastModifiedAt], [a].[LastModifiedBy], [a].[LicenseNumber], [a].[PhoneNumber], [a].[RowVersion], [a].[UserId]
    FROM [Agents] AS [a]
    WHERE [a].[IsDeleted] = CAST(0 AS bit)
) AS [a0] ON [p1].[AgentId] = [a0].[Id]
LEFT JOIN (
    SELECT [t].[Id], [t].[CreatedAt], [t].[CreatedBy], [t].[DeletedAt], [t].[DeletedBy], [t].[Description], [t].[IsActive], [t].[IsDeleted], [t].[LastModifiedAt], [t].[LastModifiedBy], [t].[Name], [t].[RowVersion]
    FROM [TransactionTypes] AS [t]
    WHERE [t].[IsDeleted] = CAST(0 AS bit)
) AS [t0] ON [p1].[TransactionTypeId] = [t0].[Id]
LEFT JOIN (
    SELECT [p3].[Id], [p3].[Caption], [p3].[CreatedAt], [p3].[CreatedBy], [p3].[DeletedAt], [p3].[DeletedBy], [p3].[DisplayOrder], [p3].[IsDeleted], [p3].[IsPrimary], [p3].[LastModifiedAt], [p3].[LastModifiedBy], [p3].[PropertyId], [p3].[RowVersion], [p3].[Url]
    FROM [PropertyImages] AS [p3]
    WHERE [p3].[IsDeleted] = CAST(0 AS bit)
) AS [p4] ON [p1].[Id] = [p4].[PropertyId]
ORDER BY [p1].[IsFeatured] DESC, [p1].[CreatedAt] DESC, [p1].[Id], [p2].[Id], [a0].[Id], [t0].[Id]
[2026-05-22 18:16:31.010 +07:00 INF] Handled GetPropertiesListQuery in 56ms
[2026-05-22 18:16:31.013 +07:00 INF] Handled GetPropertiesListQuery in 57ms
[2026-05-22 18:16:31.014 +07:00 INF] Executing OkObjectResult, writing value of type 'VietPropEstate.Application.Common.Models.PaginatedList`1[[VietPropEstate.Application.Features.Properties.DTOs.PropertyDto, VietPropEstate.Application, Version=1.0.0.0, Culture=neutral, PublicKeyToken=null]]'.
[2026-05-22 18:16:31.015 +07:00 INF] Executing OkObjectResult, writing value of type 'VietPropEstate.Application.Common.Models.PaginatedList`1[[VietPropEstate.Application.Features.Properties.DTOs.PropertyDto, VietPropEstate.Application, Version=1.0.0.0, Culture=neutral, PublicKeyToken=null]]'.
[2026-05-22 18:16:31.017 +07:00 INF] Executed action VietPropEstate.WebAPI.Controllers.PropertiesController.GetList (VietPropEstate.WebAPI) in 64.8854ms
[2026-05-22 18:16:31.018 +07:00 INF] Executed action VietPropEstate.WebAPI.Controllers.PropertiesController.GetList (VietPropEstate.WebAPI) in 63.8451ms
[2026-05-22 18:16:31.020 +07:00 INF] Executed endpoint 'VietPropEstate.WebAPI.Controllers.PropertiesController.GetList (VietPropEstate.WebAPI)'
[2026-05-22 18:16:31.021 +07:00 INF] Executed endpoint 'VietPropEstate.WebAPI.Controllers.PropertiesController.GetList (VietPropEstate.WebAPI)'
[2026-05-22 18:16:31.022 +07:00 INF] HTTP GET /api/properties responded 200 in 75.3477 ms
[2026-05-22 18:16:31.023 +07:00 INF] HTTP GET /api/properties responded 200 in 75.8770 ms
[2026-05-22 18:16:31.026 +07:00 INF] Request finished HTTP/1.1 GET http://localhost:5198/api/properties?pageNumber=1&pageSize=6&status=1&sortBy=CreatedAt&sortOrder=Desc - 200 null application/json; charset=utf-8 85.4478ms
[2026-05-22 18:16:31.027 +07:00 INF] Request finished HTTP/1.1 GET http://localhost:5198/api/properties?pageNumber=1&pageSize=3&isFeatured=True&status=1&sortBy=CreatedAt&sortOrder=Desc - 200 null application/json; charset=utf-8 87.1851ms
[2026-05-22 18:16:31.570 +07:00 INF] Request starting HTTP/1.1 GET http://localhost:5198/api/properties?pageNumber=1&pageSize=12&listingType=1&status=1&sortBy=CreatedAt&sortOrder=Desc - null null
[2026-05-22 18:16:31.573 +07:00 INF] CORS policy execution successful.
[2026-05-22 18:16:31.575 +07:00 INF] Executing endpoint 'VietPropEstate.WebAPI.Controllers.PropertiesController.GetList (VietPropEstate.WebAPI)'
[2026-05-22 18:16:31.576 +07:00 INF] Route matched with {action = "GetList", controller = "Properties"}. Executing controller action with signature System.Threading.Tasks.Task`1[Microsoft.AspNetCore.Mvc.IActionResult] GetList(Int32, Int32, System.String, System.Nullable`1[System.Guid], System.Nullable`1[System.Guid], System.Nullable`1[VietPropEstate.Domain.Enums.ListingType], System.Nullable`1[VietPropEstate.Domain.Enums.PropertyStatus], System.Nullable`1[System.Int32], System.Nullable`1[System.Int32], System.String, System.Nullable`1[System.Decimal], System.Nullable`1[System.Decimal], System.Nullable`1[System.Decimal], System.Nullable`1[System.Decimal], System.Nullable`1[System.Int32], System.Nullable`1[System.Int32], System.Nullable`1[System.Int32], System.Nullable`1[VietPropEstate.Domain.Enums.PropertyDirection], System.Nullable`1[System.Boolean], System.String, System.String, System.Threading.CancellationToken) on controller VietPropEstate.WebAPI.Controllers.PropertiesController (VietPropEstate.WebAPI).
[2026-05-22 18:16:31.580 +07:00 INF] Handling GetPropertiesListQuery {"PageNumber":1,"PageSize":12,"SearchTerm":null,"PropertyTypeId":null,"TransactionTypeId":null,"ListingType":"ForSale","Status":"Active","ProvinceCode":null,"WardCode":null,"ProvinceName":null,"MinPrice":null,"MaxPrice":null,"MinArea":null,"MaxArea":null,"MinBedrooms":null,"MaxBedrooms":null,"Bathrooms":null,"Direction":null,"IsFeatured":null,"AllStatuses":false,"SortBy":"CreatedAt","SortOrder":"Desc","$type":"GetPropertiesListQuery"}
[2026-05-22 18:16:31.605 +07:00 INF] Executed DbCommand (3ms) [Parameters=[@__listingType_Value_0='?' (DbType = Int32), @__status_Value_1='?' (DbType = Int32)], CommandType='"Text"', CommandTimeout='60']
SELECT COUNT(*)
FROM [Properties] AS [p]
WHERE [p].[IsDeleted] = CAST(0 AS bit) AND [p].[ListingType] = @__listingType_Value_0 AND [p].[Status] = @__status_Value_1
[2026-05-22 18:16:31.705 +07:00 INF] Executed DbCommand (14ms) [Parameters=[@__listingType_Value_0='?' (DbType = Int32), @__status_Value_1='?' (DbType = Int32), @__p_2='?' (DbType = Int32), @__p_3='?' (DbType = Int32)], CommandType='"Text"', CommandTimeout='60']
SELECT [p1].[Id], [p1].[AgentId], [p1].[Area], [p1].[CreatedAt], [p1].[CreatedBy], [p1].[DeletedAt], [p1].[DeletedBy], [p1].[Description], [p1].[Direction], [p1].[ExpiresAt], [p1].[FullAddress], [p1].[IsDeleted], [p1].[IsFeatured], [p1].[LastModifiedAt], [p1].[LastModifiedBy], [p1].[Latitude], [p1].[ListingType], [p1].[Longitude], [p1].[NumberOfBathrooms], [p1].[NumberOfBedrooms], [p1].[NumberOfFloors], [p1].[PropertyTypeId], [p1].[ProvinceCode], [p1].[ProvinceName], [p1].[PublishedAt], [p1].[RowVersion], [p1].[Slug], [p1].[Status], [p1].[Title], [p1].[TransactionTypeId], [p1].[VideoUrl], [p1].[ViewCount], [p1].[WardCode], [p1].[WardName], [p1].[AddressCountry], [p1].[AddressDistrict], [p1].[AddressLatitude], [p1].[AddressLongitude], [p1].[AddressProvince], [p1].[Street], [p1].[AddressWard], [p1].[PriceAmount], [p1].[PriceCurrency], [p2].[Id], [p2].[CreatedAt], [p2].[CreatedBy], [p2].[DeletedAt], [p2].[DeletedBy], [p2].[Description], [p2].[IsActive], [p2].[IsDeleted], [p2].[LastModifiedAt], [p2].[LastModifiedBy], [p2].[Name], [p2].[RowVersion], [a0].[Id], [a0].[AgencyName], [a0].[AvatarUrl], [a0].[Bio], [a0].[CreatedAt], [a0].[CreatedBy], [a0].[DeletedAt], [a0].[DeletedBy], [a0].[Email], [a0].[FullName], [a0].[IsActive], [a0].[IsDeleted], [a0].[LastModifiedAt], [a0].[LastModifiedBy], [a0].[LicenseNumber], [a0].[PhoneNumber], [a0].[RowVersion], [a0].[UserId], [t0].[Id], [t0].[CreatedAt], [t0].[CreatedBy], [t0].[DeletedAt], [t0].[DeletedBy], [t0].[Description], [t0].[IsActive], [t0].[IsDeleted], [t0].[LastModifiedAt], [t0].[LastModifiedBy], [t0].[Name], [t0].[RowVersion], [p4].[Id], [p4].[Caption], [p4].[CreatedAt], [p4].[CreatedBy], [p4].[DeletedAt], [p4].[DeletedBy], [p4].[DisplayOrder], [p4].[IsDeleted], [p4].[IsPrimary], [p4].[LastModifiedAt], [p4].[LastModifiedBy], [p4].[PropertyId], [p4].[RowVersion], [p4].[Url]
FROM (
    SELECT [p].[Id], [p].[AgentId], [p].[Area], [p].[CreatedAt], [p].[CreatedBy], [p].[DeletedAt], [p].[DeletedBy], [p].[Description], [p].[Direction], [p].[ExpiresAt], [p].[FullAddress], [p].[IsDeleted], [p].[IsFeatured], [p].[LastModifiedAt], [p].[LastModifiedBy], [p].[Latitude], [p].[ListingType], [p].[Longitude], [p].[NumberOfBathrooms], [p].[NumberOfBedrooms], [p].[NumberOfFloors], [p].[PropertyTypeId], [p].[ProvinceCode], [p].[ProvinceName], [p].[PublishedAt], [p].[RowVersion], [p].[Slug], [p].[Status], [p].[Title], [p].[TransactionTypeId], [p].[VideoUrl], [p].[ViewCount], [p].[WardCode], [p].[WardName], [p].[AddressCountry], [p].[AddressDistrict], [p].[AddressLatitude], [p].[AddressLongitude], [p].[AddressProvince], [p].[Street], [p].[AddressWard], [p].[PriceAmount], [p].[PriceCurrency]
    FROM [Properties] AS [p]
    WHERE [p].[IsDeleted] = CAST(0 AS bit) AND [p].[ListingType] = @__listingType_Value_0 AND [p].[Status] = @__status_Value_1
    ORDER BY [p].[IsFeatured] DESC, [p].[CreatedAt] DESC
    OFFSET @__p_2 ROWS FETCH NEXT @__p_3 ROWS ONLY
) AS [p1]
INNER JOIN (
    SELECT [p0].[Id], [p0].[CreatedAt], [p0].[CreatedBy], [p0].[DeletedAt], [p0].[DeletedBy], [p0].[Description], [p0].[IsActive], [p0].[IsDeleted], [p0].[LastModifiedAt], [p0].[LastModifiedBy], [p0].[Name], [p0].[RowVersion]
    FROM [PropertyTypes] AS [p0]
    WHERE [p0].[IsDeleted] = CAST(0 AS bit)
) AS [p2] ON [p1].[PropertyTypeId] = [p2].[Id]
INNER JOIN (
    SELECT [a].[Id], [a].[AgencyName], [a].[AvatarUrl], [a].[Bio], [a].[CreatedAt], [a].[CreatedBy], [a].[DeletedAt], [a].[DeletedBy], [a].[Email], [a].[FullName], [a].[IsActive], [a].[IsDeleted], [a].[LastModifiedAt], [a].[LastModifiedBy], [a].[LicenseNumber], [a].[PhoneNumber], [a].[RowVersion], [a].[UserId]
    FROM [Agents] AS [a]
    WHERE [a].[IsDeleted] = CAST(0 AS bit)
) AS [a0] ON [p1].[AgentId] = [a0].[Id]
LEFT JOIN (
    SELECT [t].[Id], [t].[CreatedAt], [t].[CreatedBy], [t].[DeletedAt], [t].[DeletedBy], [t].[Description], [t].[IsActive], [t].[IsDeleted], [t].[LastModifiedAt], [t].[LastModifiedBy], [t].[Name], [t].[RowVersion]
    FROM [TransactionTypes] AS [t]
    WHERE [t].[IsDeleted] = CAST(0 AS bit)
) AS [t0] ON [p1].[TransactionTypeId] = [t0].[Id]
LEFT JOIN (
    SELECT [p3].[Id], [p3].[Caption], [p3].[CreatedAt], [p3].[CreatedBy], [p3].[DeletedAt], [p3].[DeletedBy], [p3].[DisplayOrder], [p3].[IsDeleted], [p3].[IsPrimary], [p3].[LastModifiedAt], [p3].[LastModifiedBy], [p3].[PropertyId], [p3].[RowVersion], [p3].[Url]
    FROM [PropertyImages] AS [p3]
    WHERE [p3].[IsDeleted] = CAST(0 AS bit)
) AS [p4] ON [p1].[Id] = [p4].[PropertyId]
ORDER BY [p1].[IsFeatured] DESC, [p1].[CreatedAt] DESC, [p1].[Id], [p2].[Id], [a0].[Id], [t0].[Id]
[2026-05-22 18:16:31.714 +07:00 INF] Handled GetPropertiesListQuery in 133ms
[2026-05-22 18:16:31.716 +07:00 INF] Executing OkObjectResult, writing value of type 'VietPropEstate.Application.Common.Models.PaginatedList`1[[VietPropEstate.Application.Features.Properties.DTOs.PropertyDto, VietPropEstate.Application, Version=1.0.0.0, Culture=neutral, PublicKeyToken=null]]'.
[2026-05-22 18:16:31.719 +07:00 INF] Executed action VietPropEstate.WebAPI.Controllers.PropertiesController.GetList (VietPropEstate.WebAPI) in 140.1535ms
[2026-05-22 18:16:31.720 +07:00 INF] Executed endpoint 'VietPropEstate.WebAPI.Controllers.PropertiesController.GetList (VietPropEstate.WebAPI)'
[2026-05-22 18:16:31.722 +07:00 INF] HTTP GET /api/properties responded 200 in 147.3483 ms
[2026-05-22 18:16:31.724 +07:00 INF] Request finished HTTP/1.1 GET http://localhost:5198/api/properties?pageNumber=1&pageSize=12&listingType=1&status=1&sortBy=CreatedAt&sortOrder=Desc - 200 null application/json; charset=utf-8 153.6645ms
[2026-05-22 18:16:32.127 +07:00 INF] Request starting HTTP/1.1 GET http://localhost:5198/api/properties?pageNumber=1&pageSize=12&listingType=2&status=1&sortBy=CreatedAt&sortOrder=Desc - null null
[2026-05-22 18:16:32.130 +07:00 INF] CORS policy execution successful.
[2026-05-22 18:16:32.131 +07:00 INF] Executing endpoint 'VietPropEstate.WebAPI.Controllers.PropertiesController.GetList (VietPropEstate.WebAPI)'
[2026-05-22 18:16:32.132 +07:00 INF] Route matched with {action = "GetList", controller = "Properties"}. Executing controller action with signature System.Threading.Tasks.Task`1[Microsoft.AspNetCore.Mvc.IActionResult] GetList(Int32, Int32, System.String, System.Nullable`1[System.Guid], System.Nullable`1[System.Guid], System.Nullable`1[VietPropEstate.Domain.Enums.ListingType], System.Nullable`1[VietPropEstate.Domain.Enums.PropertyStatus], System.Nullable`1[System.Int32], System.Nullable`1[System.Int32], System.String, System.Nullable`1[System.Decimal], System.Nullable`1[System.Decimal], System.Nullable`1[System.Decimal], System.Nullable`1[System.Decimal], System.Nullable`1[System.Int32], System.Nullable`1[System.Int32], System.Nullable`1[System.Int32], System.Nullable`1[VietPropEstate.Domain.Enums.PropertyDirection], System.Nullable`1[System.Boolean], System.String, System.String, System.Threading.CancellationToken) on controller VietPropEstate.WebAPI.Controllers.PropertiesController (VietPropEstate.WebAPI).
[2026-05-22 18:16:32.136 +07:00 INF] Handling GetPropertiesListQuery {"PageNumber":1,"PageSize":12,"SearchTerm":null,"PropertyTypeId":null,"TransactionTypeId":null,"ListingType":"ForRent","Status":"Active","ProvinceCode":null,"WardCode":null,"ProvinceName":null,"MinPrice":null,"MaxPrice":null,"MinArea":null,"MaxArea":null,"MinBedrooms":null,"MaxBedrooms":null,"Bathrooms":null,"Direction":null,"IsFeatured":null,"AllStatuses":false,"SortBy":"CreatedAt","SortOrder":"Desc","$type":"GetPropertiesListQuery"}
[2026-05-22 18:16:32.157 +07:00 INF] Executed DbCommand (3ms) [Parameters=[@__listingType_Value_0='?' (DbType = Int32), @__status_Value_1='?' (DbType = Int32)], CommandType='"Text"', CommandTimeout='60']
SELECT COUNT(*)
FROM [Properties] AS [p]
WHERE [p].[IsDeleted] = CAST(0 AS bit) AND [p].[ListingType] = @__listingType_Value_0 AND [p].[Status] = @__status_Value_1
[2026-05-22 18:16:32.181 +07:00 INF] Executed DbCommand (21ms) [Parameters=[@__listingType_Value_0='?' (DbType = Int32), @__status_Value_1='?' (DbType = Int32), @__p_2='?' (DbType = Int32), @__p_3='?' (DbType = Int32)], CommandType='"Text"', CommandTimeout='60']
SELECT [p1].[Id], [p1].[AgentId], [p1].[Area], [p1].[CreatedAt], [p1].[CreatedBy], [p1].[DeletedAt], [p1].[DeletedBy], [p1].[Description], [p1].[Direction], [p1].[ExpiresAt], [p1].[FullAddress], [p1].[IsDeleted], [p1].[IsFeatured], [p1].[LastModifiedAt], [p1].[LastModifiedBy], [p1].[Latitude], [p1].[ListingType], [p1].[Longitude], [p1].[NumberOfBathrooms], [p1].[NumberOfBedrooms], [p1].[NumberOfFloors], [p1].[PropertyTypeId], [p1].[ProvinceCode], [p1].[ProvinceName], [p1].[PublishedAt], [p1].[RowVersion], [p1].[Slug], [p1].[Status], [p1].[Title], [p1].[TransactionTypeId], [p1].[VideoUrl], [p1].[ViewCount], [p1].[WardCode], [p1].[WardName], [p1].[AddressCountry], [p1].[AddressDistrict], [p1].[AddressLatitude], [p1].[AddressLongitude], [p1].[AddressProvince], [p1].[Street], [p1].[AddressWard], [p1].[PriceAmount], [p1].[PriceCurrency], [p2].[Id], [p2].[CreatedAt], [p2].[CreatedBy], [p2].[DeletedAt], [p2].[DeletedBy], [p2].[Description], [p2].[IsActive], [p2].[IsDeleted], [p2].[LastModifiedAt], [p2].[LastModifiedBy], [p2].[Name], [p2].[RowVersion], [a0].[Id], [a0].[AgencyName], [a0].[AvatarUrl], [a0].[Bio], [a0].[CreatedAt], [a0].[CreatedBy], [a0].[DeletedAt], [a0].[DeletedBy], [a0].[Email], [a0].[FullName], [a0].[IsActive], [a0].[IsDeleted], [a0].[LastModifiedAt], [a0].[LastModifiedBy], [a0].[LicenseNumber], [a0].[PhoneNumber], [a0].[RowVersion], [a0].[UserId], [t0].[Id], [t0].[CreatedAt], [t0].[CreatedBy], [t0].[DeletedAt], [t0].[DeletedBy], [t0].[Description], [t0].[IsActive], [t0].[IsDeleted], [t0].[LastModifiedAt], [t0].[LastModifiedBy], [t0].[Name], [t0].[RowVersion], [p4].[Id], [p4].[Caption], [p4].[CreatedAt], [p4].[CreatedBy], [p4].[DeletedAt], [p4].[DeletedBy], [p4].[DisplayOrder], [p4].[IsDeleted], [p4].[IsPrimary], [p4].[LastModifiedAt], [p4].[LastModifiedBy], [p4].[PropertyId], [p4].[RowVersion], [p4].[Url]
FROM (
    SELECT [p].[Id], [p].[AgentId], [p].[Area], [p].[CreatedAt], [p].[CreatedBy], [p].[DeletedAt], [p].[DeletedBy], [p].[Description], [p].[Direction], [p].[ExpiresAt], [p].[FullAddress], [p].[IsDeleted], [p].[IsFeatured], [p].[LastModifiedAt], [p].[LastModifiedBy], [p].[Latitude], [p].[ListingType], [p].[Longitude], [p].[NumberOfBathrooms], [p].[NumberOfBedrooms], [p].[NumberOfFloors], [p].[PropertyTypeId], [p].[ProvinceCode], [p].[ProvinceName], [p].[PublishedAt], [p].[RowVersion], [p].[Slug], [p].[Status], [p].[Title], [p].[TransactionTypeId], [p].[VideoUrl], [p].[ViewCount], [p].[WardCode], [p].[WardName], [p].[AddressCountry], [p].[AddressDistrict], [p].[AddressLatitude], [p].[AddressLongitude], [p].[AddressProvince], [p].[Street], [p].[AddressWard], [p].[PriceAmount], [p].[PriceCurrency]
    FROM [Properties] AS [p]
    WHERE [p].[IsDeleted] = CAST(0 AS bit) AND [p].[ListingType] = @__listingType_Value_0 AND [p].[Status] = @__status_Value_1
    ORDER BY [p].[IsFeatured] DESC, [p].[CreatedAt] DESC
    OFFSET @__p_2 ROWS FETCH NEXT @__p_3 ROWS ONLY
) AS [p1]
INNER JOIN (
    SELECT [p0].[Id], [p0].[CreatedAt], [p0].[CreatedBy], [p0].[DeletedAt], [p0].[DeletedBy], [p0].[Description], [p0].[IsActive], [p0].[IsDeleted], [p0].[LastModifiedAt], [p0].[LastModifiedBy], [p0].[Name], [p0].[RowVersion]
    FROM [PropertyTypes] AS [p0]
    WHERE [p0].[IsDeleted] = CAST(0 AS bit)
) AS [p2] ON [p1].[PropertyTypeId] = [p2].[Id]
INNER JOIN (
    SELECT [a].[Id], [a].[AgencyName], [a].[AvatarUrl], [a].[Bio], [a].[CreatedAt], [a].[CreatedBy], [a].[DeletedAt], [a].[DeletedBy], [a].[Email], [a].[FullName], [a].[IsActive], [a].[IsDeleted], [a].[LastModifiedAt], [a].[LastModifiedBy], [a].[LicenseNumber], [a].[PhoneNumber], [a].[RowVersion], [a].[UserId]
    FROM [Agents] AS [a]
    WHERE [a].[IsDeleted] = CAST(0 AS bit)
) AS [a0] ON [p1].[AgentId] = [a0].[Id]
LEFT JOIN (
    SELECT [t].[Id], [t].[CreatedAt], [t].[CreatedBy], [t].[DeletedAt], [t].[DeletedBy], [t].[Description], [t].[IsActive], [t].[IsDeleted], [t].[LastModifiedAt], [t].[LastModifiedBy], [t].[Name], [t].[RowVersion]
    FROM [TransactionTypes] AS [t]
    WHERE [t].[IsDeleted] = CAST(0 AS bit)
) AS [t0] ON [p1].[TransactionTypeId] = [t0].[Id]
LEFT JOIN (
    SELECT [p3].[Id], [p3].[Caption], [p3].[CreatedAt], [p3].[CreatedBy], [p3].[DeletedAt], [p3].[DeletedBy], [p3].[DisplayOrder], [p3].[IsDeleted], [p3].[IsPrimary], [p3].[LastModifiedAt], [p3].[LastModifiedBy], [p3].[PropertyId], [p3].[RowVersion], [p3].[Url]
    FROM [PropertyImages] AS [p3]
    WHERE [p3].[IsDeleted] = CAST(0 AS bit)
) AS [p4] ON [p1].[Id] = [p4].[PropertyId]
ORDER BY [p1].[IsFeatured] DESC, [p1].[CreatedAt] DESC, [p1].[Id], [p2].[Id], [a0].[Id], [t0].[Id]
[2026-05-22 18:16:32.187 +07:00 INF] Handled GetPropertiesListQuery in 51ms
[2026-05-22 18:16:32.189 +07:00 INF] Executing OkObjectResult, writing value of type 'VietPropEstate.Application.Common.Models.PaginatedList`1[[VietPropEstate.Application.Features.Properties.DTOs.PropertyDto, VietPropEstate.Application, Version=1.0.0.0, Culture=neutral, PublicKeyToken=null]]'.
[2026-05-22 18:16:32.192 +07:00 INF] Executed action VietPropEstate.WebAPI.Controllers.PropertiesController.GetList (VietPropEstate.WebAPI) in 57.2145ms
[2026-05-22 18:16:32.193 +07:00 INF] Executed endpoint 'VietPropEstate.WebAPI.Controllers.PropertiesController.GetList (VietPropEstate.WebAPI)'
[2026-05-22 18:16:32.194 +07:00 INF] HTTP GET /api/properties responded 200 in 63.5209 ms
[2026-05-22 18:16:32.197 +07:00 INF] Request finished HTTP/1.1 GET http://localhost:5198/api/properties?pageNumber=1&pageSize=12&listingType=2&status=1&sortBy=CreatedAt&sortOrder=Desc - 200 null application/json; charset=utf-8 69.9166ms
[2026-05-22 18:16:32.254 +07:00 INF] Request starting HTTP/1.1 GET http://localhost:5198/uploads/properties/1f02cbf4-7a0a-498b-9d5a-ac179bbb390f/e8ffa17345654df29b347f3b0e0889a1.jpg - null null
[2026-05-22 18:16:32.261 +07:00 INF] The file /uploads/properties/1f02cbf4-7a0a-498b-9d5a-ac179bbb390f/e8ffa17345654df29b347f3b0e0889a1.jpg was not modified
[2026-05-22 18:16:32.263 +07:00 INF] Request finished HTTP/1.1 GET http://localhost:5198/uploads/properties/1f02cbf4-7a0a-498b-9d5a-ac179bbb390f/e8ffa17345654df29b347f3b0e0889a1.jpg - 304 null image/jpeg 9.4045ms
[2026-05-22 18:16:37.768 +07:00 INF] Request starting HTTP/1.1 OPTIONS http://localhost:5198/api/auth/login - null null
[2026-05-22 18:16:37.772 +07:00 INF] CORS policy execution successful.
[2026-05-22 18:16:37.775 +07:00 INF] Request finished HTTP/1.1 OPTIONS http://localhost:5198/api/auth/login - 204 null null 6.6564ms
[2026-05-22 18:16:37.780 +07:00 INF] Request starting HTTP/1.1 POST http://localhost:5198/api/auth/login - application/json; charset=utf-8 53
[2026-05-22 18:16:37.784 +07:00 INF] CORS policy execution successful.
[2026-05-22 18:16:37.785 +07:00 INF] Executing endpoint 'VietPropEstate.WebAPI.Controllers.AuthController.Login (VietPropEstate.WebAPI)'
[2026-05-22 18:16:37.791 +07:00 INF] Route matched with {action = "Login", controller = "Auth"}. Executing controller action with signature System.Threading.Tasks.Task`1[Microsoft.AspNetCore.Mvc.IActionResult] Login(VietPropEstate.Application.Features.Auth.Commands.LoginUser.LoginUserCommand, System.Threading.CancellationToken) on controller VietPropEstate.WebAPI.Controllers.AuthController (VietPropEstate.WebAPI).
[2026-05-22 18:16:37.815 +07:00 INF] Handling LoginUserCommand {"Email":"trinhhoa@gmail.com","Password":"Trinhhoa1","IpAddress":"::1","$type":"LoginUserCommand"}
[2026-05-22 18:16:37.829 +07:00 INF] Executed DbCommand (2ms) [Parameters=[@__normalizedEmail_0='?' (Size = 256)], CommandType='"Text"', CommandTimeout='60']
SELECT TOP(2) [a].[Id], [a].[AccessFailedCount], [a].[AvatarUrl], [a].[ConcurrencyStamp], [a].[CreatedAt], [a].[Email], [a].[EmailConfirmed], [a].[FirstName], [a].[IsActive], [a].[LastLoginAt], [a].[LastName], [a].[LockoutEnabled], [a].[LockoutEnd], [a].[NormalizedEmail], [a].[NormalizedUserName], [a].[PasswordHash], [a].[PhoneNumber], [a].[PhoneNumberConfirmed], [a].[SecurityStamp], [a].[TwoFactorEnabled], [a].[UserName]
FROM [AspNetUsers] AS [a]
WHERE [a].[NormalizedEmail] = @__normalizedEmail_0
[2026-05-22 18:16:37.943 +07:00 INF] Executed DbCommand (2ms) [Parameters=[@__normalizedUserName_0='?' (Size = 256)], CommandType='"Text"', CommandTimeout='60']
SELECT TOP(1) [a].[Id], [a].[AccessFailedCount], [a].[AvatarUrl], [a].[ConcurrencyStamp], [a].[CreatedAt], [a].[Email], [a].[EmailConfirmed], [a].[FirstName], [a].[IsActive], [a].[LastLoginAt], [a].[LastName], [a].[LockoutEnabled], [a].[LockoutEnd], [a].[NormalizedEmail], [a].[NormalizedUserName], [a].[PasswordHash], [a].[PhoneNumber], [a].[PhoneNumberConfirmed], [a].[SecurityStamp], [a].[TwoFactorEnabled], [a].[UserName]
FROM [AspNetUsers] AS [a]
WHERE [a].[NormalizedUserName] = @__normalizedUserName_0
[2026-05-22 18:16:37.951 +07:00 INF] Executed DbCommand (0ms) [Parameters=[@__normalizedEmail_0='?' (Size = 256)], CommandType='"Text"', CommandTimeout='60']
SELECT TOP(2) [a].[Id], [a].[AccessFailedCount], [a].[AvatarUrl], [a].[ConcurrencyStamp], [a].[CreatedAt], [a].[Email], [a].[EmailConfirmed], [a].[FirstName], [a].[IsActive], [a].[LastLoginAt], [a].[LastName], [a].[LockoutEnabled], [a].[LockoutEnd], [a].[NormalizedEmail], [a].[NormalizedUserName], [a].[PasswordHash], [a].[PhoneNumber], [a].[PhoneNumberConfirmed], [a].[SecurityStamp], [a].[TwoFactorEnabled], [a].[UserName]
FROM [AspNetUsers] AS [a]
WHERE [a].[NormalizedEmail] = @__normalizedEmail_0
[2026-05-22 18:16:38.030 +07:00 INF] Executed DbCommand (5ms) [Parameters=[@p20='?' (Size = 450), @p0='?' (DbType = Int32), @p1='?' (Size = 4000), @p2='?' (Size = 4000), @p21='?' (Size = 4000), @p3='?' (DbType = DateTime2), @p4='?' (Size = 256), @p5='?' (DbType = Boolean), @p6='?' (Size = 4000), @p7='?' (DbType = Boolean), @p8='?' (DbType = DateTime2), @p9='?' (Size = 4000), @p10='?' (DbType = Boolean), @p11='?' (DbType = DateTimeOffset), @p12='?' (Size = 256), @p13='?' (Size = 256), @p14='?' (Size = 4000), @p15='?' (Size = 4000), @p16='?' (DbType = Boolean), @p17='?' (Size = 4000), @p18='?' (DbType = Boolean), @p19='?' (Size = 256)], CommandType='"Text"', CommandTimeout='60']
SET IMPLICIT_TRANSACTIONS OFF;
SET NOCOUNT ON;
UPDATE [AspNetUsers] SET [AccessFailedCount] = @p0, [AvatarUrl] = @p1, [ConcurrencyStamp] = @p2, [CreatedAt] = @p3, [Email] = @p4, [EmailConfirmed] = @p5, [FirstName] = @p6, [IsActive] = @p7, [LastLoginAt] = @p8, [LastName] = @p9, [LockoutEnabled] = @p10, [LockoutEnd] = @p11, [NormalizedEmail] = @p12, [NormalizedUserName] = @p13, [PasswordHash] = @p14, [PhoneNumber] = @p15, [PhoneNumberConfirmed] = @p16, [SecurityStamp] = @p17, [TwoFactorEnabled] = @p18, [UserName] = @p19
OUTPUT 1
WHERE [Id] = @p20 AND [ConcurrencyStamp] = @p21;
[2026-05-22 18:16:38.057 +07:00 INF] Executed DbCommand (2ms) [Parameters=[@__userId_0='?' (Size = 450)], CommandType='"Text"', CommandTimeout='60']
SELECT [a0].[Name]
FROM [AspNetUserRoles] AS [a]
INNER JOIN [AspNetRoles] AS [a0] ON [a].[RoleId] = [a0].[Id]
WHERE [a].[UserId] = @__userId_0
[2026-05-22 18:16:38.098 +07:00 INF] Executed DbCommand (2ms) [Parameters=[@__userId_0='?' (Size = 450)], CommandType='"Text"', CommandTimeout='60']
SELECT [r].[Id], [r].[CreatedAt], [r].[CreatedByIp], [r].[ExpiresAt], [r].[IsRevoked], [r].[ReplacedByToken], [r].[RevokedAt], [r].[RevokedByIp], [r].[RevokedReason], [r].[Token], [r].[UserId]
FROM [RefreshTokens] AS [r]
WHERE [r].[UserId] = @__userId_0 AND ([r].[IsRevoked] = CAST(1 AS bit) OR [r].[ExpiresAt] < GETUTCDATE())
[2026-05-22 18:16:38.147 +07:00 INF] Executed DbCommand (2ms) [Parameters=[@p0='?' (DbType = Guid), @p1='?' (DbType = DateTime2), @p2='?' (Size = 45), @p3='?' (DbType = DateTime2), @p4='?' (DbType = Boolean), @p5='?' (Size = 500), @p6='?' (DbType = DateTime2), @p7='?' (Size = 45), @p8='?' (Size = 500), @p9='?' (Size = 500), @p10='?' (Size = 450)], CommandType='"Text"', CommandTimeout='60']
SET IMPLICIT_TRANSACTIONS OFF;
SET NOCOUNT ON;
INSERT INTO [RefreshTokens] ([Id], [CreatedAt], [CreatedByIp], [ExpiresAt], [IsRevoked], [ReplacedByToken], [RevokedAt], [RevokedByIp], [RevokedReason], [Token], [UserId])
VALUES (@p0, @p1, @p2, @p3, @p4, @p5, @p6, @p7, @p8, @p9, @p10);
[2026-05-22 18:16:38.151 +07:00 INF] User trinhhoa@gmail.com logged in from ::1.
[2026-05-22 18:16:38.154 +07:00 INF] Executed DbCommand (0ms) [Parameters=[@__userId_0='?' (Size = 450)], CommandType='"Text"', CommandTimeout='60']
SELECT [a0].[Name]
FROM [AspNetUserRoles] AS [a]
INNER JOIN [AspNetRoles] AS [a0] ON [a].[RoleId] = [a0].[Id]
WHERE [a].[UserId] = @__userId_0
[2026-05-22 18:16:38.158 +07:00 INF] Handled LoginUserCommand in 343ms
[2026-05-22 18:16:38.162 +07:00 INF] Executing OkObjectResult, writing value of type 'VietPropEstate.Application.Features.Auth.DTOs.LoginApiResponse'.
[2026-05-22 18:16:38.168 +07:00 INF] Executed action VietPropEstate.WebAPI.Controllers.AuthController.Login (VietPropEstate.WebAPI) in 374.0561ms
[2026-05-22 18:16:38.169 +07:00 INF] Executed endpoint 'VietPropEstate.WebAPI.Controllers.AuthController.Login (VietPropEstate.WebAPI)'
[2026-05-22 18:16:38.170 +07:00 INF] HTTP POST /api/auth/login responded 200 in 385.2219 ms
[2026-05-22 18:16:38.173 +07:00 INF] Request finished HTTP/1.1 POST http://localhost:5198/api/auth/login - 200 null application/json; charset=utf-8 393.0157ms
[2026-05-22 18:16:38.236 +07:00 INF] Request starting HTTP/1.1 OPTIONS http://localhost:5198/api/conversations/unread - null null
[2026-05-22 18:16:38.239 +07:00 INF] CORS policy execution successful.
[2026-05-22 18:16:38.240 +07:00 INF] Request finished HTTP/1.1 OPTIONS http://localhost:5198/api/conversations/unread - 204 null null 4.2537ms
[2026-05-22 18:16:38.243 +07:00 INF] Request starting HTTP/1.1 GET http://localhost:5198/api/conversations/unread - null null
[2026-05-22 18:16:38.246 +07:00 INF] CORS policy execution successful.
[2026-05-22 18:16:38.261 +07:00 INF] Request starting HTTP/1.1 OPTIONS http://localhost:5198/api/notifications?pageNumber=1&pageSize=20&unreadOnly=false - null null
[2026-05-22 18:16:38.263 +07:00 INF] CORS policy execution successful.
[2026-05-22 18:16:38.264 +07:00 INF] Request finished HTTP/1.1 OPTIONS http://localhost:5198/api/notifications?pageNumber=1&pageSize=20&unreadOnly=false - 204 null null 3.6151ms
[2026-05-22 18:16:38.268 +07:00 INF] Request starting HTTP/1.1 OPTIONS http://localhost:5198/api/dashboard/stats - null null
[2026-05-22 18:16:38.268 +07:00 INF] Request starting HTTP/1.1 GET http://localhost:5198/api/notifications?pageNumber=1&pageSize=20&unreadOnly=false - null null
[2026-05-22 18:16:38.270 +07:00 INF] Request starting HTTP/1.1 OPTIONS http://localhost:5198/api/properties/my-listings?pageNumber=1&pageSize=10 - null null
[2026-05-22 18:16:38.270 +07:00 INF] CORS policy execution successful.
[2026-05-22 18:16:38.273 +07:00 INF] CORS policy execution successful.
[2026-05-22 18:16:38.275 +07:00 INF] CORS policy execution successful.
[2026-05-22 18:16:38.276 +07:00 INF] Request finished HTTP/1.1 OPTIONS http://localhost:5198/api/dashboard/stats - 204 null null 8.4731ms
[2026-05-22 18:16:38.278 +07:00 INF] Request finished HTTP/1.1 OPTIONS http://localhost:5198/api/properties/my-listings?pageNumber=1&pageSize=10 - 204 null null 8.1604ms
[2026-05-22 18:16:38.281 +07:00 INF] Request starting HTTP/1.1 GET http://localhost:5198/api/dashboard/stats - null null
[2026-05-22 18:16:38.285 +07:00 INF] Request starting HTTP/1.1 GET http://localhost:5198/api/properties/my-listings?pageNumber=1&pageSize=10 - null null
[2026-05-22 18:16:38.286 +07:00 INF] Executing endpoint 'VietPropEstate.WebAPI.Controllers.NotificationsController.GetNotifications (VietPropEstate.WebAPI)'
[2026-05-22 18:16:38.286 +07:00 INF] Executing endpoint 'VietPropEstate.WebAPI.Controllers.ConversationsController.GetUnreadCounts (VietPropEstate.WebAPI)'
[2026-05-22 18:16:38.288 +07:00 INF] CORS policy execution successful.
[2026-05-22 18:16:38.292 +07:00 INF] CORS policy execution successful.
[2026-05-22 18:16:38.296 +07:00 INF] Route matched with {action = "GetUnreadCounts", controller = "Conversations"}. Executing controller action with signature System.Threading.Tasks.Task`1[Microsoft.AspNetCore.Mvc.IActionResult] GetUnreadCounts(System.Threading.CancellationToken) on controller VietPropEstate.WebAPI.Controllers.ConversationsController (VietPropEstate.WebAPI).
[2026-05-22 18:16:38.296 +07:00 INF] Route matched with {action = "GetNotifications", controller = "Notifications"}. Executing controller action with signature System.Threading.Tasks.Task`1[Microsoft.AspNetCore.Mvc.IActionResult] GetNotifications(Int32, Int32, Boolean, System.Threading.CancellationToken) on controller VietPropEstate.WebAPI.Controllers.NotificationsController (VietPropEstate.WebAPI).
[2026-05-22 18:16:38.297 +07:00 INF] Executing endpoint 'VietPropEstate.WebAPI.Controllers.DashboardController.GetStats (VietPropEstate.WebAPI)'
[2026-05-22 18:16:38.297 +07:00 INF] Executing endpoint 'VietPropEstate.WebAPI.Controllers.PropertiesController.GetMyListings (VietPropEstate.WebAPI)'
[2026-05-22 18:16:38.300 +07:00 INF] Handling GetUnreadCountQuery {"UserId":"b0d7f7d4-26e4-447e-8c5b-8702835f658c","$type":"GetUnreadCountQuery"}
[2026-05-22 18:16:38.302 +07:00 INF] Handling GetUserNotificationsQuery {"UserId":"b0d7f7d4-26e4-447e-8c5b-8702835f658c","PageNumber":1,"PageSize":20,"UnreadOnly":false,"$type":"GetUserNotificationsQuery"}
[2026-05-22 18:16:38.305 +07:00 INF] Route matched with {action = "GetStats", controller = "Dashboard"}. Executing controller action with signature System.Threading.Tasks.Task`1[Microsoft.AspNetCore.Mvc.IActionResult] GetStats(System.Threading.CancellationToken) on controller VietPropEstate.WebAPI.Controllers.DashboardController (VietPropEstate.WebAPI).
[2026-05-22 18:16:38.306 +07:00 INF] Route matched with {action = "GetMyListings", controller = "Properties"}. Executing controller action with signature System.Threading.Tasks.Task`1[Microsoft.AspNetCore.Mvc.IActionResult] GetMyListings(Int32, Int32, System.Nullable`1[VietPropEstate.Domain.Enums.PropertyStatus], System.Threading.CancellationToken) on controller VietPropEstate.WebAPI.Controllers.PropertiesController (VietPropEstate.WebAPI).
[2026-05-22 18:16:38.316 +07:00 INF] Handling GetMyPropertiesQuery {"PageNumber":1,"PageSize":10,"Status":null,"$type":"GetMyPropertiesQuery"}
[2026-05-22 18:16:38.321 +07:00 INF] Executed DbCommand (3ms) [Parameters=[@__request_UserId_0='?' (Size = 450)], CommandType='"Text"', CommandTimeout='60']
SELECT COUNT(*)
FROM [Notifications] AS [n]
WHERE [n].[IsDeleted] = CAST(0 AS bit) AND [n].[UserId] = @__request_UserId_0 AND [n].[IsDeleted] = CAST(0 AS bit)
[2026-05-22 18:16:38.324 +07:00 INF] Executed DbCommand (4ms) [Parameters=[@__request_UserId_0='?' (Size = 450)], CommandType='"Text"', CommandTimeout='60']
SELECT COALESCE(SUM(CASE
    WHEN [c].[BuyerId] = @__request_UserId_0 THEN [c].[BuyerUnreadCount]
    ELSE [c].[SellerUnreadCount]
END), 0)
FROM [Conversations] AS [c]
WHERE [c].[IsDeleted] = CAST(0 AS bit) AND ([c].[BuyerId] = @__request_UserId_0 OR [c].[SellerId] = @__request_UserId_0) AND [c].[IsDeleted] = CAST(0 AS bit)
[2026-05-22 18:16:38.333 +07:00 INF] Executed DbCommand (3ms) [Parameters=[@__request_UserId_0='?' (Size = 450)], CommandType='"Text"', CommandTimeout='60']
SELECT COUNT(*)
FROM [Notifications] AS [n]
WHERE [n].[IsDeleted] = CAST(0 AS bit) AND [n].[UserId] = @__request_UserId_0 AND [n].[IsRead] = CAST(0 AS bit) AND [n].[IsDeleted] = CAST(0 AS bit)
[2026-05-22 18:16:38.335 +07:00 INF] Executed DbCommand (4ms) [Parameters=[@__userId_0='?' (Size = 450)], CommandType='"Text"', CommandTimeout='60']
SELECT TOP(1) [a].[Id], [a].[AgencyName], [a].[AvatarUrl], [a].[Bio], [a].[CreatedAt], [a].[CreatedBy], [a].[DeletedAt], [a].[DeletedBy], [a].[Email], [a].[FullName], [a].[IsActive], [a].[IsDeleted], [a].[LastModifiedAt], [a].[LastModifiedBy], [a].[LicenseNumber], [a].[PhoneNumber], [a].[RowVersion], [a].[UserId]
FROM [Agents] AS [a]
WHERE [a].[IsDeleted] = CAST(0 AS bit) AND [a].[UserId] = @__userId_0 AND [a].[IsDeleted] = CAST(0 AS bit)
[2026-05-22 18:16:38.335 +07:00 INF] Handled GetUnreadCountQuery in 35ms
[2026-05-22 18:16:38.338 +07:00 INF] Executed DbCommand (3ms) [Parameters=[@__request_UserId_0='?' (Size = 450), @__p_1='?' (DbType = Int32), @__p_2='?' (DbType = Int32)], CommandType='"Text"', CommandTimeout='60']
SELECT [n].[Id], [n].[UserId], [n].[Title], [n].[Content], [n].[Type], [n].[IsRead], [n].[ReadAt], [n].[ReferenceId], [n].[ActionUrl], [n].[CreatedAt]
FROM [Notifications] AS [n]
WHERE [n].[IsDeleted] = CAST(0 AS bit) AND [n].[UserId] = @__request_UserId_0 AND [n].[IsDeleted] = CAST(0 AS bit)
ORDER BY [n].[CreatedAt] DESC
OFFSET @__p_1 ROWS FETCH NEXT @__p_2 ROWS ONLY
[2026-05-22 18:16:38.339 +07:00 INF] Executing OkObjectResult, writing value of type 'VietPropEstate.Application.Features.Chat.Queries.GetUnreadCount.UnreadCountResult'.
[2026-05-22 18:16:38.342 +07:00 INF] Handled GetUserNotificationsQuery in 40ms
[2026-05-22 18:16:38.344 +07:00 INF] Executing OkObjectResult, writing value of type 'VietPropEstate.Application.Common.Models.PaginatedList`1[[VietPropEstate.Application.Features.Notifications.DTOs.NotificationDto, VietPropEstate.Application, Version=1.0.0.0, Culture=neutral, PublicKeyToken=null]]'.
[2026-05-22 18:16:38.344 +07:00 INF] Executed action VietPropEstate.WebAPI.Controllers.ConversationsController.GetUnreadCounts (VietPropEstate.WebAPI) in 46.6226ms
[2026-05-22 18:16:38.345 +07:00 INF] Executed DbCommand (3ms) [Parameters=[@___currentUser_UserId_0='?' (Size = 450)], CommandType='"Text"', CommandTimeout='60']
SELECT TOP(1) [a].[Id], [a].[AgencyName], [a].[AvatarUrl], [a].[Bio], [a].[CreatedAt], [a].[CreatedBy], [a].[DeletedAt], [a].[DeletedBy], [a].[Email], [a].[FullName], [a].[IsActive], [a].[IsDeleted], [a].[LastModifiedAt], [a].[LastModifiedBy], [a].[LicenseNumber], [a].[PhoneNumber], [a].[RowVersion], [a].[UserId]
FROM [Agents] AS [a]
WHERE [a].[IsDeleted] = CAST(0 AS bit) AND [a].[UserId] = @___currentUser_UserId_0 AND [a].[IsActive] = CAST(1 AS bit) AND [a].[IsDeleted] = CAST(0 AS bit)
[2026-05-22 18:16:38.347 +07:00 INF] Executed endpoint 'VietPropEstate.WebAPI.Controllers.ConversationsController.GetUnreadCounts (VietPropEstate.WebAPI)'
[2026-05-22 18:16:38.348 +07:00 INF] Executed DbCommand (3ms) [Parameters=[@__agent_Id_0='?' (DbType = Guid)], CommandType='"Text"', CommandTimeout='60']
SELECT [p].[Status], [p].[ViewCount]
FROM [Properties] AS [p]
WHERE [p].[IsDeleted] = CAST(0 AS bit) AND [p].[AgentId] = @__agent_Id_0
[2026-05-22 18:16:38.351 +07:00 INF] HTTP GET /api/conversations/unread responded 200 in 104.1020 ms
[2026-05-22 18:16:38.355 +07:00 INF] Executed action VietPropEstate.WebAPI.Controllers.NotificationsController.GetNotifications (VietPropEstate.WebAPI) in 55.263ms
[2026-05-22 18:16:38.356 +07:00 INF] Request finished HTTP/1.1 GET http://localhost:5198/api/conversations/unread - 200 null application/json; charset=utf-8 112.8631ms
[2026-05-22 18:16:38.357 +07:00 INF] Executed endpoint 'VietPropEstate.WebAPI.Controllers.NotificationsController.GetNotifications (VietPropEstate.WebAPI)'
[2026-05-22 18:16:38.359 +07:00 INF] Executed DbCommand (2ms) [Parameters=[@__agentId_0='?' (DbType = Guid)], CommandType='"Text"', CommandTimeout='60']
SELECT COUNT(*)
FROM [Properties] AS [p]
WHERE [p].[IsDeleted] = CAST(0 AS bit) AND [p].[AgentId] = @__agentId_0
[2026-05-22 18:16:38.360 +07:00 INF] Executed DbCommand (2ms) [Parameters=[@__userId_0='?' (Size = 450)], CommandType='"Text"', CommandTimeout='60']
SELECT COUNT(*)
FROM [Favorites] AS [f]
WHERE [f].[IsDeleted] = CAST(0 AS bit) AND [f].[UserId] = @__userId_0 AND [f].[IsDeleted] = CAST(0 AS bit)
[2026-05-22 18:16:38.362 +07:00 INF] HTTP GET /api/notifications responded 200 in 84.6612 ms
[2026-05-22 18:16:38.367 +07:00 INF] Handling GetUnreadCountQuery {"UserId":"b0d7f7d4-26e4-447e-8c5b-8702835f658c","$type":"GetUnreadCountQuery"}
[2026-05-22 18:16:38.368 +07:00 INF] Request finished HTTP/1.1 GET http://localhost:5198/api/notifications?pageNumber=1&pageSize=20&unreadOnly=false - 200 null application/json; charset=utf-8 99.934ms
[2026-05-22 18:16:38.371 +07:00 INF] Executed DbCommand (1ms) [Parameters=[@__request_UserId_0='?' (Size = 450)], CommandType='"Text"', CommandTimeout='60']
SELECT COALESCE(SUM(CASE
    WHEN [c].[BuyerId] = @__request_UserId_0 THEN [c].[BuyerUnreadCount]
    ELSE [c].[SellerUnreadCount]
END), 0)
FROM [Conversations] AS [c]
WHERE [c].[IsDeleted] = CAST(0 AS bit) AND ([c].[BuyerId] = @__request_UserId_0 OR [c].[SellerId] = @__request_UserId_0) AND [c].[IsDeleted] = CAST(0 AS bit)
[2026-05-22 18:16:38.377 +07:00 INF] Executed DbCommand (0ms) [Parameters=[@__request_UserId_0='?' (Size = 450)], CommandType='"Text"', CommandTimeout='60']
SELECT COUNT(*)
FROM [Notifications] AS [n]
WHERE [n].[IsDeleted] = CAST(0 AS bit) AND [n].[UserId] = @__request_UserId_0 AND [n].[IsRead] = CAST(0 AS bit) AND [n].[IsDeleted] = CAST(0 AS bit)
[2026-05-22 18:16:38.425 +07:00 INF] Handled GetUnreadCountQuery in 58ms
[2026-05-22 18:16:38.428 +07:00 INF] Executing OkObjectResult, writing value of type 'VietPropEstate.Application.Features.Dashboard.DTOs.DashboardStatsDto'.
[2026-05-22 18:16:38.435 +07:00 INF] Executed action VietPropEstate.WebAPI.Controllers.DashboardController.GetStats (VietPropEstate.WebAPI) in 123.2255ms
[2026-05-22 18:16:38.436 +07:00 INF] Executed endpoint 'VietPropEstate.WebAPI.Controllers.DashboardController.GetStats (VietPropEstate.WebAPI)'
[2026-05-22 18:16:38.438 +07:00 INF] HTTP GET /api/dashboard/stats responded 200 in 143.5059 ms
[2026-05-22 18:16:38.440 +07:00 INF] Request finished HTTP/1.1 GET http://localhost:5198/api/dashboard/stats - 200 null application/json; charset=utf-8 158.7478ms
[2026-05-22 18:16:38.509 +07:00 INF] Executed DbCommand (13ms) [Parameters=[@__agentId_0='?' (DbType = Guid), @__p_1='?' (DbType = Int32), @__p_2='?' (DbType = Int32)], CommandType='"Text"', CommandTimeout='60']
SELECT [p1].[Id], [p1].[AgentId], [p1].[Area], [p1].[CreatedAt], [p1].[CreatedBy], [p1].[DeletedAt], [p1].[DeletedBy], [p1].[Description], [p1].[Direction], [p1].[ExpiresAt], [p1].[FullAddress], [p1].[IsDeleted], [p1].[IsFeatured], [p1].[LastModifiedAt], [p1].[LastModifiedBy], [p1].[Latitude], [p1].[ListingType], [p1].[Longitude], [p1].[NumberOfBathrooms], [p1].[NumberOfBedrooms], [p1].[NumberOfFloors], [p1].[PropertyTypeId], [p1].[ProvinceCode], [p1].[ProvinceName], [p1].[PublishedAt], [p1].[RowVersion], [p1].[Slug], [p1].[Status], [p1].[Title], [p1].[TransactionTypeId], [p1].[VideoUrl], [p1].[ViewCount], [p1].[WardCode], [p1].[WardName], [p1].[AddressCountry], [p1].[AddressDistrict], [p1].[AddressLatitude], [p1].[AddressLongitude], [p1].[AddressProvince], [p1].[Street], [p1].[AddressWard], [p1].[PriceAmount], [p1].[PriceCurrency], [p2].[Id], [p2].[CreatedAt], [p2].[CreatedBy], [p2].[DeletedAt], [p2].[DeletedBy], [p2].[Description], [p2].[IsActive], [p2].[IsDeleted], [p2].[LastModifiedAt], [p2].[LastModifiedBy], [p2].[Name], [p2].[RowVersion], [a0].[Id], [a0].[AgencyName], [a0].[AvatarUrl], [a0].[Bio], [a0].[CreatedAt], [a0].[CreatedBy], [a0].[DeletedAt], [a0].[DeletedBy], [a0].[Email], [a0].[FullName], [a0].[IsActive], [a0].[IsDeleted], [a0].[LastModifiedAt], [a0].[LastModifiedBy], [a0].[LicenseNumber], [a0].[PhoneNumber], [a0].[RowVersion], [a0].[UserId], [t0].[Id], [t0].[CreatedAt], [t0].[CreatedBy], [t0].[DeletedAt], [t0].[DeletedBy], [t0].[Description], [t0].[IsActive], [t0].[IsDeleted], [t0].[LastModifiedAt], [t0].[LastModifiedBy], [t0].[Name], [t0].[RowVersion], [p4].[Id], [p4].[Caption], [p4].[CreatedAt], [p4].[CreatedBy], [p4].[DeletedAt], [p4].[DeletedBy], [p4].[DisplayOrder], [p4].[IsDeleted], [p4].[IsPrimary], [p4].[LastModifiedAt], [p4].[LastModifiedBy], [p4].[PropertyId], [p4].[RowVersion], [p4].[Url]
FROM (
    SELECT [p].[Id], [p].[AgentId], [p].[Area], [p].[CreatedAt], [p].[CreatedBy], [p].[DeletedAt], [p].[DeletedBy], [p].[Description], [p].[Direction], [p].[ExpiresAt], [p].[FullAddress], [p].[IsDeleted], [p].[IsFeatured], [p].[LastModifiedAt], [p].[LastModifiedBy], [p].[Latitude], [p].[ListingType], [p].[Longitude], [p].[NumberOfBathrooms], [p].[NumberOfBedrooms], [p].[NumberOfFloors], [p].[PropertyTypeId], [p].[ProvinceCode], [p].[ProvinceName], [p].[PublishedAt], [p].[RowVersion], [p].[Slug], [p].[Status], [p].[Title], [p].[TransactionTypeId], [p].[VideoUrl], [p].[ViewCount], [p].[WardCode], [p].[WardName], [p].[AddressCountry], [p].[AddressDistrict], [p].[AddressLatitude], [p].[AddressLongitude], [p].[AddressProvince], [p].[Street], [p].[AddressWard], [p].[PriceAmount], [p].[PriceCurrency]
    FROM [Properties] AS [p]
    WHERE [p].[IsDeleted] = CAST(0 AS bit) AND [p].[AgentId] = @__agentId_0
    ORDER BY [p].[CreatedAt] DESC
    OFFSET @__p_1 ROWS FETCH NEXT @__p_2 ROWS ONLY
) AS [p1]
INNER JOIN (
    SELECT [p0].[Id], [p0].[CreatedAt], [p0].[CreatedBy], [p0].[DeletedAt], [p0].[DeletedBy], [p0].[Description], [p0].[IsActive], [p0].[IsDeleted], [p0].[LastModifiedAt], [p0].[LastModifiedBy], [p0].[Name], [p0].[RowVersion]
    FROM [PropertyTypes] AS [p0]
    WHERE [p0].[IsDeleted] = CAST(0 AS bit)
) AS [p2] ON [p1].[PropertyTypeId] = [p2].[Id]
INNER JOIN (
    SELECT [a].[Id], [a].[AgencyName], [a].[AvatarUrl], [a].[Bio], [a].[CreatedAt], [a].[CreatedBy], [a].[DeletedAt], [a].[DeletedBy], [a].[Email], [a].[FullName], [a].[IsActive], [a].[IsDeleted], [a].[LastModifiedAt], [a].[LastModifiedBy], [a].[LicenseNumber], [a].[PhoneNumber], [a].[RowVersion], [a].[UserId]
    FROM [Agents] AS [a]
    WHERE [a].[IsDeleted] = CAST(0 AS bit)
) AS [a0] ON [p1].[AgentId] = [a0].[Id]
LEFT JOIN (
    SELECT [t].[Id], [t].[CreatedAt], [t].[CreatedBy], [t].[DeletedAt], [t].[DeletedBy], [t].[Description], [t].[IsActive], [t].[IsDeleted], [t].[LastModifiedAt], [t].[LastModifiedBy], [t].[Name], [t].[RowVersion]
    FROM [TransactionTypes] AS [t]
    WHERE [t].[IsDeleted] = CAST(0 AS bit)
) AS [t0] ON [p1].[TransactionTypeId] = [t0].[Id]
LEFT JOIN (
    SELECT [p3].[Id], [p3].[Caption], [p3].[CreatedAt], [p3].[CreatedBy], [p3].[DeletedAt], [p3].[DeletedBy], [p3].[DisplayOrder], [p3].[IsDeleted], [p3].[IsPrimary], [p3].[LastModifiedAt], [p3].[LastModifiedBy], [p3].[PropertyId], [p3].[RowVersion], [p3].[Url]
    FROM [PropertyImages] AS [p3]
    WHERE [p3].[IsDeleted] = CAST(0 AS bit)
) AS [p4] ON [p1].[Id] = [p4].[PropertyId]
ORDER BY [p1].[CreatedAt] DESC, [p1].[Id], [p2].[Id], [a0].[Id], [t0].[Id]
[2026-05-22 18:16:38.515 +07:00 INF] Handled GetMyPropertiesQuery in 199ms
[2026-05-22 18:16:38.517 +07:00 INF] Executing OkObjectResult, writing value of type 'VietPropEstate.Application.Common.Models.PaginatedList`1[[VietPropEstate.Application.Features.Properties.DTOs.PropertyDto, VietPropEstate.Application, Version=1.0.0.0, Culture=neutral, PublicKeyToken=null]]'.
[2026-05-22 18:16:38.519 +07:00 INF] Executed action VietPropEstate.WebAPI.Controllers.PropertiesController.GetMyListings (VietPropEstate.WebAPI) in 205.3535ms
[2026-05-22 18:16:38.521 +07:00 INF] Executed endpoint 'VietPropEstate.WebAPI.Controllers.PropertiesController.GetMyListings (VietPropEstate.WebAPI)'
[2026-05-22 18:16:38.522 +07:00 INF] HTTP GET /api/properties/my-listings responded 200 in 226.4678 ms
[2026-05-22 18:16:38.524 +07:00 INF] Request finished HTTP/1.1 GET http://localhost:5198/api/properties/my-listings?pageNumber=1&pageSize=10 - 200 null application/json; charset=utf-8 238.9495ms
[2026-05-22 18:16:38.578 +07:00 INF] Request starting HTTP/1.1 GET http://localhost:5198/uploads/properties/9cf48c7d-3237-406f-b85d-b0494ca4d575/834a4967bd4846308bdad604efd55a66.jpg - null null
[2026-05-22 18:16:38.582 +07:00 INF] The file /uploads/properties/9cf48c7d-3237-406f-b85d-b0494ca4d575/834a4967bd4846308bdad604efd55a66.jpg was not modified
[2026-05-22 18:16:38.583 +07:00 INF] Request finished HTTP/1.1 GET http://localhost:5198/uploads/properties/9cf48c7d-3237-406f-b85d-b0494ca4d575/834a4967bd4846308bdad604efd55a66.jpg - 304 null image/jpeg 4.7747ms
[2026-05-22 18:16:40.414 +07:00 INF] Request starting HTTP/1.1 GET http://localhost:5198/api/properties/my-listings?pageNumber=1&pageSize=10 - null null
[2026-05-22 18:16:40.416 +07:00 INF] CORS policy execution successful.
[2026-05-22 18:16:40.418 +07:00 INF] Executing endpoint 'VietPropEstate.WebAPI.Controllers.PropertiesController.GetMyListings (VietPropEstate.WebAPI)'
[2026-05-22 18:16:40.419 +07:00 INF] Route matched with {action = "GetMyListings", controller = "Properties"}. Executing controller action with signature System.Threading.Tasks.Task`1[Microsoft.AspNetCore.Mvc.IActionResult] GetMyListings(Int32, Int32, System.Nullable`1[VietPropEstate.Domain.Enums.PropertyStatus], System.Threading.CancellationToken) on controller VietPropEstate.WebAPI.Controllers.PropertiesController (VietPropEstate.WebAPI).
[2026-05-22 18:16:40.422 +07:00 INF] Handling GetMyPropertiesQuery {"PageNumber":1,"PageSize":10,"Status":null,"$type":"GetMyPropertiesQuery"}
[2026-05-22 18:16:40.429 +07:00 INF] Executed DbCommand (1ms) [Parameters=[@___currentUser_UserId_0='?' (Size = 450)], CommandType='"Text"', CommandTimeout='60']
SELECT TOP(1) [a].[Id], [a].[AgencyName], [a].[AvatarUrl], [a].[Bio], [a].[CreatedAt], [a].[CreatedBy], [a].[DeletedAt], [a].[DeletedBy], [a].[Email], [a].[FullName], [a].[IsActive], [a].[IsDeleted], [a].[LastModifiedAt], [a].[LastModifiedBy], [a].[LicenseNumber], [a].[PhoneNumber], [a].[RowVersion], [a].[UserId]
FROM [Agents] AS [a]
WHERE [a].[IsDeleted] = CAST(0 AS bit) AND [a].[UserId] = @___currentUser_UserId_0 AND [a].[IsActive] = CAST(1 AS bit) AND [a].[IsDeleted] = CAST(0 AS bit)
[2026-05-22 18:16:40.433 +07:00 INF] Executed DbCommand (1ms) [Parameters=[@__agentId_0='?' (DbType = Guid)], CommandType='"Text"', CommandTimeout='60']
SELECT COUNT(*)
FROM [Properties] AS [p]
WHERE [p].[IsDeleted] = CAST(0 AS bit) AND [p].[AgentId] = @__agentId_0
[2026-05-22 18:16:40.437 +07:00 INF] Executed DbCommand (1ms) [Parameters=[@__agentId_0='?' (DbType = Guid), @__p_1='?' (DbType = Int32), @__p_2='?' (DbType = Int32)], CommandType='"Text"', CommandTimeout='60']
SELECT [p1].[Id], [p1].[AgentId], [p1].[Area], [p1].[CreatedAt], [p1].[CreatedBy], [p1].[DeletedAt], [p1].[DeletedBy], [p1].[Description], [p1].[Direction], [p1].[ExpiresAt], [p1].[FullAddress], [p1].[IsDeleted], [p1].[IsFeatured], [p1].[LastModifiedAt], [p1].[LastModifiedBy], [p1].[Latitude], [p1].[ListingType], [p1].[Longitude], [p1].[NumberOfBathrooms], [p1].[NumberOfBedrooms], [p1].[NumberOfFloors], [p1].[PropertyTypeId], [p1].[ProvinceCode], [p1].[ProvinceName], [p1].[PublishedAt], [p1].[RowVersion], [p1].[Slug], [p1].[Status], [p1].[Title], [p1].[TransactionTypeId], [p1].[VideoUrl], [p1].[ViewCount], [p1].[WardCode], [p1].[WardName], [p1].[AddressCountry], [p1].[AddressDistrict], [p1].[AddressLatitude], [p1].[AddressLongitude], [p1].[AddressProvince], [p1].[Street], [p1].[AddressWard], [p1].[PriceAmount], [p1].[PriceCurrency], [p2].[Id], [p2].[CreatedAt], [p2].[CreatedBy], [p2].[DeletedAt], [p2].[DeletedBy], [p2].[Description], [p2].[IsActive], [p2].[IsDeleted], [p2].[LastModifiedAt], [p2].[LastModifiedBy], [p2].[Name], [p2].[RowVersion], [a0].[Id], [a0].[AgencyName], [a0].[AvatarUrl], [a0].[Bio], [a0].[CreatedAt], [a0].[CreatedBy], [a0].[DeletedAt], [a0].[DeletedBy], [a0].[Email], [a0].[FullName], [a0].[IsActive], [a0].[IsDeleted], [a0].[LastModifiedAt], [a0].[LastModifiedBy], [a0].[LicenseNumber], [a0].[PhoneNumber], [a0].[RowVersion], [a0].[UserId], [t0].[Id], [t0].[CreatedAt], [t0].[CreatedBy], [t0].[DeletedAt], [t0].[DeletedBy], [t0].[Description], [t0].[IsActive], [t0].[IsDeleted], [t0].[LastModifiedAt], [t0].[LastModifiedBy], [t0].[Name], [t0].[RowVersion], [p4].[Id], [p4].[Caption], [p4].[CreatedAt], [p4].[CreatedBy], [p4].[DeletedAt], [p4].[DeletedBy], [p4].[DisplayOrder], [p4].[IsDeleted], [p4].[IsPrimary], [p4].[LastModifiedAt], [p4].[LastModifiedBy], [p4].[PropertyId], [p4].[RowVersion], [p4].[Url]
FROM (
    SELECT [p].[Id], [p].[AgentId], [p].[Area], [p].[CreatedAt], [p].[CreatedBy], [p].[DeletedAt], [p].[DeletedBy], [p].[Description], [p].[Direction], [p].[ExpiresAt], [p].[FullAddress], [p].[IsDeleted], [p].[IsFeatured], [p].[LastModifiedAt], [p].[LastModifiedBy], [p].[Latitude], [p].[ListingType], [p].[Longitude], [p].[NumberOfBathrooms], [p].[NumberOfBedrooms], [p].[NumberOfFloors], [p].[PropertyTypeId], [p].[ProvinceCode], [p].[ProvinceName], [p].[PublishedAt], [p].[RowVersion], [p].[Slug], [p].[Status], [p].[Title], [p].[TransactionTypeId], [p].[VideoUrl], [p].[ViewCount], [p].[WardCode], [p].[WardName], [p].[AddressCountry], [p].[AddressDistrict], [p].[AddressLatitude], [p].[AddressLongitude], [p].[AddressProvince], [p].[Street], [p].[AddressWard], [p].[PriceAmount], [p].[PriceCurrency]
    FROM [Properties] AS [p]
    WHERE [p].[IsDeleted] = CAST(0 AS bit) AND [p].[AgentId] = @__agentId_0
    ORDER BY [p].[CreatedAt] DESC
    OFFSET @__p_1 ROWS FETCH NEXT @__p_2 ROWS ONLY
) AS [p1]
INNER JOIN (
    SELECT [p0].[Id], [p0].[CreatedAt], [p0].[CreatedBy], [p0].[DeletedAt], [p0].[DeletedBy], [p0].[Description], [p0].[IsActive], [p0].[IsDeleted], [p0].[LastModifiedAt], [p0].[LastModifiedBy], [p0].[Name], [p0].[RowVersion]
    FROM [PropertyTypes] AS [p0]
    WHERE [p0].[IsDeleted] = CAST(0 AS bit)
) AS [p2] ON [p1].[PropertyTypeId] = [p2].[Id]
INNER JOIN (
    SELECT [a].[Id], [a].[AgencyName], [a].[AvatarUrl], [a].[Bio], [a].[CreatedAt], [a].[CreatedBy], [a].[DeletedAt], [a].[DeletedBy], [a].[Email], [a].[FullName], [a].[IsActive], [a].[IsDeleted], [a].[LastModifiedAt], [a].[LastModifiedBy], [a].[LicenseNumber], [a].[PhoneNumber], [a].[RowVersion], [a].[UserId]
    FROM [Agents] AS [a]
    WHERE [a].[IsDeleted] = CAST(0 AS bit)
) AS [a0] ON [p1].[AgentId] = [a0].[Id]
LEFT JOIN (
    SELECT [t].[Id], [t].[CreatedAt], [t].[CreatedBy], [t].[DeletedAt], [t].[DeletedBy], [t].[Description], [t].[IsActive], [t].[IsDeleted], [t].[LastModifiedAt], [t].[LastModifiedBy], [t].[Name], [t].[RowVersion]
    FROM [TransactionTypes] AS [t]
    WHERE [t].[IsDeleted] = CAST(0 AS bit)
) AS [t0] ON [p1].[TransactionTypeId] = [t0].[Id]
LEFT JOIN (
    SELECT [p3].[Id], [p3].[Caption], [p3].[CreatedAt], [p3].[CreatedBy], [p3].[DeletedAt], [p3].[DeletedBy], [p3].[DisplayOrder], [p3].[IsDeleted], [p3].[IsPrimary], [p3].[LastModifiedAt], [p3].[LastModifiedBy], [p3].[PropertyId], [p3].[RowVersion], [p3].[Url]
    FROM [PropertyImages] AS [p3]
    WHERE [p3].[IsDeleted] = CAST(0 AS bit)
) AS [p4] ON [p1].[Id] = [p4].[PropertyId]
ORDER BY [p1].[CreatedAt] DESC, [p1].[Id], [p2].[Id], [a0].[Id], [t0].[Id]
[2026-05-22 18:16:40.441 +07:00 INF] Handled GetMyPropertiesQuery in 18ms
[2026-05-22 18:16:40.442 +07:00 INF] Executing OkObjectResult, writing value of type 'VietPropEstate.Application.Common.Models.PaginatedList`1[[VietPropEstate.Application.Features.Properties.DTOs.PropertyDto, VietPropEstate.Application, Version=1.0.0.0, Culture=neutral, PublicKeyToken=null]]'.
[2026-05-22 18:16:40.444 +07:00 INF] Executed action VietPropEstate.WebAPI.Controllers.PropertiesController.GetMyListings (VietPropEstate.WebAPI) in 22.7503ms
[2026-05-22 18:16:40.446 +07:00 INF] Executed endpoint 'VietPropEstate.WebAPI.Controllers.PropertiesController.GetMyListings (VietPropEstate.WebAPI)'
[2026-05-22 18:16:40.447 +07:00 INF] HTTP GET /api/properties/my-listings responded 200 in 29.5003 ms
[2026-05-22 18:16:40.449 +07:00 INF] Request finished HTTP/1.1 GET http://localhost:5198/api/properties/my-listings?pageNumber=1&pageSize=10 - 200 null application/json; charset=utf-8 35.1871ms
[2026-05-22 18:16:41.960 +07:00 INF] Request starting HTTP/1.1 OPTIONS http://localhost:5198/api/propertytypes - null null
[2026-05-22 18:16:41.962 +07:00 INF] CORS policy execution successful.
[2026-05-22 18:16:41.963 +07:00 INF] Request finished HTTP/1.1 OPTIONS http://localhost:5198/api/propertytypes - 204 null null 3.9217ms
[2026-05-22 18:16:41.967 +07:00 INF] Request starting HTTP/1.1 GET http://localhost:5198/api/propertytypes - null null
[2026-05-22 18:16:41.969 +07:00 INF] CORS policy execution successful.
[2026-05-22 18:16:41.971 +07:00 INF] Executing endpoint 'VietPropEstate.WebAPI.Controllers.PropertyTypesController.GetPropertyTypes (VietPropEstate.WebAPI)'
[2026-05-22 18:16:41.975 +07:00 INF] Route matched with {action = "GetPropertyTypes", controller = "PropertyTypes"}. Executing controller action with signature System.Threading.Tasks.Task`1[Microsoft.AspNetCore.Mvc.IActionResult] GetPropertyTypes(System.Threading.CancellationToken) on controller VietPropEstate.WebAPI.Controllers.PropertyTypesController (VietPropEstate.WebAPI).
[2026-05-22 18:16:41.979 +07:00 INF] Handling GetPropertyTypesQuery {"$type":"GetPropertyTypesQuery"}
[2026-05-22 18:16:41.997 +07:00 INF] Executed DbCommand (2ms) [Parameters=[], CommandType='"Text"', CommandTimeout='60']
SELECT [p].[Id], [p].[CreatedAt], [p].[CreatedBy], [p].[DeletedAt], [p].[DeletedBy], [p].[Description], [p].[IsActive], [p].[IsDeleted], [p].[LastModifiedAt], [p].[LastModifiedBy], [p].[Name], [p].[RowVersion]
FROM [PropertyTypes] AS [p]
WHERE [p].[IsDeleted] = CAST(0 AS bit) AND [p].[IsActive] = CAST(1 AS bit) AND [p].[IsDeleted] = CAST(0 AS bit)
[2026-05-22 18:16:42.004 +07:00 INF] Handled GetPropertyTypesQuery in 24ms
[2026-05-22 18:16:42.005 +07:00 INF] Executing OkObjectResult, writing value of type 'System.Collections.Generic.List`1[[VietPropEstate.Application.Features.Properties.DTOs.PropertyTypeDto, VietPropEstate.Application, Version=1.0.0.0, Culture=neutral, PublicKeyToken=null]]'.
[2026-05-22 18:16:42.008 +07:00 INF] Executed action VietPropEstate.WebAPI.Controllers.PropertyTypesController.GetPropertyTypes (VietPropEstate.WebAPI) in 30.613ms
[2026-05-22 18:16:42.009 +07:00 INF] Executed endpoint 'VietPropEstate.WebAPI.Controllers.PropertyTypesController.GetPropertyTypes (VietPropEstate.WebAPI)'
[2026-05-22 18:16:42.011 +07:00 INF] HTTP GET /api/propertytypes responded 200 in 39.9783 ms
[2026-05-22 18:16:42.013 +07:00 INF] Request finished HTTP/1.1 GET http://localhost:5198/api/propertytypes - 200 null application/json; charset=utf-8 46.0811ms
[2026-05-22 18:16:43.210 +07:00 INF] Request starting HTTP/1.1 OPTIONS http://localhost:5198/api/favorites?pageNumber=1&pageSize=12 - null null
[2026-05-22 18:16:43.213 +07:00 INF] CORS policy execution successful.
[2026-05-22 18:16:43.213 +07:00 INF] Request finished HTTP/1.1 OPTIONS http://localhost:5198/api/favorites?pageNumber=1&pageSize=12 - 204 null null 2.8881ms
[2026-05-22 18:16:43.217 +07:00 INF] Request starting HTTP/1.1 GET http://localhost:5198/api/favorites?pageNumber=1&pageSize=12 - null null
[2026-05-22 18:16:43.219 +07:00 INF] CORS policy execution successful.
[2026-05-22 18:16:43.222 +07:00 INF] Executing endpoint 'VietPropEstate.WebAPI.Controllers.FavoritesController.GetFavorites (VietPropEstate.WebAPI)'
[2026-05-22 18:16:43.225 +07:00 INF] Route matched with {action = "GetFavorites", controller = "Favorites"}. Executing controller action with signature System.Threading.Tasks.Task`1[Microsoft.AspNetCore.Mvc.IActionResult] GetFavorites(Int32, Int32, System.Threading.CancellationToken) on controller VietPropEstate.WebAPI.Controllers.FavoritesController (VietPropEstate.WebAPI).
[2026-05-22 18:16:43.229 +07:00 INF] Handling GetFavoritePropertiesQuery {"UserId":"b0d7f7d4-26e4-447e-8c5b-8702835f658c","PageNumber":1,"PageSize":12,"$type":"GetFavoritePropertiesQuery"}
[2026-05-22 18:16:43.245 +07:00 INF] Executed DbCommand (2ms) [Parameters=[@__request_UserId_0='?' (Size = 450)], CommandType='"Text"', CommandTimeout='60']
SELECT COUNT(*)
FROM [Favorites] AS [f]
WHERE [f].[IsDeleted] = CAST(0 AS bit) AND [f].[UserId] = @__request_UserId_0 AND [f].[IsDeleted] = CAST(0 AS bit)
[2026-05-22 18:16:43.252 +07:00 WRN] The query uses a row limiting operator ('Skip'/'Take') without an 'OrderBy' operator. This may lead to unpredictable results. If the 'Distinct' operator is used after 'OrderBy', then make sure to use the 'OrderBy' operator after 'Distinct' as the ordering would otherwise get erased.
[2026-05-22 18:16:43.323 +07:00 INF] Executed DbCommand (8ms) [Parameters=[@__request_UserId_0='?' (Size = 450), @__p_1='?' (DbType = Int32), @__p_2='?' (DbType = Int32)], CommandType='"Text"', CommandTimeout='60']
SELECT [f0].[Id], [f0].[CreatedAt], [f0].[CreatedBy], [f0].[DeletedAt], [f0].[DeletedBy], [f0].[IsDeleted], [f0].[LastModifiedAt], [f0].[LastModifiedBy], [f0].[Note], [f0].[PropertyId], [f0].[RowVersion], [f0].[UserId], [p0].[Id], [p0].[AgentId], [p0].[Area], [p0].[CreatedAt], [p0].[CreatedBy], [p0].[DeletedAt], [p0].[DeletedBy], [p0].[Description], [p0].[Direction], [p0].[ExpiresAt], [p0].[FullAddress], [p0].[IsDeleted], [p0].[IsFeatured], [p0].[LastModifiedAt], [p0].[LastModifiedBy], [p0].[Latitude], [p0].[ListingType], [p0].[Longitude], [p0].[NumberOfBathrooms], [p0].[NumberOfBedrooms], [p0].[NumberOfFloors], [p0].[PropertyTypeId], [p0].[ProvinceCode], [p0].[ProvinceName], [p0].[PublishedAt], [p0].[RowVersion], [p0].[Slug], [p0].[Status], [p0].[Title], [p0].[TransactionTypeId], [p0].[VideoUrl], [p0].[ViewCount], [p0].[WardCode], [p0].[WardName], [p0].[AddressCountry], [p0].[AddressDistrict], [p0].[AddressLatitude], [p0].[AddressLongitude], [p0].[AddressProvince], [p0].[Street], [p0].[AddressWard], [p0].[PriceAmount], [p0].[PriceCurrency], [p2].[Id], [p2].[CreatedAt], [p2].[CreatedBy], [p2].[DeletedAt], [p2].[DeletedBy], [p2].[Description], [p2].[IsActive], [p2].[IsDeleted], [p2].[LastModifiedAt], [p2].[LastModifiedBy], [p2].[Name], [p2].[RowVersion], [p5].[Id], [p5].[Caption], [p5].[CreatedAt], [p5].[CreatedBy], [p5].[DeletedAt], [p5].[DeletedBy], [p5].[DisplayOrder], [p5].[IsDeleted], [p5].[IsPrimary], [p5].[LastModifiedAt], [p5].[LastModifiedBy], [p5].[PropertyId], [p5].[RowVersion], [p5].[Url]
FROM (
    SELECT [f].[Id], [f].[CreatedAt], [f].[CreatedBy], [f].[DeletedAt], [f].[DeletedBy], [f].[IsDeleted], [f].[LastModifiedAt], [f].[LastModifiedBy], [f].[Note], [f].[PropertyId], [f].[RowVersion], [f].[UserId]
    FROM [Favorites] AS [f]
    WHERE [f].[IsDeleted] = CAST(0 AS bit) AND [f].[UserId] = @__request_UserId_0 AND [f].[IsDeleted] = CAST(0 AS bit)
    ORDER BY [f].[CreatedAt] DESC
    OFFSET @__p_1 ROWS FETCH NEXT @__p_2 ROWS ONLY
) AS [f0]
INNER JOIN (
    SELECT [p].[Id], [p].[AgentId], [p].[Area], [p].[CreatedAt], [p].[CreatedBy], [p].[DeletedAt], [p].[DeletedBy], [p].[Description], [p].[Direction], [p].[ExpiresAt], [p].[FullAddress], [p].[IsDeleted], [p].[IsFeatured], [p].[LastModifiedAt], [p].[LastModifiedBy], [p].[Latitude], [p].[ListingType], [p].[Longitude], [p].[NumberOfBathrooms], [p].[NumberOfBedrooms], [p].[NumberOfFloors], [p].[PropertyTypeId], [p].[ProvinceCode], [p].[ProvinceName], [p].[PublishedAt], [p].[RowVersion], [p].[Slug], [p].[Status], [p].[Title], [p].[TransactionTypeId], [p].[VideoUrl], [p].[ViewCount], [p].[WardCode], [p].[WardName], [p].[AddressCountry], [p].[AddressDistrict], [p].[AddressLatitude], [p].[AddressLongitude], [p].[AddressProvince], [p].[Street], [p].[AddressWard], [p].[PriceAmount], [p].[PriceCurrency]
    FROM [Properties] AS [p]
    WHERE [p].[IsDeleted] = CAST(0 AS bit)
) AS [p0] ON [f0].[PropertyId] = [p0].[Id]
INNER JOIN (
    SELECT [p1].[Id], [p1].[CreatedAt], [p1].[CreatedBy], [p1].[DeletedAt], [p1].[DeletedBy], [p1].[Description], [p1].[IsActive], [p1].[IsDeleted], [p1].[LastModifiedAt], [p1].[LastModifiedBy], [p1].[Name], [p1].[RowVersion]
    FROM [PropertyTypes] AS [p1]
    WHERE [p1].[IsDeleted] = CAST(0 AS bit)
) AS [p2] ON [p0].[PropertyTypeId] = [p2].[Id]
LEFT JOIN (
    SELECT [p4].[Id], [p4].[Caption], [p4].[CreatedAt], [p4].[CreatedBy], [p4].[DeletedAt], [p4].[DeletedBy], [p4].[DisplayOrder], [p4].[IsDeleted], [p4].[IsPrimary], [p4].[LastModifiedAt], [p4].[LastModifiedBy], [p4].[PropertyId], [p4].[RowVersion], [p4].[Url]
    FROM (
        SELECT [p3].[Id], [p3].[Caption], [p3].[CreatedAt], [p3].[CreatedBy], [p3].[DeletedAt], [p3].[DeletedBy], [p3].[DisplayOrder], [p3].[IsDeleted], [p3].[IsPrimary], [p3].[LastModifiedAt], [p3].[LastModifiedBy], [p3].[PropertyId], [p3].[RowVersion], [p3].[Url], ROW_NUMBER() OVER(PARTITION BY [p3].[PropertyId] ORDER BY [p3].[Id]) AS [row]
        FROM [PropertyImages] AS [p3]
        WHERE [p3].[IsDeleted] = CAST(0 AS bit) AND [p3].[IsPrimary] = CAST(1 AS bit)
    ) AS [p4]
    WHERE [p4].[row] <= 1
) AS [p5] ON [p0].[Id] = [p5].[PropertyId]
ORDER BY [f0].[CreatedAt] DESC, [f0].[Id], [p0].[Id], [p2].[Id]
[2026-05-22 18:16:43.327 +07:00 INF] Handled GetFavoritePropertiesQuery in 97ms
[2026-05-22 18:16:43.328 +07:00 INF] Executing OkObjectResult, writing value of type 'VietPropEstate.Application.Common.Models.PaginatedList`1[[VietPropEstate.Application.Features.Properties.DTOs.FavoritePropertyDto, VietPropEstate.Application, Version=1.0.0.0, Culture=neutral, PublicKeyToken=null]]'.
[2026-05-22 18:16:43.332 +07:00 INF] Executed action VietPropEstate.WebAPI.Controllers.FavoritesController.GetFavorites (VietPropEstate.WebAPI) in 104.885ms
[2026-05-22 18:16:43.333 +07:00 INF] Executed endpoint 'VietPropEstate.WebAPI.Controllers.FavoritesController.GetFavorites (VietPropEstate.WebAPI)'
[2026-05-22 18:16:43.334 +07:00 INF] HTTP GET /api/favorites responded 200 in 113.5330 ms
[2026-05-22 18:16:43.336 +07:00 INF] Request finished HTTP/1.1 GET http://localhost:5198/api/favorites?pageNumber=1&pageSize=12 - 200 null application/json; charset=utf-8 119.7147ms
[2026-05-22 18:16:44.521 +07:00 INF] Request starting HTTP/1.1 OPTIONS http://localhost:5198/api/dashboard/stats - null null
[2026-05-22 18:16:44.523 +07:00 INF] Request starting HTTP/1.1 OPTIONS http://localhost:5198/api/properties/my-listings?pageNumber=1&pageSize=10 - null null
[2026-05-22 18:16:44.524 +07:00 INF] CORS policy execution successful.
[2026-05-22 18:16:44.526 +07:00 INF] CORS policy execution successful.
[2026-05-22 18:16:44.527 +07:00 INF] Request finished HTTP/1.1 OPTIONS http://localhost:5198/api/dashboard/stats - 204 null null 5.6179ms
[2026-05-22 18:16:44.528 +07:00 INF] Request finished HTTP/1.1 OPTIONS http://localhost:5198/api/properties/my-listings?pageNumber=1&pageSize=10 - 204 null null 5.349ms
[2026-05-22 18:16:44.531 +07:00 INF] Request starting HTTP/1.1 GET http://localhost:5198/api/dashboard/stats - null null
[2026-05-22 18:16:44.534 +07:00 INF] Request starting HTTP/1.1 GET http://localhost:5198/api/properties/my-listings?pageNumber=1&pageSize=10 - null null
[2026-05-22 18:16:44.537 +07:00 INF] CORS policy execution successful.
[2026-05-22 18:16:44.539 +07:00 INF] CORS policy execution successful.
[2026-05-22 18:16:44.540 +07:00 INF] Executing endpoint 'VietPropEstate.WebAPI.Controllers.DashboardController.GetStats (VietPropEstate.WebAPI)'
[2026-05-22 18:16:44.541 +07:00 INF] Executing endpoint 'VietPropEstate.WebAPI.Controllers.PropertiesController.GetMyListings (VietPropEstate.WebAPI)'
[2026-05-22 18:16:44.541 +07:00 INF] Route matched with {action = "GetStats", controller = "Dashboard"}. Executing controller action with signature System.Threading.Tasks.Task`1[Microsoft.AspNetCore.Mvc.IActionResult] GetStats(System.Threading.CancellationToken) on controller VietPropEstate.WebAPI.Controllers.DashboardController (VietPropEstate.WebAPI).
[2026-05-22 18:16:44.543 +07:00 INF] Route matched with {action = "GetMyListings", controller = "Properties"}. Executing controller action with signature System.Threading.Tasks.Task`1[Microsoft.AspNetCore.Mvc.IActionResult] GetMyListings(Int32, Int32, System.Nullable`1[VietPropEstate.Domain.Enums.PropertyStatus], System.Threading.CancellationToken) on controller VietPropEstate.WebAPI.Controllers.PropertiesController (VietPropEstate.WebAPI).
[2026-05-22 18:16:44.547 +07:00 INF] Executed DbCommand (1ms) [Parameters=[@__userId_0='?' (Size = 450)], CommandType='"Text"', CommandTimeout='60']
SELECT TOP(1) [a].[Id], [a].[AgencyName], [a].[AvatarUrl], [a].[Bio], [a].[CreatedAt], [a].[CreatedBy], [a].[DeletedAt], [a].[DeletedBy], [a].[Email], [a].[FullName], [a].[IsActive], [a].[IsDeleted], [a].[LastModifiedAt], [a].[LastModifiedBy], [a].[LicenseNumber], [a].[PhoneNumber], [a].[RowVersion], [a].[UserId]
FROM [Agents] AS [a]
WHERE [a].[IsDeleted] = CAST(0 AS bit) AND [a].[UserId] = @__userId_0 AND [a].[IsDeleted] = CAST(0 AS bit)
[2026-05-22 18:16:44.548 +07:00 INF] Handling GetMyPropertiesQuery {"PageNumber":1,"PageSize":10,"Status":null,"$type":"GetMyPropertiesQuery"}
[2026-05-22 18:16:44.551 +07:00 INF] Executed DbCommand (0ms) [Parameters=[@__agent_Id_0='?' (DbType = Guid)], CommandType='"Text"', CommandTimeout='60']
SELECT [p].[Status], [p].[ViewCount]
FROM [Properties] AS [p]
WHERE [p].[IsDeleted] = CAST(0 AS bit) AND [p].[AgentId] = @__agent_Id_0
[2026-05-22 18:16:44.557 +07:00 INF] Executed DbCommand (0ms) [Parameters=[@__userId_0='?' (Size = 450)], CommandType='"Text"', CommandTimeout='60']
SELECT COUNT(*)
FROM [Favorites] AS [f]
WHERE [f].[IsDeleted] = CAST(0 AS bit) AND [f].[UserId] = @__userId_0 AND [f].[IsDeleted] = CAST(0 AS bit)
[2026-05-22 18:16:44.560 +07:00 INF] Handling GetUnreadCountQuery {"UserId":"b0d7f7d4-26e4-447e-8c5b-8702835f658c","$type":"GetUnreadCountQuery"}
[2026-05-22 18:16:44.562 +07:00 INF] Executed DbCommand (1ms) [Parameters=[@___currentUser_UserId_0='?' (Size = 450)], CommandType='"Text"', CommandTimeout='60']
SELECT TOP(1) [a].[Id], [a].[AgencyName], [a].[AvatarUrl], [a].[Bio], [a].[CreatedAt], [a].[CreatedBy], [a].[DeletedAt], [a].[DeletedBy], [a].[Email], [a].[FullName], [a].[IsActive], [a].[IsDeleted], [a].[LastModifiedAt], [a].[LastModifiedBy], [a].[LicenseNumber], [a].[PhoneNumber], [a].[RowVersion], [a].[UserId]
FROM [Agents] AS [a]
WHERE [a].[IsDeleted] = CAST(0 AS bit) AND [a].[UserId] = @___currentUser_UserId_0 AND [a].[IsActive] = CAST(1 AS bit) AND [a].[IsDeleted] = CAST(0 AS bit)
[2026-05-22 18:16:44.564 +07:00 INF] Executed DbCommand (0ms) [Parameters=[@__request_UserId_0='?' (Size = 450)], CommandType='"Text"', CommandTimeout='60']
SELECT COALESCE(SUM(CASE
    WHEN [c].[BuyerId] = @__request_UserId_0 THEN [c].[BuyerUnreadCount]
    ELSE [c].[SellerUnreadCount]
END), 0)
FROM [Conversations] AS [c]
WHERE [c].[IsDeleted] = CAST(0 AS bit) AND ([c].[BuyerId] = @__request_UserId_0 OR [c].[SellerId] = @__request_UserId_0) AND [c].[IsDeleted] = CAST(0 AS bit)
[2026-05-22 18:16:44.566 +07:00 INF] Executed DbCommand (0ms) [Parameters=[@__agentId_0='?' (DbType = Guid)], CommandType='"Text"', CommandTimeout='60']
SELECT COUNT(*)
FROM [Properties] AS [p]
WHERE [p].[IsDeleted] = CAST(0 AS bit) AND [p].[AgentId] = @__agentId_0
[2026-05-22 18:16:44.568 +07:00 INF] Executed DbCommand (0ms) [Parameters=[@__request_UserId_0='?' (Size = 450)], CommandType='"Text"', CommandTimeout='60']
SELECT COUNT(*)
FROM [Notifications] AS [n]
WHERE [n].[IsDeleted] = CAST(0 AS bit) AND [n].[UserId] = @__request_UserId_0 AND [n].[IsRead] = CAST(0 AS bit) AND [n].[IsDeleted] = CAST(0 AS bit)
[2026-05-22 18:16:44.571 +07:00 INF] Executed DbCommand (1ms) [Parameters=[@__agentId_0='?' (DbType = Guid), @__p_1='?' (DbType = Int32), @__p_2='?' (DbType = Int32)], CommandType='"Text"', CommandTimeout='60']
SELECT [p1].[Id], [p1].[AgentId], [p1].[Area], [p1].[CreatedAt], [p1].[CreatedBy], [p1].[DeletedAt], [p1].[DeletedBy], [p1].[Description], [p1].[Direction], [p1].[ExpiresAt], [p1].[FullAddress], [p1].[IsDeleted], [p1].[IsFeatured], [p1].[LastModifiedAt], [p1].[LastModifiedBy], [p1].[Latitude], [p1].[ListingType], [p1].[Longitude], [p1].[NumberOfBathrooms], [p1].[NumberOfBedrooms], [p1].[NumberOfFloors], [p1].[PropertyTypeId], [p1].[ProvinceCode], [p1].[ProvinceName], [p1].[PublishedAt], [p1].[RowVersion], [p1].[Slug], [p1].[Status], [p1].[Title], [p1].[TransactionTypeId], [p1].[VideoUrl], [p1].[ViewCount], [p1].[WardCode], [p1].[WardName], [p1].[AddressCountry], [p1].[AddressDistrict], [p1].[AddressLatitude], [p1].[AddressLongitude], [p1].[AddressProvince], [p1].[Street], [p1].[AddressWard], [p1].[PriceAmount], [p1].[PriceCurrency], [p2].[Id], [p2].[CreatedAt], [p2].[CreatedBy], [p2].[DeletedAt], [p2].[DeletedBy], [p2].[Description], [p2].[IsActive], [p2].[IsDeleted], [p2].[LastModifiedAt], [p2].[LastModifiedBy], [p2].[Name], [p2].[RowVersion], [a0].[Id], [a0].[AgencyName], [a0].[AvatarUrl], [a0].[Bio], [a0].[CreatedAt], [a0].[CreatedBy], [a0].[DeletedAt], [a0].[DeletedBy], [a0].[Email], [a0].[FullName], [a0].[IsActive], [a0].[IsDeleted], [a0].[LastModifiedAt], [a0].[LastModifiedBy], [a0].[LicenseNumber], [a0].[PhoneNumber], [a0].[RowVersion], [a0].[UserId], [t0].[Id], [t0].[CreatedAt], [t0].[CreatedBy], [t0].[DeletedAt], [t0].[DeletedBy], [t0].[Description], [t0].[IsActive], [t0].[IsDeleted], [t0].[LastModifiedAt], [t0].[LastModifiedBy], [t0].[Name], [t0].[RowVersion], [p4].[Id], [p4].[Caption], [p4].[CreatedAt], [p4].[CreatedBy], [p4].[DeletedAt], [p4].[DeletedBy], [p4].[DisplayOrder], [p4].[IsDeleted], [p4].[IsPrimary], [p4].[LastModifiedAt], [p4].[LastModifiedBy], [p4].[PropertyId], [p4].[RowVersion], [p4].[Url]
FROM (
    SELECT [p].[Id], [p].[AgentId], [p].[Area], [p].[CreatedAt], [p].[CreatedBy], [p].[DeletedAt], [p].[DeletedBy], [p].[Description], [p].[Direction], [p].[ExpiresAt], [p].[FullAddress], [p].[IsDeleted], [p].[IsFeatured], [p].[LastModifiedAt], [p].[LastModifiedBy], [p].[Latitude], [p].[ListingType], [p].[Longitude], [p].[NumberOfBathrooms], [p].[NumberOfBedrooms], [p].[NumberOfFloors], [p].[PropertyTypeId], [p].[ProvinceCode], [p].[ProvinceName], [p].[PublishedAt], [p].[RowVersion], [p].[Slug], [p].[Status], [p].[Title], [p].[TransactionTypeId], [p].[VideoUrl], [p].[ViewCount], [p].[WardCode], [p].[WardName], [p].[AddressCountry], [p].[AddressDistrict], [p].[AddressLatitude], [p].[AddressLongitude], [p].[AddressProvince], [p].[Street], [p].[AddressWard], [p].[PriceAmount], [p].[PriceCurrency]
    FROM [Properties] AS [p]
    WHERE [p].[IsDeleted] = CAST(0 AS bit) AND [p].[AgentId] = @__agentId_0
    ORDER BY [p].[CreatedAt] DESC
    OFFSET @__p_1 ROWS FETCH NEXT @__p_2 ROWS ONLY
) AS [p1]
INNER JOIN (
    SELECT [p0].[Id], [p0].[CreatedAt], [p0].[CreatedBy], [p0].[DeletedAt], [p0].[DeletedBy], [p0].[Description], [p0].[IsActive], [p0].[IsDeleted], [p0].[LastModifiedAt], [p0].[LastModifiedBy], [p0].[Name], [p0].[RowVersion]
    FROM [PropertyTypes] AS [p0]
    WHERE [p0].[IsDeleted] = CAST(0 AS bit)
) AS [p2] ON [p1].[PropertyTypeId] = [p2].[Id]
INNER JOIN (
    SELECT [a].[Id], [a].[AgencyName], [a].[AvatarUrl], [a].[Bio], [a].[CreatedAt], [a].[CreatedBy], [a].[DeletedAt], [a].[DeletedBy], [a].[Email], [a].[FullName], [a].[IsActive], [a].[IsDeleted], [a].[LastModifiedAt], [a].[LastModifiedBy], [a].[LicenseNumber], [a].[PhoneNumber], [a].[RowVersion], [a].[UserId]
    FROM [Agents] AS [a]
    WHERE [a].[IsDeleted] = CAST(0 AS bit)
) AS [a0] ON [p1].[AgentId] = [a0].[Id]
LEFT JOIN (
    SELECT [t].[Id], [t].[CreatedAt], [t].[CreatedBy], [t].[DeletedAt], [t].[DeletedBy], [t].[Description], [t].[IsActive], [t].[IsDeleted], [t].[LastModifiedAt], [t].[LastModifiedBy], [t].[Name], [t].[RowVersion]
    FROM [TransactionTypes] AS [t]
    WHERE [t].[IsDeleted] = CAST(0 AS bit)
) AS [t0] ON [p1].[TransactionTypeId] = [t0].[Id]
LEFT JOIN (
    SELECT [p3].[Id], [p3].[Caption], [p3].[CreatedAt], [p3].[CreatedBy], [p3].[DeletedAt], [p3].[DeletedBy], [p3].[DisplayOrder], [p3].[IsDeleted], [p3].[IsPrimary], [p3].[LastModifiedAt], [p3].[LastModifiedBy], [p3].[PropertyId], [p3].[RowVersion], [p3].[Url]
    FROM [PropertyImages] AS [p3]
    WHERE [p3].[IsDeleted] = CAST(0 AS bit)
) AS [p4] ON [p1].[Id] = [p4].[PropertyId]
ORDER BY [p1].[CreatedAt] DESC, [p1].[Id], [p2].[Id], [a0].[Id], [t0].[Id]
[2026-05-22 18:16:44.572 +07:00 INF] Handled GetUnreadCountQuery in 12ms
[2026-05-22 18:16:44.576 +07:00 INF] Handled GetMyPropertiesQuery in 29ms
[2026-05-22 18:16:44.578 +07:00 INF] Executing OkObjectResult, writing value of type 'VietPropEstate.Application.Features.Dashboard.DTOs.DashboardStatsDto'.
[2026-05-22 18:16:44.579 +07:00 INF] Executing OkObjectResult, writing value of type 'VietPropEstate.Application.Common.Models.PaginatedList`1[[VietPropEstate.Application.Features.Properties.DTOs.PropertyDto, VietPropEstate.Application, Version=1.0.0.0, Culture=neutral, PublicKeyToken=null]]'.
[2026-05-22 18:16:44.580 +07:00 INF] Executed action VietPropEstate.WebAPI.Controllers.DashboardController.GetStats (VietPropEstate.WebAPI) in 35.9729ms
[2026-05-22 18:16:44.582 +07:00 INF] Executed action VietPropEstate.WebAPI.Controllers.PropertiesController.GetMyListings (VietPropEstate.WebAPI) in 35.02ms
[2026-05-22 18:16:44.583 +07:00 INF] Executed endpoint 'VietPropEstate.WebAPI.Controllers.DashboardController.GetStats (VietPropEstate.WebAPI)'
[2026-05-22 18:16:44.585 +07:00 INF] Executed endpoint 'VietPropEstate.WebAPI.Controllers.PropertiesController.GetMyListings (VietPropEstate.WebAPI)'
[2026-05-22 18:16:44.586 +07:00 INF] HTTP GET /api/dashboard/stats responded 200 in 46.0744 ms
[2026-05-22 18:16:44.587 +07:00 INF] HTTP GET /api/properties/my-listings responded 200 in 46.8936 ms
[2026-05-22 18:16:44.589 +07:00 INF] Request finished HTTP/1.1 GET http://localhost:5198/api/dashboard/stats - 200 null application/json; charset=utf-8 57.7978ms
[2026-05-22 18:16:44.591 +07:00 INF] Request finished HTTP/1.1 GET http://localhost:5198/api/properties/my-listings?pageNumber=1&pageSize=10 - 200 null application/json; charset=utf-8 56.4017ms
[2026-05-22 18:16:45.802 +07:00 INF] Request starting HTTP/1.1 OPTIONS http://localhost:5198/api/properties?pageNumber=1&pageSize=3&isFeatured=True&status=1&sortBy=CreatedAt&sortOrder=Desc - null null
[2026-05-22 18:16:45.802 +07:00 INF] Request starting HTTP/1.1 OPTIONS http://localhost:5198/api/properties?pageNumber=1&pageSize=6&status=1&sortBy=CreatedAt&sortOrder=Desc - null null
[2026-05-22 18:16:45.804 +07:00 INF] Request starting HTTP/1.1 OPTIONS http://localhost:5198/api/notifications?pageNumber=1&pageSize=20&unreadOnly=false - null null
[2026-05-22 18:16:45.804 +07:00 INF] CORS policy execution successful.
[2026-05-22 18:16:45.807 +07:00 INF] CORS policy execution successful.
[2026-05-22 18:16:45.810 +07:00 INF] CORS policy execution successful.
[2026-05-22 18:16:45.811 +07:00 INF] Request finished HTTP/1.1 OPTIONS http://localhost:5198/api/properties?pageNumber=1&pageSize=3&isFeatured=True&status=1&sortBy=CreatedAt&sortOrder=Desc - 204 null null 8.9407ms
[2026-05-22 18:16:45.811 +07:00 INF] Request finished HTTP/1.1 OPTIONS http://localhost:5198/api/properties?pageNumber=1&pageSize=6&status=1&sortBy=CreatedAt&sortOrder=Desc - 204 null null 9.4512ms
[2026-05-22 18:16:45.812 +07:00 INF] Request finished HTTP/1.1 OPTIONS http://localhost:5198/api/notifications?pageNumber=1&pageSize=20&unreadOnly=false - 204 null null 8.5083ms
[2026-05-22 18:16:45.815 +07:00 INF] Request starting HTTP/1.1 GET http://localhost:5198/api/notifications?pageNumber=1&pageSize=20&unreadOnly=false - null null
[2026-05-22 18:16:45.818 +07:00 INF] Request starting HTTP/1.1 GET http://localhost:5198/api/properties?pageNumber=1&pageSize=6&status=1&sortBy=CreatedAt&sortOrder=Desc - null null
[2026-05-22 18:16:45.821 +07:00 INF] Request starting HTTP/1.1 GET http://localhost:5198/api/properties?pageNumber=1&pageSize=3&isFeatured=True&status=1&sortBy=CreatedAt&sortOrder=Desc - null null
[2026-05-22 18:16:45.824 +07:00 INF] CORS policy execution successful.
[2026-05-22 18:16:45.827 +07:00 INF] CORS policy execution successful.
[2026-05-22 18:16:45.829 +07:00 INF] CORS policy execution successful.
[2026-05-22 18:16:45.831 +07:00 INF] Executing endpoint 'VietPropEstate.WebAPI.Controllers.NotificationsController.GetNotifications (VietPropEstate.WebAPI)'
[2026-05-22 18:16:45.831 +07:00 INF] Executing endpoint 'VietPropEstate.WebAPI.Controllers.PropertiesController.GetList (VietPropEstate.WebAPI)'
[2026-05-22 18:16:45.832 +07:00 INF] Executing endpoint 'VietPropEstate.WebAPI.Controllers.PropertiesController.GetList (VietPropEstate.WebAPI)'
[2026-05-22 18:16:45.833 +07:00 INF] Route matched with {action = "GetNotifications", controller = "Notifications"}. Executing controller action with signature System.Threading.Tasks.Task`1[Microsoft.AspNetCore.Mvc.IActionResult] GetNotifications(Int32, Int32, Boolean, System.Threading.CancellationToken) on controller VietPropEstate.WebAPI.Controllers.NotificationsController (VietPropEstate.WebAPI).
[2026-05-22 18:16:45.834 +07:00 INF] Route matched with {action = "GetList", controller = "Properties"}. Executing controller action with signature System.Threading.Tasks.Task`1[Microsoft.AspNetCore.Mvc.IActionResult] GetList(Int32, Int32, System.String, System.Nullable`1[System.Guid], System.Nullable`1[System.Guid], System.Nullable`1[VietPropEstate.Domain.Enums.ListingType], System.Nullable`1[VietPropEstate.Domain.Enums.PropertyStatus], System.Nullable`1[System.Int32], System.Nullable`1[System.Int32], System.String, System.Nullable`1[System.Decimal], System.Nullable`1[System.Decimal], System.Nullable`1[System.Decimal], System.Nullable`1[System.Decimal], System.Nullable`1[System.Int32], System.Nullable`1[System.Int32], System.Nullable`1[System.Int32], System.Nullable`1[VietPropEstate.Domain.Enums.PropertyDirection], System.Nullable`1[System.Boolean], System.String, System.String, System.Threading.CancellationToken) on controller VietPropEstate.WebAPI.Controllers.PropertiesController (VietPropEstate.WebAPI).
[2026-05-22 18:16:45.835 +07:00 INF] Route matched with {action = "GetList", controller = "Properties"}. Executing controller action with signature System.Threading.Tasks.Task`1[Microsoft.AspNetCore.Mvc.IActionResult] GetList(Int32, Int32, System.String, System.Nullable`1[System.Guid], System.Nullable`1[System.Guid], System.Nullable`1[VietPropEstate.Domain.Enums.ListingType], System.Nullable`1[VietPropEstate.Domain.Enums.PropertyStatus], System.Nullable`1[System.Int32], System.Nullable`1[System.Int32], System.String, System.Nullable`1[System.Decimal], System.Nullable`1[System.Decimal], System.Nullable`1[System.Decimal], System.Nullable`1[System.Decimal], System.Nullable`1[System.Int32], System.Nullable`1[System.Int32], System.Nullable`1[System.Int32], System.Nullable`1[VietPropEstate.Domain.Enums.PropertyDirection], System.Nullable`1[System.Boolean], System.String, System.String, System.Threading.CancellationToken) on controller VietPropEstate.WebAPI.Controllers.PropertiesController (VietPropEstate.WebAPI).
[2026-05-22 18:16:45.838 +07:00 INF] Handling GetUserNotificationsQuery {"UserId":"b0d7f7d4-26e4-447e-8c5b-8702835f658c","PageNumber":1,"PageSize":20,"UnreadOnly":false,"$type":"GetUserNotificationsQuery"}
[2026-05-22 18:16:45.841 +07:00 INF] Handling GetPropertiesListQuery {"PageNumber":1,"PageSize":6,"SearchTerm":null,"PropertyTypeId":null,"TransactionTypeId":null,"ListingType":null,"Status":"Active","ProvinceCode":null,"WardCode":null,"ProvinceName":null,"MinPrice":null,"MaxPrice":null,"MinArea":null,"MaxArea":null,"MinBedrooms":null,"MaxBedrooms":null,"Bathrooms":null,"Direction":null,"IsFeatured":null,"AllStatuses":false,"SortBy":"CreatedAt","SortOrder":"Desc","$type":"GetPropertiesListQuery"}
[2026-05-22 18:16:45.843 +07:00 INF] Handling GetPropertiesListQuery {"PageNumber":1,"PageSize":3,"SearchTerm":null,"PropertyTypeId":null,"TransactionTypeId":null,"ListingType":null,"Status":"Active","ProvinceCode":null,"WardCode":null,"ProvinceName":null,"MinPrice":null,"MaxPrice":null,"MinArea":null,"MaxArea":null,"MinBedrooms":null,"MaxBedrooms":null,"Bathrooms":null,"Direction":null,"IsFeatured":true,"AllStatuses":false,"SortBy":"CreatedAt","SortOrder":"Desc","$type":"GetPropertiesListQuery"}
[2026-05-22 18:16:45.848 +07:00 INF] Executed DbCommand (0ms) [Parameters=[@__request_UserId_0='?' (Size = 450)], CommandType='"Text"', CommandTimeout='60']
SELECT COUNT(*)
FROM [Notifications] AS [n]
WHERE [n].[IsDeleted] = CAST(0 AS bit) AND [n].[UserId] = @__request_UserId_0 AND [n].[IsDeleted] = CAST(0 AS bit)
[2026-05-22 18:16:45.864 +07:00 INF] Executed DbCommand (2ms) [Parameters=[@__status_Value_0='?' (DbType = Int32)], CommandType='"Text"', CommandTimeout='60']
SELECT COUNT(*)
FROM [Properties] AS [p]
WHERE [p].[IsDeleted] = CAST(0 AS bit) AND [p].[Status] = @__status_Value_0
[2026-05-22 18:16:45.881 +07:00 INF] Executed DbCommand (0ms) [Parameters=[@__request_UserId_0='?' (Size = 450), @__p_1='?' (DbType = Int32), @__p_2='?' (DbType = Int32)], CommandType='"Text"', CommandTimeout='60']
SELECT [n].[Id], [n].[UserId], [n].[Title], [n].[Content], [n].[Type], [n].[IsRead], [n].[ReadAt], [n].[ReferenceId], [n].[ActionUrl], [n].[CreatedAt]
FROM [Notifications] AS [n]
WHERE [n].[IsDeleted] = CAST(0 AS bit) AND [n].[UserId] = @__request_UserId_0 AND [n].[IsDeleted] = CAST(0 AS bit)
ORDER BY [n].[CreatedAt] DESC
OFFSET @__p_1 ROWS FETCH NEXT @__p_2 ROWS ONLY
[2026-05-22 18:16:45.884 +07:00 INF] Handled GetUserNotificationsQuery in 46ms
[2026-05-22 18:16:45.885 +07:00 INF] Executed DbCommand (2ms) [Parameters=[@__status_Value_0='?' (DbType = Int32), @__isFeatured_Value_1='?' (DbType = Boolean)], CommandType='"Text"', CommandTimeout='60']
SELECT COUNT(*)
FROM [Properties] AS [p]
WHERE [p].[IsDeleted] = CAST(0 AS bit) AND [p].[Status] = @__status_Value_0 AND [p].[IsFeatured] = @__isFeatured_Value_1
[2026-05-22 18:16:45.886 +07:00 INF] Executing OkObjectResult, writing value of type 'VietPropEstate.Application.Common.Models.PaginatedList`1[[VietPropEstate.Application.Features.Notifications.DTOs.NotificationDto, VietPropEstate.Application, Version=1.0.0.0, Culture=neutral, PublicKeyToken=null]]'.
[2026-05-22 18:16:45.890 +07:00 INF] Executed action VietPropEstate.WebAPI.Controllers.NotificationsController.GetNotifications (VietPropEstate.WebAPI) in 52.3292ms
[2026-05-22 18:16:45.891 +07:00 INF] Executed endpoint 'VietPropEstate.WebAPI.Controllers.NotificationsController.GetNotifications (VietPropEstate.WebAPI)'
[2026-05-22 18:16:45.893 +07:00 INF] HTTP GET /api/notifications responded 200 in 62.3473 ms
[2026-05-22 18:16:45.895 +07:00 INF] Request finished HTTP/1.1 GET http://localhost:5198/api/notifications?pageNumber=1&pageSize=20&unreadOnly=false - 200 null application/json; charset=utf-8 80.1503ms
[2026-05-22 18:16:45.896 +07:00 INF] Executed DbCommand (14ms) [Parameters=[@__status_Value_0='?' (DbType = Int32), @__p_1='?' (DbType = Int32), @__p_2='?' (DbType = Int32)], CommandType='"Text"', CommandTimeout='60']
SELECT [p1].[Id], [p1].[AgentId], [p1].[Area], [p1].[CreatedAt], [p1].[CreatedBy], [p1].[DeletedAt], [p1].[DeletedBy], [p1].[Description], [p1].[Direction], [p1].[ExpiresAt], [p1].[FullAddress], [p1].[IsDeleted], [p1].[IsFeatured], [p1].[LastModifiedAt], [p1].[LastModifiedBy], [p1].[Latitude], [p1].[ListingType], [p1].[Longitude], [p1].[NumberOfBathrooms], [p1].[NumberOfBedrooms], [p1].[NumberOfFloors], [p1].[PropertyTypeId], [p1].[ProvinceCode], [p1].[ProvinceName], [p1].[PublishedAt], [p1].[RowVersion], [p1].[Slug], [p1].[Status], [p1].[Title], [p1].[TransactionTypeId], [p1].[VideoUrl], [p1].[ViewCount], [p1].[WardCode], [p1].[WardName], [p1].[AddressCountry], [p1].[AddressDistrict], [p1].[AddressLatitude], [p1].[AddressLongitude], [p1].[AddressProvince], [p1].[Street], [p1].[AddressWard], [p1].[PriceAmount], [p1].[PriceCurrency], [p2].[Id], [p2].[CreatedAt], [p2].[CreatedBy], [p2].[DeletedAt], [p2].[DeletedBy], [p2].[Description], [p2].[IsActive], [p2].[IsDeleted], [p2].[LastModifiedAt], [p2].[LastModifiedBy], [p2].[Name], [p2].[RowVersion], [a0].[Id], [a0].[AgencyName], [a0].[AvatarUrl], [a0].[Bio], [a0].[CreatedAt], [a0].[CreatedBy], [a0].[DeletedAt], [a0].[DeletedBy], [a0].[Email], [a0].[FullName], [a0].[IsActive], [a0].[IsDeleted], [a0].[LastModifiedAt], [a0].[LastModifiedBy], [a0].[LicenseNumber], [a0].[PhoneNumber], [a0].[RowVersion], [a0].[UserId], [t0].[Id], [t0].[CreatedAt], [t0].[CreatedBy], [t0].[DeletedAt], [t0].[DeletedBy], [t0].[Description], [t0].[IsActive], [t0].[IsDeleted], [t0].[LastModifiedAt], [t0].[LastModifiedBy], [t0].[Name], [t0].[RowVersion], [p4].[Id], [p4].[Caption], [p4].[CreatedAt], [p4].[CreatedBy], [p4].[DeletedAt], [p4].[DeletedBy], [p4].[DisplayOrder], [p4].[IsDeleted], [p4].[IsPrimary], [p4].[LastModifiedAt], [p4].[LastModifiedBy], [p4].[PropertyId], [p4].[RowVersion], [p4].[Url]
FROM (
    SELECT [p].[Id], [p].[AgentId], [p].[Area], [p].[CreatedAt], [p].[CreatedBy], [p].[DeletedAt], [p].[DeletedBy], [p].[Description], [p].[Direction], [p].[ExpiresAt], [p].[FullAddress], [p].[IsDeleted], [p].[IsFeatured], [p].[LastModifiedAt], [p].[LastModifiedBy], [p].[Latitude], [p].[ListingType], [p].[Longitude], [p].[NumberOfBathrooms], [p].[NumberOfBedrooms], [p].[NumberOfFloors], [p].[PropertyTypeId], [p].[ProvinceCode], [p].[ProvinceName], [p].[PublishedAt], [p].[RowVersion], [p].[Slug], [p].[Status], [p].[Title], [p].[TransactionTypeId], [p].[VideoUrl], [p].[ViewCount], [p].[WardCode], [p].[WardName], [p].[AddressCountry], [p].[AddressDistrict], [p].[AddressLatitude], [p].[AddressLongitude], [p].[AddressProvince], [p].[Street], [p].[AddressWard], [p].[PriceAmount], [p].[PriceCurrency]
    FROM [Properties] AS [p]
    WHERE [p].[IsDeleted] = CAST(0 AS bit) AND [p].[Status] = @__status_Value_0
    ORDER BY [p].[IsFeatured] DESC, [p].[CreatedAt] DESC
    OFFSET @__p_1 ROWS FETCH NEXT @__p_2 ROWS ONLY
) AS [p1]
INNER JOIN (
    SELECT [p0].[Id], [p0].[CreatedAt], [p0].[CreatedBy], [p0].[DeletedAt], [p0].[DeletedBy], [p0].[Description], [p0].[IsActive], [p0].[IsDeleted], [p0].[LastModifiedAt], [p0].[LastModifiedBy], [p0].[Name], [p0].[RowVersion]
    FROM [PropertyTypes] AS [p0]
    WHERE [p0].[IsDeleted] = CAST(0 AS bit)
) AS [p2] ON [p1].[PropertyTypeId] = [p2].[Id]
INNER JOIN (
    SELECT [a].[Id], [a].[AgencyName], [a].[AvatarUrl], [a].[Bio], [a].[CreatedAt], [a].[CreatedBy], [a].[DeletedAt], [a].[DeletedBy], [a].[Email], [a].[FullName], [a].[IsActive], [a].[IsDeleted], [a].[LastModifiedAt], [a].[LastModifiedBy], [a].[LicenseNumber], [a].[PhoneNumber], [a].[RowVersion], [a].[UserId]
    FROM [Agents] AS [a]
    WHERE [a].[IsDeleted] = CAST(0 AS bit)
) AS [a0] ON [p1].[AgentId] = [a0].[Id]
LEFT JOIN (
    SELECT [t].[Id], [t].[CreatedAt], [t].[CreatedBy], [t].[DeletedAt], [t].[DeletedBy], [t].[Description], [t].[IsActive], [t].[IsDeleted], [t].[LastModifiedAt], [t].[LastModifiedBy], [t].[Name], [t].[RowVersion]
    FROM [TransactionTypes] AS [t]
    WHERE [t].[IsDeleted] = CAST(0 AS bit)
) AS [t0] ON [p1].[TransactionTypeId] = [t0].[Id]
LEFT JOIN (
    SELECT [p3].[Id], [p3].[Caption], [p3].[CreatedAt], [p3].[CreatedBy], [p3].[DeletedAt], [p3].[DeletedBy], [p3].[DisplayOrder], [p3].[IsDeleted], [p3].[IsPrimary], [p3].[LastModifiedAt], [p3].[LastModifiedBy], [p3].[PropertyId], [p3].[RowVersion], [p3].[Url]
    FROM [PropertyImages] AS [p3]
    WHERE [p3].[IsDeleted] = CAST(0 AS bit)
) AS [p4] ON [p1].[Id] = [p4].[PropertyId]
ORDER BY [p1].[IsFeatured] DESC, [p1].[CreatedAt] DESC, [p1].[Id], [p2].[Id], [a0].[Id], [t0].[Id]
[2026-05-22 18:16:45.903 +07:00 INF] Handled GetPropertiesListQuery in 62ms
[2026-05-22 18:16:45.904 +07:00 INF] Executed DbCommand (15ms) [Parameters=[@__status_Value_0='?' (DbType = Int32), @__isFeatured_Value_1='?' (DbType = Boolean), @__p_2='?' (DbType = Int32), @__p_3='?' (DbType = Int32)], CommandType='"Text"', CommandTimeout='60']
SELECT [p1].[Id], [p1].[AgentId], [p1].[Area], [p1].[CreatedAt], [p1].[CreatedBy], [p1].[DeletedAt], [p1].[DeletedBy], [p1].[Description], [p1].[Direction], [p1].[ExpiresAt], [p1].[FullAddress], [p1].[IsDeleted], [p1].[IsFeatured], [p1].[LastModifiedAt], [p1].[LastModifiedBy], [p1].[Latitude], [p1].[ListingType], [p1].[Longitude], [p1].[NumberOfBathrooms], [p1].[NumberOfBedrooms], [p1].[NumberOfFloors], [p1].[PropertyTypeId], [p1].[ProvinceCode], [p1].[ProvinceName], [p1].[PublishedAt], [p1].[RowVersion], [p1].[Slug], [p1].[Status], [p1].[Title], [p1].[TransactionTypeId], [p1].[VideoUrl], [p1].[ViewCount], [p1].[WardCode], [p1].[WardName], [p1].[AddressCountry], [p1].[AddressDistrict], [p1].[AddressLatitude], [p1].[AddressLongitude], [p1].[AddressProvince], [p1].[Street], [p1].[AddressWard], [p1].[PriceAmount], [p1].[PriceCurrency], [p2].[Id], [p2].[CreatedAt], [p2].[CreatedBy], [p2].[DeletedAt], [p2].[DeletedBy], [p2].[Description], [p2].[IsActive], [p2].[IsDeleted], [p2].[LastModifiedAt], [p2].[LastModifiedBy], [p2].[Name], [p2].[RowVersion], [a0].[Id], [a0].[AgencyName], [a0].[AvatarUrl], [a0].[Bio], [a0].[CreatedAt], [a0].[CreatedBy], [a0].[DeletedAt], [a0].[DeletedBy], [a0].[Email], [a0].[FullName], [a0].[IsActive], [a0].[IsDeleted], [a0].[LastModifiedAt], [a0].[LastModifiedBy], [a0].[LicenseNumber], [a0].[PhoneNumber], [a0].[RowVersion], [a0].[UserId], [t0].[Id], [t0].[CreatedAt], [t0].[CreatedBy], [t0].[DeletedAt], [t0].[DeletedBy], [t0].[Description], [t0].[IsActive], [t0].[IsDeleted], [t0].[LastModifiedAt], [t0].[LastModifiedBy], [t0].[Name], [t0].[RowVersion], [p4].[Id], [p4].[Caption], [p4].[CreatedAt], [p4].[CreatedBy], [p4].[DeletedAt], [p4].[DeletedBy], [p4].[DisplayOrder], [p4].[IsDeleted], [p4].[IsPrimary], [p4].[LastModifiedAt], [p4].[LastModifiedBy], [p4].[PropertyId], [p4].[RowVersion], [p4].[Url]
FROM (
    SELECT [p].[Id], [p].[AgentId], [p].[Area], [p].[CreatedAt], [p].[CreatedBy], [p].[DeletedAt], [p].[DeletedBy], [p].[Description], [p].[Direction], [p].[ExpiresAt], [p].[FullAddress], [p].[IsDeleted], [p].[IsFeatured], [p].[LastModifiedAt], [p].[LastModifiedBy], [p].[Latitude], [p].[ListingType], [p].[Longitude], [p].[NumberOfBathrooms], [p].[NumberOfBedrooms], [p].[NumberOfFloors], [p].[PropertyTypeId], [p].[ProvinceCode], [p].[ProvinceName], [p].[PublishedAt], [p].[RowVersion], [p].[Slug], [p].[Status], [p].[Title], [p].[TransactionTypeId], [p].[VideoUrl], [p].[ViewCount], [p].[WardCode], [p].[WardName], [p].[AddressCountry], [p].[AddressDistrict], [p].[AddressLatitude], [p].[AddressLongitude], [p].[AddressProvince], [p].[Street], [p].[AddressWard], [p].[PriceAmount], [p].[PriceCurrency]
    FROM [Properties] AS [p]
    WHERE [p].[IsDeleted] = CAST(0 AS bit) AND [p].[Status] = @__status_Value_0 AND [p].[IsFeatured] = @__isFeatured_Value_1
    ORDER BY [p].[IsFeatured] DESC, [p].[CreatedAt] DESC
    OFFSET @__p_2 ROWS FETCH NEXT @__p_3 ROWS ONLY
) AS [p1]
INNER JOIN (
    SELECT [p0].[Id], [p0].[CreatedAt], [p0].[CreatedBy], [p0].[DeletedAt], [p0].[DeletedBy], [p0].[Description], [p0].[IsActive], [p0].[IsDeleted], [p0].[LastModifiedAt], [p0].[LastModifiedBy], [p0].[Name], [p0].[RowVersion]
    FROM [PropertyTypes] AS [p0]
    WHERE [p0].[IsDeleted] = CAST(0 AS bit)
) AS [p2] ON [p1].[PropertyTypeId] = [p2].[Id]
INNER JOIN (
    SELECT [a].[Id], [a].[AgencyName], [a].[AvatarUrl], [a].[Bio], [a].[CreatedAt], [a].[CreatedBy], [a].[DeletedAt], [a].[DeletedBy], [a].[Email], [a].[FullName], [a].[IsActive], [a].[IsDeleted], [a].[LastModifiedAt], [a].[LastModifiedBy], [a].[LicenseNumber], [a].[PhoneNumber], [a].[RowVersion], [a].[UserId]
    FROM [Agents] AS [a]
    WHERE [a].[IsDeleted] = CAST(0 AS bit)
) AS [a0] ON [p1].[AgentId] = [a0].[Id]
LEFT JOIN (
    SELECT [t].[Id], [t].[CreatedAt], [t].[CreatedBy], [t].[DeletedAt], [t].[DeletedBy], [t].[Description], [t].[IsActive], [t].[IsDeleted], [t].[LastModifiedAt], [t].[LastModifiedBy], [t].[Name], [t].[RowVersion]
    FROM [TransactionTypes] AS [t]
    WHERE [t].[IsDeleted] = CAST(0 AS bit)
) AS [t0] ON [p1].[TransactionTypeId] = [t0].[Id]
LEFT JOIN (
    SELECT [p3].[Id], [p3].[Caption], [p3].[CreatedAt], [p3].[CreatedBy], [p3].[DeletedAt], [p3].[DeletedBy], [p3].[DisplayOrder], [p3].[IsDeleted], [p3].[IsPrimary], [p3].[LastModifiedAt], [p3].[LastModifiedBy], [p3].[PropertyId], [p3].[RowVersion], [p3].[Url]
    FROM [PropertyImages] AS [p3]
    WHERE [p3].[IsDeleted] = CAST(0 AS bit)
) AS [p4] ON [p1].[Id] = [p4].[PropertyId]
ORDER BY [p1].[IsFeatured] DESC, [p1].[CreatedAt] DESC, [p1].[Id], [p2].[Id], [a0].[Id], [t0].[Id]
[2026-05-22 18:16:45.905 +07:00 INF] Executing OkObjectResult, writing value of type 'VietPropEstate.Application.Common.Models.PaginatedList`1[[VietPropEstate.Application.Features.Properties.DTOs.PropertyDto, VietPropEstate.Application, Version=1.0.0.0, Culture=neutral, PublicKeyToken=null]]'.
[2026-05-22 18:16:45.909 +07:00 INF] Handled GetPropertiesListQuery in 66ms
[2026-05-22 18:16:45.910 +07:00 INF] Executed action VietPropEstate.WebAPI.Controllers.PropertiesController.GetList (VietPropEstate.WebAPI) in 70.4299ms
[2026-05-22 18:16:45.911 +07:00 INF] Executing OkObjectResult, writing value of type 'VietPropEstate.Application.Common.Models.PaginatedList`1[[VietPropEstate.Application.Features.Properties.DTOs.PropertyDto, VietPropEstate.Application, Version=1.0.0.0, Culture=neutral, PublicKeyToken=null]]'.
[2026-05-22 18:16:45.912 +07:00 INF] Executed endpoint 'VietPropEstate.WebAPI.Controllers.PropertiesController.GetList (VietPropEstate.WebAPI)'
[2026-05-22 18:16:45.914 +07:00 INF] Executed action VietPropEstate.WebAPI.Controllers.PropertiesController.GetList (VietPropEstate.WebAPI) in 72.4107ms
[2026-05-22 18:16:45.915 +07:00 INF] HTTP GET /api/properties responded 200 in 83.9334 ms
[2026-05-22 18:16:45.917 +07:00 INF] Executed endpoint 'VietPropEstate.WebAPI.Controllers.PropertiesController.GetList (VietPropEstate.WebAPI)'
[2026-05-22 18:16:45.918 +07:00 INF] Request finished HTTP/1.1 GET http://localhost:5198/api/properties?pageNumber=1&pageSize=6&status=1&sortBy=CreatedAt&sortOrder=Desc - 200 null application/json; charset=utf-8 100.4878ms
[2026-05-22 18:16:45.920 +07:00 INF] HTTP GET /api/properties responded 200 in 87.6212 ms
[2026-05-22 18:16:45.925 +07:00 INF] Request finished HTTP/1.1 GET http://localhost:5198/api/properties?pageNumber=1&pageSize=3&isFeatured=True&status=1&sortBy=CreatedAt&sortOrder=Desc - 200 null application/json; charset=utf-8 103.5464ms
[2026-05-22 18:16:49.933 +07:00 INF] Request starting HTTP/1.1 OPTIONS http://localhost:5198/api/favorites/2c190143-46b6-42a3-a91d-6b6a8a10069c - null null
[2026-05-22 18:16:49.935 +07:00 INF] CORS policy execution successful.
[2026-05-22 18:16:49.936 +07:00 INF] Request finished HTTP/1.1 OPTIONS http://localhost:5198/api/favorites/2c190143-46b6-42a3-a91d-6b6a8a10069c - 204 null null 3.5804ms
[2026-05-22 18:16:49.939 +07:00 INF] Request starting HTTP/1.1 POST http://localhost:5198/api/favorites/2c190143-46b6-42a3-a91d-6b6a8a10069c - application/json; charset=utf-8 2
[2026-05-22 18:16:49.942 +07:00 INF] CORS policy execution successful.
[2026-05-22 18:16:49.943 +07:00 INF] Executing endpoint 'VietPropEstate.WebAPI.Controllers.FavoritesController.Toggle (VietPropEstate.WebAPI)'
[2026-05-22 18:16:49.947 +07:00 INF] Route matched with {action = "Toggle", controller = "Favorites"}. Executing controller action with signature System.Threading.Tasks.Task`1[Microsoft.AspNetCore.Mvc.IActionResult] Toggle(System.Guid, VietPropEstate.WebAPI.Controllers.ToggleFavoriteRequest, System.Threading.CancellationToken) on controller VietPropEstate.WebAPI.Controllers.FavoritesController (VietPropEstate.WebAPI).
[2026-05-22 18:16:49.959 +07:00 INF] Handling ToggleFavoriteCommand {"UserId":"b0d7f7d4-26e4-447e-8c5b-8702835f658c","PropertyId":"2c190143-46b6-42a3-a91d-6b6a8a10069c","Note":null,"$type":"ToggleFavoriteCommand"}
[2026-05-22 18:16:49.973 +07:00 INF] Executed DbCommand (1ms) [Parameters=[@__request_PropertyId_0='?' (DbType = Guid)], CommandType='"Text"', CommandTimeout='60']
SELECT CASE
    WHEN EXISTS (
        SELECT 1
        FROM [Properties] AS [p]
        WHERE [p].[IsDeleted] = CAST(0 AS bit) AND [p].[Id] = @__request_PropertyId_0) THEN CAST(1 AS bit)
    ELSE CAST(0 AS bit)
END
[2026-05-22 18:16:49.986 +07:00 INF] Executed DbCommand (2ms) [Parameters=[@__request_UserId_0='?' (Size = 450), @__request_PropertyId_1='?' (DbType = Guid)], CommandType='"Text"', CommandTimeout='60']
SELECT TOP(1) [f].[Id], [f].[CreatedAt], [f].[CreatedBy], [f].[DeletedAt], [f].[DeletedBy], [f].[IsDeleted], [f].[LastModifiedAt], [f].[LastModifiedBy], [f].[Note], [f].[PropertyId], [f].[RowVersion], [f].[UserId]
FROM [Favorites] AS [f]
WHERE [f].[IsDeleted] = CAST(0 AS bit) AND [f].[UserId] = @__request_UserId_0 AND [f].[PropertyId] = @__request_PropertyId_1 AND [f].[IsDeleted] = CAST(0 AS bit)
[2026-05-22 18:16:50.029 +07:00 INF] Executed DbCommand (5ms) [Parameters=[@p0='?' (DbType = Guid), @p1='?' (DbType = DateTime2), @p2='?' (Size = 4000), @p3='?' (DbType = DateTime2), @p4='?' (Size = 4000), @p5='?' (DbType = Boolean), @p6='?' (DbType = DateTime2), @p7='?' (Size = 4000), @p8='?' (Size = 1000), @p9='?' (DbType = Guid), @p10='?' (Size = 450)], CommandType='"Text"', CommandTimeout='60']
SET IMPLICIT_TRANSACTIONS OFF;
SET NOCOUNT ON;
INSERT INTO [Favorites] ([Id], [CreatedAt], [CreatedBy], [DeletedAt], [DeletedBy], [IsDeleted], [LastModifiedAt], [LastModifiedBy], [Note], [PropertyId], [UserId])
OUTPUT INSERTED.[RowVersion]
VALUES (@p0, @p1, @p2, @p3, @p4, @p5, @p6, @p7, @p8, @p9, @p10);
[2026-05-22 18:16:50.039 +07:00 INF] Handled ToggleFavoriteCommand in 79ms
[2026-05-22 18:16:50.041 +07:00 INF] Executing OkObjectResult, writing value of type '<>f__AnonymousType14`2[[System.Boolean, System.Private.CoreLib, Version=9.0.0.0, Culture=neutral, PublicKeyToken=7cec85d7bea7798e],[System.String, System.Private.CoreLib, Version=9.0.0.0, Culture=neutral, PublicKeyToken=7cec85d7bea7798e]]'.
[2026-05-22 18:16:50.044 +07:00 INF] Executed action VietPropEstate.WebAPI.Controllers.FavoritesController.Toggle (VietPropEstate.WebAPI) in 95.4635ms
[2026-05-22 18:16:50.046 +07:00 INF] Executed endpoint 'VietPropEstate.WebAPI.Controllers.FavoritesController.Toggle (VietPropEstate.WebAPI)'
[2026-05-22 18:16:50.047 +07:00 INF] HTTP POST /api/favorites/2c190143-46b6-42a3-a91d-6b6a8a10069c responded 200 in 104.3979 ms
[2026-05-22 18:16:50.049 +07:00 INF] Request finished HTTP/1.1 POST http://localhost:5198/api/favorites/2c190143-46b6-42a3-a91d-6b6a8a10069c - 200 null application/json; charset=utf-8 109.8053ms
[2026-05-22 18:16:56.121 +07:00 INF] Request starting HTTP/1.1 OPTIONS http://localhost:5198/api/conversations/unread - null null
[2026-05-22 18:16:56.123 +07:00 INF] CORS policy execution successful.
[2026-05-22 18:16:56.124 +07:00 INF] Request finished HTTP/1.1 OPTIONS http://localhost:5198/api/conversations/unread - 204 null null 3.191ms
[2026-05-22 18:16:56.127 +07:00 INF] Request starting HTTP/1.1 GET http://localhost:5198/api/conversations/unread - null null
[2026-05-22 18:16:56.129 +07:00 INF] CORS policy execution successful.
[2026-05-22 18:16:56.131 +07:00 INF] Executing endpoint 'VietPropEstate.WebAPI.Controllers.ConversationsController.GetUnreadCounts (VietPropEstate.WebAPI)'
[2026-05-22 18:16:56.132 +07:00 INF] Route matched with {action = "GetUnreadCounts", controller = "Conversations"}. Executing controller action with signature System.Threading.Tasks.Task`1[Microsoft.AspNetCore.Mvc.IActionResult] GetUnreadCounts(System.Threading.CancellationToken) on controller VietPropEstate.WebAPI.Controllers.ConversationsController (VietPropEstate.WebAPI).
[2026-05-22 18:16:56.134 +07:00 INF] Request starting HTTP/1.1 OPTIONS http://localhost:5198/api/notifications?pageNumber=1&pageSize=20&unreadOnly=false - null null
[2026-05-22 18:16:56.134 +07:00 INF] Handling GetUnreadCountQuery {"UserId":"b0d7f7d4-26e4-447e-8c5b-8702835f658c","$type":"GetUnreadCountQuery"}
[2026-05-22 18:16:56.135 +07:00 INF] Request starting HTTP/1.1 OPTIONS http://localhost:5198/api/dashboard/stats - null null
[2026-05-22 18:16:56.135 +07:00 INF] Request starting HTTP/1.1 OPTIONS http://localhost:5198/api/properties/my-listings?pageNumber=1&pageSize=10 - null null
[2026-05-22 18:16:56.137 +07:00 INF] CORS policy execution successful.
[2026-05-22 18:16:56.141 +07:00 INF] Executed DbCommand (0ms) [Parameters=[@__request_UserId_0='?' (Size = 450)], CommandType='"Text"', CommandTimeout='60']
SELECT COALESCE(SUM(CASE
    WHEN [c].[BuyerId] = @__request_UserId_0 THEN [c].[BuyerUnreadCount]
    ELSE [c].[SellerUnreadCount]
END), 0)
FROM [Conversations] AS [c]
WHERE [c].[IsDeleted] = CAST(0 AS bit) AND ([c].[BuyerId] = @__request_UserId_0 OR [c].[SellerId] = @__request_UserId_0) AND [c].[IsDeleted] = CAST(0 AS bit)
[2026-05-22 18:16:56.142 +07:00 INF] CORS policy execution successful.
[2026-05-22 18:16:56.144 +07:00 INF] CORS policy execution successful.
[2026-05-22 18:16:56.145 +07:00 INF] Request finished HTTP/1.1 OPTIONS http://localhost:5198/api/notifications?pageNumber=1&pageSize=20&unreadOnly=false - 204 null null 11.7312ms
[2026-05-22 18:16:56.148 +07:00 INF] Request finished HTTP/1.1 OPTIONS http://localhost:5198/api/dashboard/stats - 204 null null 13.5392ms
[2026-05-22 18:16:56.149 +07:00 INF] Executed DbCommand (0ms) [Parameters=[@__request_UserId_0='?' (Size = 450)], CommandType='"Text"', CommandTimeout='60']
SELECT COUNT(*)
FROM [Notifications] AS [n]
WHERE [n].[IsDeleted] = CAST(0 AS bit) AND [n].[UserId] = @__request_UserId_0 AND [n].[IsRead] = CAST(0 AS bit) AND [n].[IsDeleted] = CAST(0 AS bit)
[2026-05-22 18:16:56.149 +07:00 INF] Request finished HTTP/1.1 OPTIONS http://localhost:5198/api/properties/my-listings?pageNumber=1&pageSize=10 - 204 null null 14.0828ms
[2026-05-22 18:16:56.152 +07:00 INF] Request starting HTTP/1.1 GET http://localhost:5198/api/notifications?pageNumber=1&pageSize=20&unreadOnly=false - null null
[2026-05-22 18:16:56.156 +07:00 INF] Request starting HTTP/1.1 GET http://localhost:5198/api/properties/my-listings?pageNumber=1&pageSize=10 - null null
[2026-05-22 18:16:56.158 +07:00 INF] Handled GetUnreadCountQuery in 23ms
[2026-05-22 18:16:56.161 +07:00 INF] Request starting HTTP/1.1 GET http://localhost:5198/api/dashboard/stats - null null
[2026-05-22 18:16:56.163 +07:00 INF] CORS policy execution successful.
[2026-05-22 18:16:56.166 +07:00 INF] CORS policy execution successful.
[2026-05-22 18:16:56.168 +07:00 INF] Executing OkObjectResult, writing value of type 'VietPropEstate.Application.Features.Chat.Queries.GetUnreadCount.UnreadCountResult'.
[2026-05-22 18:16:56.170 +07:00 INF] CORS policy execution successful.
[2026-05-22 18:16:56.171 +07:00 INF] Executing endpoint 'VietPropEstate.WebAPI.Controllers.NotificationsController.GetNotifications (VietPropEstate.WebAPI)'
[2026-05-22 18:16:56.172 +07:00 INF] Executing endpoint 'VietPropEstate.WebAPI.Controllers.PropertiesController.GetMyListings (VietPropEstate.WebAPI)'
[2026-05-22 18:16:56.174 +07:00 INF] Executed action VietPropEstate.WebAPI.Controllers.ConversationsController.GetUnreadCounts (VietPropEstate.WebAPI) in 39.7006ms
[2026-05-22 18:16:56.175 +07:00 INF] Executing endpoint 'VietPropEstate.WebAPI.Controllers.DashboardController.GetStats (VietPropEstate.WebAPI)'
[2026-05-22 18:16:56.175 +07:00 INF] Route matched with {action = "GetNotifications", controller = "Notifications"}. Executing controller action with signature System.Threading.Tasks.Task`1[Microsoft.AspNetCore.Mvc.IActionResult] GetNotifications(Int32, Int32, Boolean, System.Threading.CancellationToken) on controller VietPropEstate.WebAPI.Controllers.NotificationsController (VietPropEstate.WebAPI).
[2026-05-22 18:16:56.177 +07:00 INF] Route matched with {action = "GetMyListings", controller = "Properties"}. Executing controller action with signature System.Threading.Tasks.Task`1[Microsoft.AspNetCore.Mvc.IActionResult] GetMyListings(Int32, Int32, System.Nullable`1[VietPropEstate.Domain.Enums.PropertyStatus], System.Threading.CancellationToken) on controller VietPropEstate.WebAPI.Controllers.PropertiesController (VietPropEstate.WebAPI).
[2026-05-22 18:16:56.178 +07:00 INF] Executed endpoint 'VietPropEstate.WebAPI.Controllers.ConversationsController.GetUnreadCounts (VietPropEstate.WebAPI)'
[2026-05-22 18:16:56.179 +07:00 INF] Route matched with {action = "GetStats", controller = "Dashboard"}. Executing controller action with signature System.Threading.Tasks.Task`1[Microsoft.AspNetCore.Mvc.IActionResult] GetStats(System.Threading.CancellationToken) on controller VietPropEstate.WebAPI.Controllers.DashboardController (VietPropEstate.WebAPI).
[2026-05-22 18:16:56.182 +07:00 INF] Handling GetUserNotificationsQuery {"UserId":"b0d7f7d4-26e4-447e-8c5b-8702835f658c","PageNumber":1,"PageSize":20,"UnreadOnly":false,"$type":"GetUserNotificationsQuery"}
[2026-05-22 18:16:56.183 +07:00 INF] Handling GetMyPropertiesQuery {"PageNumber":1,"PageSize":10,"Status":null,"$type":"GetMyPropertiesQuery"}
[2026-05-22 18:16:56.184 +07:00 INF] HTTP GET /api/conversations/unread responded 200 in 54.0644 ms
[2026-05-22 18:16:56.188 +07:00 INF] Executed DbCommand (0ms) [Parameters=[@__userId_0='?' (Size = 450)], CommandType='"Text"', CommandTimeout='60']
SELECT TOP(1) [a].[Id], [a].[AgencyName], [a].[AvatarUrl], [a].[Bio], [a].[CreatedAt], [a].[CreatedBy], [a].[DeletedAt], [a].[DeletedBy], [a].[Email], [a].[FullName], [a].[IsActive], [a].[IsDeleted], [a].[LastModifiedAt], [a].[LastModifiedBy], [a].[LicenseNumber], [a].[PhoneNumber], [a].[RowVersion], [a].[UserId]
FROM [Agents] AS [a]
WHERE [a].[IsDeleted] = CAST(0 AS bit) AND [a].[UserId] = @__userId_0 AND [a].[IsDeleted] = CAST(0 AS bit)
[2026-05-22 18:16:56.192 +07:00 INF] Executed DbCommand (0ms) [Parameters=[@__request_UserId_0='?' (Size = 450)], CommandType='"Text"', CommandTimeout='60']
SELECT COUNT(*)
FROM [Notifications] AS [n]
WHERE [n].[IsDeleted] = CAST(0 AS bit) AND [n].[UserId] = @__request_UserId_0 AND [n].[IsDeleted] = CAST(0 AS bit)
[2026-05-22 18:16:56.195 +07:00 INF] Executed DbCommand (0ms) [Parameters=[@___currentUser_UserId_0='?' (Size = 450)], CommandType='"Text"', CommandTimeout='60']
SELECT TOP(1) [a].[Id], [a].[AgencyName], [a].[AvatarUrl], [a].[Bio], [a].[CreatedAt], [a].[CreatedBy], [a].[DeletedAt], [a].[DeletedBy], [a].[Email], [a].[FullName], [a].[IsActive], [a].[IsDeleted], [a].[LastModifiedAt], [a].[LastModifiedBy], [a].[LicenseNumber], [a].[PhoneNumber], [a].[RowVersion], [a].[UserId]
FROM [Agents] AS [a]
WHERE [a].[IsDeleted] = CAST(0 AS bit) AND [a].[UserId] = @___currentUser_UserId_0 AND [a].[IsActive] = CAST(1 AS bit) AND [a].[IsDeleted] = CAST(0 AS bit)
[2026-05-22 18:16:56.196 +07:00 INF] Request finished HTTP/1.1 GET http://localhost:5198/api/conversations/unread - 200 null application/json; charset=utf-8 69.3169ms
[2026-05-22 18:16:56.200 +07:00 INF] Executed DbCommand (0ms) [Parameters=[@__agent_Id_0='?' (DbType = Guid)], CommandType='"Text"', CommandTimeout='60']
SELECT [p].[Status], [p].[ViewCount]
FROM [Properties] AS [p]
WHERE [p].[IsDeleted] = CAST(0 AS bit) AND [p].[AgentId] = @__agent_Id_0
[2026-05-22 18:16:56.202 +07:00 INF] Executed DbCommand (1ms) [Parameters=[@__request_UserId_0='?' (Size = 450), @__p_1='?' (DbType = Int32), @__p_2='?' (DbType = Int32)], CommandType='"Text"', CommandTimeout='60']
SELECT [n].[Id], [n].[UserId], [n].[Title], [n].[Content], [n].[Type], [n].[IsRead], [n].[ReadAt], [n].[ReferenceId], [n].[ActionUrl], [n].[CreatedAt]
FROM [Notifications] AS [n]
WHERE [n].[IsDeleted] = CAST(0 AS bit) AND [n].[UserId] = @__request_UserId_0 AND [n].[IsDeleted] = CAST(0 AS bit)
ORDER BY [n].[CreatedAt] DESC
OFFSET @__p_1 ROWS FETCH NEXT @__p_2 ROWS ONLY
[2026-05-22 18:16:56.204 +07:00 INF] Executed DbCommand (0ms) [Parameters=[@__agentId_0='?' (DbType = Guid)], CommandType='"Text"', CommandTimeout='60']
SELECT COUNT(*)
FROM [Properties] AS [p]
WHERE [p].[IsDeleted] = CAST(0 AS bit) AND [p].[AgentId] = @__agentId_0
[2026-05-22 18:16:56.209 +07:00 INF] Executed DbCommand (0ms) [Parameters=[@__userId_0='?' (Size = 450)], CommandType='"Text"', CommandTimeout='60']
SELECT COUNT(*)
FROM [Favorites] AS [f]
WHERE [f].[IsDeleted] = CAST(0 AS bit) AND [f].[UserId] = @__userId_0 AND [f].[IsDeleted] = CAST(0 AS bit)
[2026-05-22 18:16:56.211 +07:00 INF] Handled GetUserNotificationsQuery in 29ms
[2026-05-22 18:16:56.215 +07:00 INF] Executed DbCommand (1ms) [Parameters=[@__agentId_0='?' (DbType = Guid), @__p_1='?' (DbType = Int32), @__p_2='?' (DbType = Int32)], CommandType='"Text"', CommandTimeout='60']
SELECT [p1].[Id], [p1].[AgentId], [p1].[Area], [p1].[CreatedAt], [p1].[CreatedBy], [p1].[DeletedAt], [p1].[DeletedBy], [p1].[Description], [p1].[Direction], [p1].[ExpiresAt], [p1].[FullAddress], [p1].[IsDeleted], [p1].[IsFeatured], [p1].[LastModifiedAt], [p1].[LastModifiedBy], [p1].[Latitude], [p1].[ListingType], [p1].[Longitude], [p1].[NumberOfBathrooms], [p1].[NumberOfBedrooms], [p1].[NumberOfFloors], [p1].[PropertyTypeId], [p1].[ProvinceCode], [p1].[ProvinceName], [p1].[PublishedAt], [p1].[RowVersion], [p1].[Slug], [p1].[Status], [p1].[Title], [p1].[TransactionTypeId], [p1].[VideoUrl], [p1].[ViewCount], [p1].[WardCode], [p1].[WardName], [p1].[AddressCountry], [p1].[AddressDistrict], [p1].[AddressLatitude], [p1].[AddressLongitude], [p1].[AddressProvince], [p1].[Street], [p1].[AddressWard], [p1].[PriceAmount], [p1].[PriceCurrency], [p2].[Id], [p2].[CreatedAt], [p2].[CreatedBy], [p2].[DeletedAt], [p2].[DeletedBy], [p2].[Description], [p2].[IsActive], [p2].[IsDeleted], [p2].[LastModifiedAt], [p2].[LastModifiedBy], [p2].[Name], [p2].[RowVersion], [a0].[Id], [a0].[AgencyName], [a0].[AvatarUrl], [a0].[Bio], [a0].[CreatedAt], [a0].[CreatedBy], [a0].[DeletedAt], [a0].[DeletedBy], [a0].[Email], [a0].[FullName], [a0].[IsActive], [a0].[IsDeleted], [a0].[LastModifiedAt], [a0].[LastModifiedBy], [a0].[LicenseNumber], [a0].[PhoneNumber], [a0].[RowVersion], [a0].[UserId], [t0].[Id], [t0].[CreatedAt], [t0].[CreatedBy], [t0].[DeletedAt], [t0].[DeletedBy], [t0].[Description], [t0].[IsActive], [t0].[IsDeleted], [t0].[LastModifiedAt], [t0].[LastModifiedBy], [t0].[Name], [t0].[RowVersion], [p4].[Id], [p4].[Caption], [p4].[CreatedAt], [p4].[CreatedBy], [p4].[DeletedAt], [p4].[DeletedBy], [p4].[DisplayOrder], [p4].[IsDeleted], [p4].[IsPrimary], [p4].[LastModifiedAt], [p4].[LastModifiedBy], [p4].[PropertyId], [p4].[RowVersion], [p4].[Url]
FROM (
    SELECT [p].[Id], [p].[AgentId], [p].[Area], [p].[CreatedAt], [p].[CreatedBy], [p].[DeletedAt], [p].[DeletedBy], [p].[Description], [p].[Direction], [p].[ExpiresAt], [p].[FullAddress], [p].[IsDeleted], [p].[IsFeatured], [p].[LastModifiedAt], [p].[LastModifiedBy], [p].[Latitude], [p].[ListingType], [p].[Longitude], [p].[NumberOfBathrooms], [p].[NumberOfBedrooms], [p].[NumberOfFloors], [p].[PropertyTypeId], [p].[ProvinceCode], [p].[ProvinceName], [p].[PublishedAt], [p].[RowVersion], [p].[Slug], [p].[Status], [p].[Title], [p].[TransactionTypeId], [p].[VideoUrl], [p].[ViewCount], [p].[WardCode], [p].[WardName], [p].[AddressCountry], [p].[AddressDistrict], [p].[AddressLatitude], [p].[AddressLongitude], [p].[AddressProvince], [p].[Street], [p].[AddressWard], [p].[PriceAmount], [p].[PriceCurrency]
    FROM [Properties] AS [p]
    WHERE [p].[IsDeleted] = CAST(0 AS bit) AND [p].[AgentId] = @__agentId_0
    ORDER BY [p].[CreatedAt] DESC
    OFFSET @__p_1 ROWS FETCH NEXT @__p_2 ROWS ONLY
) AS [p1]
INNER JOIN (
    SELECT [p0].[Id], [p0].[CreatedAt], [p0].[CreatedBy], [p0].[DeletedAt], [p0].[DeletedBy], [p0].[Description], [p0].[IsActive], [p0].[IsDeleted], [p0].[LastModifiedAt], [p0].[LastModifiedBy], [p0].[Name], [p0].[RowVersion]
    FROM [PropertyTypes] AS [p0]
    WHERE [p0].[IsDeleted] = CAST(0 AS bit)
) AS [p2] ON [p1].[PropertyTypeId] = [p2].[Id]
INNER JOIN (
    SELECT [a].[Id], [a].[AgencyName], [a].[AvatarUrl], [a].[Bio], [a].[CreatedAt], [a].[CreatedBy], [a].[DeletedAt], [a].[DeletedBy], [a].[Email], [a].[FullName], [a].[IsActive], [a].[IsDeleted], [a].[LastModifiedAt], [a].[LastModifiedBy], [a].[LicenseNumber], [a].[PhoneNumber], [a].[RowVersion], [a].[UserId]
    FROM [Agents] AS [a]
    WHERE [a].[IsDeleted] = CAST(0 AS bit)
) AS [a0] ON [p1].[AgentId] = [a0].[Id]
LEFT JOIN (
    SELECT [t].[Id], [t].[CreatedAt], [t].[CreatedBy], [t].[DeletedAt], [t].[DeletedBy], [t].[Description], [t].[IsActive], [t].[IsDeleted], [t].[LastModifiedAt], [t].[LastModifiedBy], [t].[Name], [t].[RowVersion]
    FROM [TransactionTypes] AS [t]
    WHERE [t].[IsDeleted] = CAST(0 AS bit)
) AS [t0] ON [p1].[TransactionTypeId] = [t0].[Id]
LEFT JOIN (
    SELECT [p3].[Id], [p3].[Caption], [p3].[CreatedAt], [p3].[CreatedBy], [p3].[DeletedAt], [p3].[DeletedBy], [p3].[DisplayOrder], [p3].[IsDeleted], [p3].[IsPrimary], [p3].[LastModifiedAt], [p3].[LastModifiedBy], [p3].[PropertyId], [p3].[RowVersion], [p3].[Url]
    FROM [PropertyImages] AS [p3]
    WHERE [p3].[IsDeleted] = CAST(0 AS bit)
) AS [p4] ON [p1].[Id] = [p4].[PropertyId]
ORDER BY [p1].[CreatedAt] DESC, [p1].[Id], [p2].[Id], [a0].[Id], [t0].[Id]
[2026-05-22 18:16:56.216 +07:00 INF] Handling GetUnreadCountQuery {"UserId":"b0d7f7d4-26e4-447e-8c5b-8702835f658c","$type":"GetUnreadCountQuery"}
[2026-05-22 18:16:56.218 +07:00 INF] Executing OkObjectResult, writing value of type 'VietPropEstate.Application.Common.Models.PaginatedList`1[[VietPropEstate.Application.Features.Notifications.DTOs.NotificationDto, VietPropEstate.Application, Version=1.0.0.0, Culture=neutral, PublicKeyToken=null]]'.
[2026-05-22 18:16:56.222 +07:00 INF] Handled GetMyPropertiesQuery in 38ms
[2026-05-22 18:16:56.225 +07:00 INF] Executed DbCommand (0ms) [Parameters=[@__request_UserId_0='?' (Size = 450)], CommandType='"Text"', CommandTimeout='60']
SELECT COALESCE(SUM(CASE
    WHEN [c].[BuyerId] = @__request_UserId_0 THEN [c].[BuyerUnreadCount]
    ELSE [c].[SellerUnreadCount]
END), 0)
FROM [Conversations] AS [c]
WHERE [c].[IsDeleted] = CAST(0 AS bit) AND ([c].[BuyerId] = @__request_UserId_0 OR [c].[SellerId] = @__request_UserId_0) AND [c].[IsDeleted] = CAST(0 AS bit)
[2026-05-22 18:16:56.226 +07:00 INF] Executed action VietPropEstate.WebAPI.Controllers.NotificationsController.GetNotifications (VietPropEstate.WebAPI) in 44.9377ms
[2026-05-22 18:16:56.227 +07:00 INF] Executing OkObjectResult, writing value of type 'VietPropEstate.Application.Common.Models.PaginatedList`1[[VietPropEstate.Application.Features.Properties.DTOs.PropertyDto, VietPropEstate.Application, Version=1.0.0.0, Culture=neutral, PublicKeyToken=null]]'.
[2026-05-22 18:16:56.231 +07:00 INF] Executed DbCommand (0ms) [Parameters=[@__request_UserId_0='?' (Size = 450)], CommandType='"Text"', CommandTimeout='60']
SELECT COUNT(*)
FROM [Notifications] AS [n]
WHERE [n].[IsDeleted] = CAST(0 AS bit) AND [n].[UserId] = @__request_UserId_0 AND [n].[IsRead] = CAST(0 AS bit) AND [n].[IsDeleted] = CAST(0 AS bit)
[2026-05-22 18:16:56.231 +07:00 INF] Executed endpoint 'VietPropEstate.WebAPI.Controllers.NotificationsController.GetNotifications (VietPropEstate.WebAPI)'
[2026-05-22 18:16:56.233 +07:00 INF] Executed action VietPropEstate.WebAPI.Controllers.PropertiesController.GetMyListings (VietPropEstate.WebAPI) in 49.759ms
[2026-05-22 18:16:56.235 +07:00 INF] Handled GetUnreadCountQuery in 18ms
[2026-05-22 18:16:56.236 +07:00 INF] HTTP GET /api/notifications responded 200 in 65.1546 ms
[2026-05-22 18:16:56.238 +07:00 INF] Executed endpoint 'VietPropEstate.WebAPI.Controllers.PropertiesController.GetMyListings (VietPropEstate.WebAPI)'
[2026-05-22 18:16:56.239 +07:00 INF] Executing OkObjectResult, writing value of type 'VietPropEstate.Application.Features.Dashboard.DTOs.DashboardStatsDto'.
[2026-05-22 18:16:56.241 +07:00 INF] Request finished HTTP/1.1 GET http://localhost:5198/api/notifications?pageNumber=1&pageSize=20&unreadOnly=false - 200 null application/json; charset=utf-8 88.9807ms
[2026-05-22 18:16:56.242 +07:00 INF] HTTP GET /api/properties/my-listings responded 200 in 70.6143 ms
[2026-05-22 18:16:56.244 +07:00 INF] Executed action VietPropEstate.WebAPI.Controllers.DashboardController.GetStats (VietPropEstate.WebAPI) in 57.7979ms
[2026-05-22 18:16:56.249 +07:00 INF] Request finished HTTP/1.1 GET http://localhost:5198/api/properties/my-listings?pageNumber=1&pageSize=10 - 200 null application/json; charset=utf-8 93.4353ms
[2026-05-22 18:16:56.250 +07:00 INF] Executed endpoint 'VietPropEstate.WebAPI.Controllers.DashboardController.GetStats (VietPropEstate.WebAPI)'
[2026-05-22 18:16:56.255 +07:00 INF] HTTP GET /api/dashboard/stats responded 200 in 80.4561 ms
[2026-05-22 18:16:56.257 +07:00 INF] Request finished HTTP/1.1 GET http://localhost:5198/api/dashboard/stats - 200 null application/json; charset=utf-8 96.0017ms
[2026-05-22 18:16:57.673 +07:00 INF] Request starting HTTP/1.1 OPTIONS http://localhost:5198/api/favorites?pageNumber=1&pageSize=12 - null null
[2026-05-22 18:16:57.676 +07:00 INF] CORS policy execution successful.
[2026-05-22 18:16:57.676 +07:00 INF] Request finished HTTP/1.1 OPTIONS http://localhost:5198/api/favorites?pageNumber=1&pageSize=12 - 204 null null 3.5791ms
[2026-05-22 18:16:57.679 +07:00 INF] Request starting HTTP/1.1 GET http://localhost:5198/api/favorites?pageNumber=1&pageSize=12 - null null
[2026-05-22 18:16:57.682 +07:00 INF] CORS policy execution successful.
[2026-05-22 18:16:57.684 +07:00 INF] Executing endpoint 'VietPropEstate.WebAPI.Controllers.FavoritesController.GetFavorites (VietPropEstate.WebAPI)'
[2026-05-22 18:16:57.685 +07:00 INF] Route matched with {action = "GetFavorites", controller = "Favorites"}. Executing controller action with signature System.Threading.Tasks.Task`1[Microsoft.AspNetCore.Mvc.IActionResult] GetFavorites(Int32, Int32, System.Threading.CancellationToken) on controller VietPropEstate.WebAPI.Controllers.FavoritesController (VietPropEstate.WebAPI).
[2026-05-22 18:16:57.688 +07:00 INF] Handling GetFavoritePropertiesQuery {"UserId":"b0d7f7d4-26e4-447e-8c5b-8702835f658c","PageNumber":1,"PageSize":12,"$type":"GetFavoritePropertiesQuery"}
[2026-05-22 18:16:57.694 +07:00 INF] Executed DbCommand (0ms) [Parameters=[@__request_UserId_0='?' (Size = 450)], CommandType='"Text"', CommandTimeout='60']
SELECT COUNT(*)
FROM [Favorites] AS [f]
WHERE [f].[IsDeleted] = CAST(0 AS bit) AND [f].[UserId] = @__request_UserId_0 AND [f].[IsDeleted] = CAST(0 AS bit)
[2026-05-22 18:16:57.697 +07:00 INF] Executed DbCommand (1ms) [Parameters=[@__request_UserId_0='?' (Size = 450), @__p_1='?' (DbType = Int32), @__p_2='?' (DbType = Int32)], CommandType='"Text"', CommandTimeout='60']
SELECT [f0].[Id], [f0].[CreatedAt], [f0].[CreatedBy], [f0].[DeletedAt], [f0].[DeletedBy], [f0].[IsDeleted], [f0].[LastModifiedAt], [f0].[LastModifiedBy], [f0].[Note], [f0].[PropertyId], [f0].[RowVersion], [f0].[UserId], [p0].[Id], [p0].[AgentId], [p0].[Area], [p0].[CreatedAt], [p0].[CreatedBy], [p0].[DeletedAt], [p0].[DeletedBy], [p0].[Description], [p0].[Direction], [p0].[ExpiresAt], [p0].[FullAddress], [p0].[IsDeleted], [p0].[IsFeatured], [p0].[LastModifiedAt], [p0].[LastModifiedBy], [p0].[Latitude], [p0].[ListingType], [p0].[Longitude], [p0].[NumberOfBathrooms], [p0].[NumberOfBedrooms], [p0].[NumberOfFloors], [p0].[PropertyTypeId], [p0].[ProvinceCode], [p0].[ProvinceName], [p0].[PublishedAt], [p0].[RowVersion], [p0].[Slug], [p0].[Status], [p0].[Title], [p0].[TransactionTypeId], [p0].[VideoUrl], [p0].[ViewCount], [p0].[WardCode], [p0].[WardName], [p0].[AddressCountry], [p0].[AddressDistrict], [p0].[AddressLatitude], [p0].[AddressLongitude], [p0].[AddressProvince], [p0].[Street], [p0].[AddressWard], [p0].[PriceAmount], [p0].[PriceCurrency], [p2].[Id], [p2].[CreatedAt], [p2].[CreatedBy], [p2].[DeletedAt], [p2].[DeletedBy], [p2].[Description], [p2].[IsActive], [p2].[IsDeleted], [p2].[LastModifiedAt], [p2].[LastModifiedBy], [p2].[Name], [p2].[RowVersion], [p5].[Id], [p5].[Caption], [p5].[CreatedAt], [p5].[CreatedBy], [p5].[DeletedAt], [p5].[DeletedBy], [p5].[DisplayOrder], [p5].[IsDeleted], [p5].[IsPrimary], [p5].[LastModifiedAt], [p5].[LastModifiedBy], [p5].[PropertyId], [p5].[RowVersion], [p5].[Url]
FROM (
    SELECT [f].[Id], [f].[CreatedAt], [f].[CreatedBy], [f].[DeletedAt], [f].[DeletedBy], [f].[IsDeleted], [f].[LastModifiedAt], [f].[LastModifiedBy], [f].[Note], [f].[PropertyId], [f].[RowVersion], [f].[UserId]
    FROM [Favorites] AS [f]
    WHERE [f].[IsDeleted] = CAST(0 AS bit) AND [f].[UserId] = @__request_UserId_0 AND [f].[IsDeleted] = CAST(0 AS bit)
    ORDER BY [f].[CreatedAt] DESC
    OFFSET @__p_1 ROWS FETCH NEXT @__p_2 ROWS ONLY
) AS [f0]
INNER JOIN (
    SELECT [p].[Id], [p].[AgentId], [p].[Area], [p].[CreatedAt], [p].[CreatedBy], [p].[DeletedAt], [p].[DeletedBy], [p].[Description], [p].[Direction], [p].[ExpiresAt], [p].[FullAddress], [p].[IsDeleted], [p].[IsFeatured], [p].[LastModifiedAt], [p].[LastModifiedBy], [p].[Latitude], [p].[ListingType], [p].[Longitude], [p].[NumberOfBathrooms], [p].[NumberOfBedrooms], [p].[NumberOfFloors], [p].[PropertyTypeId], [p].[ProvinceCode], [p].[ProvinceName], [p].[PublishedAt], [p].[RowVersion], [p].[Slug], [p].[Status], [p].[Title], [p].[TransactionTypeId], [p].[VideoUrl], [p].[ViewCount], [p].[WardCode], [p].[WardName], [p].[AddressCountry], [p].[AddressDistrict], [p].[AddressLatitude], [p].[AddressLongitude], [p].[AddressProvince], [p].[Street], [p].[AddressWard], [p].[PriceAmount], [p].[PriceCurrency]
    FROM [Properties] AS [p]
    WHERE [p].[IsDeleted] = CAST(0 AS bit)
) AS [p0] ON [f0].[PropertyId] = [p0].[Id]
INNER JOIN (
    SELECT [p1].[Id], [p1].[CreatedAt], [p1].[CreatedBy], [p1].[DeletedAt], [p1].[DeletedBy], [p1].[Description], [p1].[IsActive], [p1].[IsDeleted], [p1].[LastModifiedAt], [p1].[LastModifiedBy], [p1].[Name], [p1].[RowVersion]
    FROM [PropertyTypes] AS [p1]
    WHERE [p1].[IsDeleted] = CAST(0 AS bit)
) AS [p2] ON [p0].[PropertyTypeId] = [p2].[Id]
LEFT JOIN (
    SELECT [p4].[Id], [p4].[Caption], [p4].[CreatedAt], [p4].[CreatedBy], [p4].[DeletedAt], [p4].[DeletedBy], [p4].[DisplayOrder], [p4].[IsDeleted], [p4].[IsPrimary], [p4].[LastModifiedAt], [p4].[LastModifiedBy], [p4].[PropertyId], [p4].[RowVersion], [p4].[Url]
    FROM (
        SELECT [p3].[Id], [p3].[Caption], [p3].[CreatedAt], [p3].[CreatedBy], [p3].[DeletedAt], [p3].[DeletedBy], [p3].[DisplayOrder], [p3].[IsDeleted], [p3].[IsPrimary], [p3].[LastModifiedAt], [p3].[LastModifiedBy], [p3].[PropertyId], [p3].[RowVersion], [p3].[Url], ROW_NUMBER() OVER(PARTITION BY [p3].[PropertyId] ORDER BY [p3].[Id]) AS [row]
        FROM [PropertyImages] AS [p3]
        WHERE [p3].[IsDeleted] = CAST(0 AS bit) AND [p3].[IsPrimary] = CAST(1 AS bit)
    ) AS [p4]
    WHERE [p4].[row] <= 1
) AS [p5] ON [p0].[Id] = [p5].[PropertyId]
ORDER BY [f0].[CreatedAt] DESC, [f0].[Id], [p0].[Id], [p2].[Id]
[2026-05-22 18:16:57.838 +07:00 INF] Handled GetFavoritePropertiesQuery in 149ms
[2026-05-22 18:16:57.840 +07:00 INF] Executing OkObjectResult, writing value of type 'VietPropEstate.Application.Common.Models.PaginatedList`1[[VietPropEstate.Application.Features.Properties.DTOs.FavoritePropertyDto, VietPropEstate.Application, Version=1.0.0.0, Culture=neutral, PublicKeyToken=null]]'.
[2026-05-22 18:16:57.843 +07:00 INF] Executed action VietPropEstate.WebAPI.Controllers.FavoritesController.GetFavorites (VietPropEstate.WebAPI) in 155.311ms
[2026-05-22 18:16:57.844 +07:00 INF] Executed endpoint 'VietPropEstate.WebAPI.Controllers.FavoritesController.GetFavorites (VietPropEstate.WebAPI)'
[2026-05-22 18:16:57.845 +07:00 INF] HTTP GET /api/favorites responded 200 in 161.5713 ms
[2026-05-22 18:16:57.847 +07:00 INF] Request finished HTTP/1.1 GET http://localhost:5198/api/favorites?pageNumber=1&pageSize=12 - 200 null application/json; charset=utf-8 167.677ms
[2026-05-22 18:16:59.340 +07:00 INF] Request starting HTTP/1.1 OPTIONS http://localhost:5198/api/favorites/2c190143-46b6-42a3-a91d-6b6a8a10069c - null null
[2026-05-22 18:16:59.342 +07:00 INF] CORS policy execution successful.
[2026-05-22 18:16:59.343 +07:00 INF] Request finished HTTP/1.1 OPTIONS http://localhost:5198/api/favorites/2c190143-46b6-42a3-a91d-6b6a8a10069c - 204 null null 3.3526ms
[2026-05-22 18:16:59.347 +07:00 INF] Request starting HTTP/1.1 POST http://localhost:5198/api/favorites/2c190143-46b6-42a3-a91d-6b6a8a10069c - application/json; charset=utf-8 2
[2026-05-22 18:16:59.349 +07:00 INF] CORS policy execution successful.
[2026-05-22 18:16:59.351 +07:00 INF] Executing endpoint 'VietPropEstate.WebAPI.Controllers.FavoritesController.Toggle (VietPropEstate.WebAPI)'
[2026-05-22 18:16:59.352 +07:00 INF] Route matched with {action = "Toggle", controller = "Favorites"}. Executing controller action with signature System.Threading.Tasks.Task`1[Microsoft.AspNetCore.Mvc.IActionResult] Toggle(System.Guid, VietPropEstate.WebAPI.Controllers.ToggleFavoriteRequest, System.Threading.CancellationToken) on controller VietPropEstate.WebAPI.Controllers.FavoritesController (VietPropEstate.WebAPI).
[2026-05-22 18:16:59.356 +07:00 INF] Handling ToggleFavoriteCommand {"UserId":"b0d7f7d4-26e4-447e-8c5b-8702835f658c","PropertyId":"2c190143-46b6-42a3-a91d-6b6a8a10069c","Note":null,"$type":"ToggleFavoriteCommand"}
[2026-05-22 18:16:59.361 +07:00 INF] Executed DbCommand (0ms) [Parameters=[@__request_PropertyId_0='?' (DbType = Guid)], CommandType='"Text"', CommandTimeout='60']
SELECT CASE
    WHEN EXISTS (
        SELECT 1
        FROM [Properties] AS [p]
        WHERE [p].[IsDeleted] = CAST(0 AS bit) AND [p].[Id] = @__request_PropertyId_0) THEN CAST(1 AS bit)
    ELSE CAST(0 AS bit)
END
[2026-05-22 18:16:59.364 +07:00 INF] Executed DbCommand (0ms) [Parameters=[@__request_UserId_0='?' (Size = 450), @__request_PropertyId_1='?' (DbType = Guid)], CommandType='"Text"', CommandTimeout='60']
SELECT TOP(1) [f].[Id], [f].[CreatedAt], [f].[CreatedBy], [f].[DeletedAt], [f].[DeletedBy], [f].[IsDeleted], [f].[LastModifiedAt], [f].[LastModifiedBy], [f].[Note], [f].[PropertyId], [f].[RowVersion], [f].[UserId]
FROM [Favorites] AS [f]
WHERE [f].[IsDeleted] = CAST(0 AS bit) AND [f].[UserId] = @__request_UserId_0 AND [f].[PropertyId] = @__request_PropertyId_1 AND [f].[IsDeleted] = CAST(0 AS bit)
[2026-05-22 18:16:59.380 +07:00 INF] Executed DbCommand (7ms) [Parameters=[@p10='?' (DbType = Guid), @p0='?' (DbType = DateTime2), @p1='?' (Size = 4000), @p2='?' (DbType = DateTime2), @p3='?' (Size = 4000), @p4='?' (DbType = Boolean), @p5='?' (DbType = DateTime2), @p6='?' (Size = 4000), @p7='?' (Size = 1000), @p8='?' (DbType = Guid), @p11='?' (Size = 8) (DbType = Binary), @p9='?' (Size = 450)], CommandType='"Text"', CommandTimeout='60']
SET IMPLICIT_TRANSACTIONS OFF;
SET NOCOUNT ON;
UPDATE [Favorites] SET [CreatedAt] = @p0, [CreatedBy] = @p1, [DeletedAt] = @p2, [DeletedBy] = @p3, [IsDeleted] = @p4, [LastModifiedAt] = @p5, [LastModifiedBy] = @p6, [Note] = @p7, [PropertyId] = @p8, [UserId] = @p9
OUTPUT INSERTED.[RowVersion]
WHERE [Id] = @p10 AND [RowVersion] = @p11;
[2026-05-22 18:16:59.384 +07:00 INF] Handled ToggleFavoriteCommand in 28ms
[2026-05-22 18:16:59.385 +07:00 INF] Executing OkObjectResult, writing value of type '<>f__AnonymousType14`2[[System.Boolean, System.Private.CoreLib, Version=9.0.0.0, Culture=neutral, PublicKeyToken=7cec85d7bea7798e],[System.String, System.Private.CoreLib, Version=9.0.0.0, Culture=neutral, PublicKeyToken=7cec85d7bea7798e]]'.
[2026-05-22 18:16:59.387 +07:00 INF] Executed action VietPropEstate.WebAPI.Controllers.FavoritesController.Toggle (VietPropEstate.WebAPI) in 32.442ms
[2026-05-22 18:16:59.389 +07:00 INF] Executed endpoint 'VietPropEstate.WebAPI.Controllers.FavoritesController.Toggle (VietPropEstate.WebAPI)'
[2026-05-22 18:16:59.390 +07:00 INF] HTTP POST /api/favorites/2c190143-46b6-42a3-a91d-6b6a8a10069c responded 200 in 39.2013 ms
[2026-05-22 18:16:59.392 +07:00 INF] Request finished HTTP/1.1 POST http://localhost:5198/api/favorites/2c190143-46b6-42a3-a91d-6b6a8a10069c - 200 null application/json; charset=utf-8 45.36ms
[2026-05-22 18:16:59.398 +07:00 INF] Request starting HTTP/1.1 POST http://localhost:5198/api/favorites/2c190143-46b6-42a3-a91d-6b6a8a10069c - application/json; charset=utf-8 2
[2026-05-22 18:16:59.401 +07:00 INF] CORS policy execution successful.
[2026-05-22 18:16:59.402 +07:00 INF] Executing endpoint 'VietPropEstate.WebAPI.Controllers.FavoritesController.Toggle (VietPropEstate.WebAPI)'
[2026-05-22 18:16:59.404 +07:00 INF] Route matched with {action = "Toggle", controller = "Favorites"}. Executing controller action with signature System.Threading.Tasks.Task`1[Microsoft.AspNetCore.Mvc.IActionResult] Toggle(System.Guid, VietPropEstate.WebAPI.Controllers.ToggleFavoriteRequest, System.Threading.CancellationToken) on controller VietPropEstate.WebAPI.Controllers.FavoritesController (VietPropEstate.WebAPI).
[2026-05-22 18:16:59.406 +07:00 INF] Handling ToggleFavoriteCommand {"UserId":"b0d7f7d4-26e4-447e-8c5b-8702835f658c","PropertyId":"2c190143-46b6-42a3-a91d-6b6a8a10069c","Note":null,"$type":"ToggleFavoriteCommand"}
[2026-05-22 18:16:59.412 +07:00 INF] Executed DbCommand (0ms) [Parameters=[@__request_PropertyId_0='?' (DbType = Guid)], CommandType='"Text"', CommandTimeout='60']
SELECT CASE
    WHEN EXISTS (
        SELECT 1
        FROM [Properties] AS [p]
        WHERE [p].[IsDeleted] = CAST(0 AS bit) AND [p].[Id] = @__request_PropertyId_0) THEN CAST(1 AS bit)
    ELSE CAST(0 AS bit)
END
[2026-05-22 18:16:59.415 +07:00 INF] Executed DbCommand (0ms) [Parameters=[@__request_UserId_0='?' (Size = 450), @__request_PropertyId_1='?' (DbType = Guid)], CommandType='"Text"', CommandTimeout='60']
SELECT TOP(1) [f].[Id], [f].[CreatedAt], [f].[CreatedBy], [f].[DeletedAt], [f].[DeletedBy], [f].[IsDeleted], [f].[LastModifiedAt], [f].[LastModifiedBy], [f].[Note], [f].[PropertyId], [f].[RowVersion], [f].[UserId]
FROM [Favorites] AS [f]
WHERE [f].[IsDeleted] = CAST(0 AS bit) AND [f].[UserId] = @__request_UserId_0 AND [f].[PropertyId] = @__request_PropertyId_1 AND [f].[IsDeleted] = CAST(0 AS bit)
[2026-05-22 18:16:59.421 +07:00 INF] Executed DbCommand (2ms) [Parameters=[@p0='?' (DbType = Guid), @p1='?' (DbType = DateTime2), @p2='?' (Size = 4000), @p3='?' (DbType = DateTime2), @p4='?' (Size = 4000), @p5='?' (DbType = Boolean), @p6='?' (DbType = DateTime2), @p7='?' (Size = 4000), @p8='?' (Size = 1000), @p9='?' (DbType = Guid), @p10='?' (Size = 450)], CommandType='"Text"', CommandTimeout='60']
SET IMPLICIT_TRANSACTIONS OFF;
SET NOCOUNT ON;
INSERT INTO [Favorites] ([Id], [CreatedAt], [CreatedBy], [DeletedAt], [DeletedBy], [IsDeleted], [LastModifiedAt], [LastModifiedBy], [Note], [PropertyId], [UserId])
OUTPUT INSERTED.[RowVersion]
VALUES (@p0, @p1, @p2, @p3, @p4, @p5, @p6, @p7, @p8, @p9, @p10);
[2026-05-22 18:16:59.437 +07:00 ERR] An exception occurred in the database while saving changes for context type 'VietPropEstate.Infrastructure.Persistence.ApplicationDbContext'.
Microsoft.EntityFrameworkCore.DbUpdateException: An error occurred while saving the entity changes. See the inner exception for details.
 ---> Microsoft.Data.SqlClient.SqlException (0x80131904): Cannot insert duplicate key row in object 'dbo.Favorites' with unique index 'IX_Favorites_UserId_PropertyId'. The duplicate key value is (b0d7f7d4-26e4-447e-8c5b-8702835f658c, 2c190143-46b6-42a3-a91d-6b6a8a10069c).
   at Microsoft.Data.SqlClient.SqlConnection.OnError(SqlException exception, Boolean breakConnection, Action`1 wrapCloseInAction)
   at Microsoft.Data.SqlClient.SqlInternalConnection.OnError(SqlException exception, Boolean breakConnection, Action`1 wrapCloseInAction)
   at Microsoft.Data.SqlClient.TdsParser.ThrowExceptionAndWarning(TdsParserStateObject stateObj, Boolean callerHasConnectionLock, Boolean asyncClose)
   at Microsoft.Data.SqlClient.TdsParser.TryRun(RunBehavior runBehavior, SqlCommand cmdHandler, SqlDataReader dataStream, BulkCopySimpleResultSet bulkCopyHandler, TdsParserStateObject stateObj, Boolean& dataReady)
   at Microsoft.Data.SqlClient.SqlDataReader.TryHasMoreRows(Boolean& moreRows)
   at Microsoft.Data.SqlClient.SqlDataReader.TryReadInternal(Boolean setTimeout, Boolean& more)
   at Microsoft.Data.SqlClient.SqlDataReader.ReadAsyncExecute(Task task, Object state)
   at Microsoft.Data.SqlClient.SqlDataReader.InvokeAsyncCall[T](SqlDataReaderBaseAsyncCallContext`1 context)
--- End of stack trace from previous location ---
   at Microsoft.EntityFrameworkCore.Update.AffectedCountModificationCommandBatch.ConsumeResultSetAsync(Int32 startCommandIndex, RelationalDataReader reader, CancellationToken cancellationToken)
ClientConnectionId:10abecbf-90ba-4e57-939d-1857c0243d53
Error Number:2601,State:1,Class:14
   --- End of inner exception stack trace ---
   at Microsoft.EntityFrameworkCore.Update.AffectedCountModificationCommandBatch.ConsumeResultSetAsync(Int32 startCommandIndex, RelationalDataReader reader, CancellationToken cancellationToken)
   at Microsoft.EntityFrameworkCore.Update.AffectedCountModificationCommandBatch.ConsumeAsync(RelationalDataReader reader, CancellationToken cancellationToken)
   at Microsoft.EntityFrameworkCore.Update.ReaderModificationCommandBatch.ExecuteAsync(IRelationalConnection connection, CancellationToken cancellationToken)
   at Microsoft.EntityFrameworkCore.Update.ReaderModificationCommandBatch.ExecuteAsync(IRelationalConnection connection, CancellationToken cancellationToken)
   at Microsoft.EntityFrameworkCore.SqlServer.Update.Internal.SqlServerModificationCommandBatch.ExecuteAsync(IRelationalConnection connection, CancellationToken cancellationToken)
   at Microsoft.EntityFrameworkCore.Update.Internal.BatchExecutor.ExecuteAsync(IEnumerable`1 commandBatches, IRelationalConnection connection, CancellationToken cancellationToken)
   at Microsoft.EntityFrameworkCore.Update.Internal.BatchExecutor.ExecuteAsync(IEnumerable`1 commandBatches, IRelationalConnection connection, CancellationToken cancellationToken)
   at Microsoft.EntityFrameworkCore.Update.Internal.BatchExecutor.ExecuteAsync(IEnumerable`1 commandBatches, IRelationalConnection connection, CancellationToken cancellationToken)
   at Microsoft.EntityFrameworkCore.Storage.RelationalDatabase.SaveChangesAsync(IList`1 entries, CancellationToken cancellationToken)
   at Microsoft.EntityFrameworkCore.ChangeTracking.Internal.StateManager.SaveChangesAsync(IList`1 entriesToSave, CancellationToken cancellationToken)
   at Microsoft.EntityFrameworkCore.ChangeTracking.Internal.StateManager.SaveChangesAsync(StateManager stateManager, Boolean acceptAllChangesOnSuccess, CancellationToken cancellationToken)
   at Microsoft.EntityFrameworkCore.Storage.ExecutionStrategy.<>c__DisplayClass30_0`2.<<ExecuteAsync>b__0>d.MoveNext()
--- End of stack trace from previous location ---
   at Microsoft.EntityFrameworkCore.Storage.ExecutionStrategy.ExecuteImplementationAsync[TState,TResult](Func`4 operation, Func`4 verifySucceeded, TState state, CancellationToken cancellationToken)
   at Microsoft.EntityFrameworkCore.Storage.ExecutionStrategy.ExecuteImplementationAsync[TState,TResult](Func`4 operation, Func`4 verifySucceeded, TState state, CancellationToken cancellationToken)
   at Microsoft.EntityFrameworkCore.Storage.ExecutionStrategy.ExecuteAsync[TState,TResult](TState state, Func`4 operation, Func`4 verifySucceeded, CancellationToken cancellationToken)
   at Microsoft.EntityFrameworkCore.DbContext.SaveChangesAsync(Boolean acceptAllChangesOnSuccess, CancellationToken cancellationToken)
Microsoft.EntityFrameworkCore.DbUpdateException: An error occurred while saving the entity changes. See the inner exception for details.
 ---> Microsoft.Data.SqlClient.SqlException (0x80131904): Cannot insert duplicate key row in object 'dbo.Favorites' with unique index 'IX_Favorites_UserId_PropertyId'. The duplicate key value is (b0d7f7d4-26e4-447e-8c5b-8702835f658c, 2c190143-46b6-42a3-a91d-6b6a8a10069c).
   at Microsoft.Data.SqlClient.SqlConnection.OnError(SqlException exception, Boolean breakConnection, Action`1 wrapCloseInAction)
   at Microsoft.Data.SqlClient.SqlInternalConnection.OnError(SqlException exception, Boolean breakConnection, Action`1 wrapCloseInAction)
   at Microsoft.Data.SqlClient.TdsParser.ThrowExceptionAndWarning(TdsParserStateObject stateObj, Boolean callerHasConnectionLock, Boolean asyncClose)
   at Microsoft.Data.SqlClient.TdsParser.TryRun(RunBehavior runBehavior, SqlCommand cmdHandler, SqlDataReader dataStream, BulkCopySimpleResultSet bulkCopyHandler, TdsParserStateObject stateObj, Boolean& dataReady)
   at Microsoft.Data.SqlClient.SqlDataReader.TryHasMoreRows(Boolean& moreRows)
   at Microsoft.Data.SqlClient.SqlDataReader.TryReadInternal(Boolean setTimeout, Boolean& more)
   at Microsoft.Data.SqlClient.SqlDataReader.ReadAsyncExecute(Task task, Object state)
   at Microsoft.Data.SqlClient.SqlDataReader.InvokeAsyncCall[T](SqlDataReaderBaseAsyncCallContext`1 context)
--- End of stack trace from previous location ---
   at Microsoft.EntityFrameworkCore.Update.AffectedCountModificationCommandBatch.ConsumeResultSetAsync(Int32 startCommandIndex, RelationalDataReader reader, CancellationToken cancellationToken)
ClientConnectionId:10abecbf-90ba-4e57-939d-1857c0243d53
Error Number:2601,State:1,Class:14
   --- End of inner exception stack trace ---
   at Microsoft.EntityFrameworkCore.Update.AffectedCountModificationCommandBatch.ConsumeResultSetAsync(Int32 startCommandIndex, RelationalDataReader reader, CancellationToken cancellationToken)
   at Microsoft.EntityFrameworkCore.Update.AffectedCountModificationCommandBatch.ConsumeAsync(RelationalDataReader reader, CancellationToken cancellationToken)
   at Microsoft.EntityFrameworkCore.Update.ReaderModificationCommandBatch.ExecuteAsync(IRelationalConnection connection, CancellationToken cancellationToken)
   at Microsoft.EntityFrameworkCore.Update.ReaderModificationCommandBatch.ExecuteAsync(IRelationalConnection connection, CancellationToken cancellationToken)
   at Microsoft.EntityFrameworkCore.SqlServer.Update.Internal.SqlServerModificationCommandBatch.ExecuteAsync(IRelationalConnection connection, CancellationToken cancellationToken)
   at Microsoft.EntityFrameworkCore.Update.Internal.BatchExecutor.ExecuteAsync(IEnumerable`1 commandBatches, IRelationalConnection connection, CancellationToken cancellationToken)
   at Microsoft.EntityFrameworkCore.Update.Internal.BatchExecutor.ExecuteAsync(IEnumerable`1 commandBatches, IRelationalConnection connection, CancellationToken cancellationToken)
   at Microsoft.EntityFrameworkCore.Update.Internal.BatchExecutor.ExecuteAsync(IEnumerable`1 commandBatches, IRelationalConnection connection, CancellationToken cancellationToken)
   at Microsoft.EntityFrameworkCore.Storage.RelationalDatabase.SaveChangesAsync(IList`1 entries, CancellationToken cancellationToken)
   at Microsoft.EntityFrameworkCore.ChangeTracking.Internal.StateManager.SaveChangesAsync(IList`1 entriesToSave, CancellationToken cancellationToken)
   at Microsoft.EntityFrameworkCore.ChangeTracking.Internal.StateManager.SaveChangesAsync(StateManager stateManager, Boolean acceptAllChangesOnSuccess, CancellationToken cancellationToken)
   at Microsoft.EntityFrameworkCore.Storage.ExecutionStrategy.<>c__DisplayClass30_0`2.<<ExecuteAsync>b__0>d.MoveNext()
--- End of stack trace from previous location ---
   at Microsoft.EntityFrameworkCore.Storage.ExecutionStrategy.ExecuteImplementationAsync[TState,TResult](Func`4 operation, Func`4 verifySucceeded, TState state, CancellationToken cancellationToken)
   at Microsoft.EntityFrameworkCore.Storage.ExecutionStrategy.ExecuteImplementationAsync[TState,TResult](Func`4 operation, Func`4 verifySucceeded, TState state, CancellationToken cancellationToken)
   at Microsoft.EntityFrameworkCore.Storage.ExecutionStrategy.ExecuteAsync[TState,TResult](TState state, Func`4 operation, Func`4 verifySucceeded, CancellationToken cancellationToken)
   at Microsoft.EntityFrameworkCore.DbContext.SaveChangesAsync(Boolean acceptAllChangesOnSuccess, CancellationToken cancellationToken)
[2026-05-22 18:16:59.449 +07:00 ERR] Error handling ToggleFavoriteCommand after 42ms
Microsoft.EntityFrameworkCore.DbUpdateException: An error occurred while saving the entity changes. See the inner exception for details.
 ---> Microsoft.Data.SqlClient.SqlException (0x80131904): Cannot insert duplicate key row in object 'dbo.Favorites' with unique index 'IX_Favorites_UserId_PropertyId'. The duplicate key value is (b0d7f7d4-26e4-447e-8c5b-8702835f658c, 2c190143-46b6-42a3-a91d-6b6a8a10069c).
   at Microsoft.Data.SqlClient.SqlConnection.OnError(SqlException exception, Boolean breakConnection, Action`1 wrapCloseInAction)
   at Microsoft.Data.SqlClient.SqlInternalConnection.OnError(SqlException exception, Boolean breakConnection, Action`1 wrapCloseInAction)
   at Microsoft.Data.SqlClient.TdsParser.ThrowExceptionAndWarning(TdsParserStateObject stateObj, Boolean callerHasConnectionLock, Boolean asyncClose)
   at Microsoft.Data.SqlClient.TdsParser.TryRun(RunBehavior runBehavior, SqlCommand cmdHandler, SqlDataReader dataStream, BulkCopySimpleResultSet bulkCopyHandler, TdsParserStateObject stateObj, Boolean& dataReady)
   at Microsoft.Data.SqlClient.SqlDataReader.TryHasMoreRows(Boolean& moreRows)
   at Microsoft.Data.SqlClient.SqlDataReader.TryReadInternal(Boolean setTimeout, Boolean& more)
   at Microsoft.Data.SqlClient.SqlDataReader.ReadAsyncExecute(Task task, Object state)
   at Microsoft.Data.SqlClient.SqlDataReader.InvokeAsyncCall[T](SqlDataReaderBaseAsyncCallContext`1 context)
--- End of stack trace from previous location ---
   at Microsoft.EntityFrameworkCore.Update.AffectedCountModificationCommandBatch.ConsumeResultSetAsync(Int32 startCommandIndex, RelationalDataReader reader, CancellationToken cancellationToken)
ClientConnectionId:10abecbf-90ba-4e57-939d-1857c0243d53
Error Number:2601,State:1,Class:14
   --- End of inner exception stack trace ---
   at Microsoft.EntityFrameworkCore.Update.AffectedCountModificationCommandBatch.ConsumeResultSetAsync(Int32 startCommandIndex, RelationalDataReader reader, CancellationToken cancellationToken)
   at Microsoft.EntityFrameworkCore.Update.AffectedCountModificationCommandBatch.ConsumeAsync(RelationalDataReader reader, CancellationToken cancellationToken)
   at Microsoft.EntityFrameworkCore.Update.ReaderModificationCommandBatch.ExecuteAsync(IRelationalConnection connection, CancellationToken cancellationToken)
   at Microsoft.EntityFrameworkCore.Update.ReaderModificationCommandBatch.ExecuteAsync(IRelationalConnection connection, CancellationToken cancellationToken)
   at Microsoft.EntityFrameworkCore.SqlServer.Update.Internal.SqlServerModificationCommandBatch.ExecuteAsync(IRelationalConnection connection, CancellationToken cancellationToken)
   at Microsoft.EntityFrameworkCore.Update.Internal.BatchExecutor.ExecuteAsync(IEnumerable`1 commandBatches, IRelationalConnection connection, CancellationToken cancellationToken)
   at Microsoft.EntityFrameworkCore.Update.Internal.BatchExecutor.ExecuteAsync(IEnumerable`1 commandBatches, IRelationalConnection connection, CancellationToken cancellationToken)
   at Microsoft.EntityFrameworkCore.Update.Internal.BatchExecutor.ExecuteAsync(IEnumerable`1 commandBatches, IRelationalConnection connection, CancellationToken cancellationToken)
   at Microsoft.EntityFrameworkCore.Storage.RelationalDatabase.SaveChangesAsync(IList`1 entries, CancellationToken cancellationToken)
   at Microsoft.EntityFrameworkCore.ChangeTracking.Internal.StateManager.SaveChangesAsync(IList`1 entriesToSave, CancellationToken cancellationToken)
   at Microsoft.EntityFrameworkCore.ChangeTracking.Internal.StateManager.SaveChangesAsync(StateManager stateManager, Boolean acceptAllChangesOnSuccess, CancellationToken cancellationToken)
   at Microsoft.EntityFrameworkCore.Storage.ExecutionStrategy.<>c__DisplayClass30_0`2.<<ExecuteAsync>b__0>d.MoveNext()
--- End of stack trace from previous location ---
   at Microsoft.EntityFrameworkCore.Storage.ExecutionStrategy.ExecuteImplementationAsync[TState,TResult](Func`4 operation, Func`4 verifySucceeded, TState state, CancellationToken cancellationToken)
   at Microsoft.EntityFrameworkCore.Storage.ExecutionStrategy.ExecuteImplementationAsync[TState,TResult](Func`4 operation, Func`4 verifySucceeded, TState state, CancellationToken cancellationToken)
   at Microsoft.EntityFrameworkCore.Storage.ExecutionStrategy.ExecuteAsync[TState,TResult](TState state, Func`4 operation, Func`4 verifySucceeded, CancellationToken cancellationToken)
   at Microsoft.EntityFrameworkCore.DbContext.SaveChangesAsync(Boolean acceptAllChangesOnSuccess, CancellationToken cancellationToken)
   at Microsoft.EntityFrameworkCore.DbContext.SaveChangesAsync(Boolean acceptAllChangesOnSuccess, CancellationToken cancellationToken)
   at VietPropEstate.Infrastructure.Persistence.ApplicationDbContext.SaveChangesAsync(CancellationToken cancellationToken) in c:\Dev\VietPropEstate\src\VietPropEstate.Infrastructure\Persistence\ApplicationDbContext.cs:line 64
   at VietPropEstate.Infrastructure.Persistence.UnitOfWork.SaveChangesAsync(CancellationToken cancellationToken) in c:\Dev\VietPropEstate\src\VietPropEstate.Infrastructure\Persistence\UnitOfWork.cs:line 51
   at VietPropEstate.Application.Features.Properties.Commands.ToggleFavorite.ToggleFavoriteCommandHandler.Handle(ToggleFavoriteCommand request, CancellationToken cancellationToken) in c:\Dev\VietPropEstate\src\VietPropEstate.Application\Features\Properties\Commands\ToggleFavorite\ToggleFavoriteCommandHandler.cs:line 35
   at VietPropEstate.Application.Common.Behaviors.PerformanceBehavior`2.Handle(TRequest request, RequestHandlerDelegate`1 next, CancellationToken cancellationToken) in c:\Dev\VietPropEstate\src\VietPropEstate.Application\Common\Behaviors\PerformanceBehavior.cs:line 31
   at VietPropEstate.Application.Common.Behaviors.ValidationBehavior`2.Handle(TRequest request, RequestHandlerDelegate`1 next, CancellationToken cancellationToken) in c:\Dev\VietPropEstate\src\VietPropEstate.Application\Common\Behaviors\ValidationBehavior.cs:line 24
   at VietPropEstate.Application.Common.Behaviors.LoggingBehavior`2.Handle(TRequest request, RequestHandlerDelegate`1 next, CancellationToken cancellationToken) in c:\Dev\VietPropEstate\src\VietPropEstate.Application\Common\Behaviors\LoggingBehavior.cs:line 30
[2026-05-22 18:16:59.472 +07:00 INF] Executed action VietPropEstate.WebAPI.Controllers.FavoritesController.Toggle (VietPropEstate.WebAPI) in 66.868ms
[2026-05-22 18:16:59.474 +07:00 INF] Executed endpoint 'VietPropEstate.WebAPI.Controllers.FavoritesController.Toggle (VietPropEstate.WebAPI)'
[2026-05-22 18:16:59.475 +07:00 ERR] HTTP POST /api/favorites/2c190143-46b6-42a3-a91d-6b6a8a10069c responded 500 in 73.2896 ms
Microsoft.EntityFrameworkCore.DbUpdateException: An error occurred while saving the entity changes. See the inner exception for details.
 ---> Microsoft.Data.SqlClient.SqlException (0x80131904): Cannot insert duplicate key row in object 'dbo.Favorites' with unique index 'IX_Favorites_UserId_PropertyId'. The duplicate key value is (b0d7f7d4-26e4-447e-8c5b-8702835f658c, 2c190143-46b6-42a3-a91d-6b6a8a10069c).
   at Microsoft.Data.SqlClient.SqlConnection.OnError(SqlException exception, Boolean breakConnection, Action`1 wrapCloseInAction)
   at Microsoft.Data.SqlClient.SqlInternalConnection.OnError(SqlException exception, Boolean breakConnection, Action`1 wrapCloseInAction)
   at Microsoft.Data.SqlClient.TdsParser.ThrowExceptionAndWarning(TdsParserStateObject stateObj, Boolean callerHasConnectionLock, Boolean asyncClose)
   at Microsoft.Data.SqlClient.TdsParser.TryRun(RunBehavior runBehavior, SqlCommand cmdHandler, SqlDataReader dataStream, BulkCopySimpleResultSet bulkCopyHandler, TdsParserStateObject stateObj, Boolean& dataReady)
   at Microsoft.Data.SqlClient.SqlDataReader.TryHasMoreRows(Boolean& moreRows)
   at Microsoft.Data.SqlClient.SqlDataReader.TryReadInternal(Boolean setTimeout, Boolean& more)
   at Microsoft.Data.SqlClient.SqlDataReader.ReadAsyncExecute(Task task, Object state)
   at Microsoft.Data.SqlClient.SqlDataReader.InvokeAsyncCall[T](SqlDataReaderBaseAsyncCallContext`1 context)
--- End of stack trace from previous location ---
   at Microsoft.EntityFrameworkCore.Update.AffectedCountModificationCommandBatch.ConsumeResultSetAsync(Int32 startCommandIndex, RelationalDataReader reader, CancellationToken cancellationToken)
ClientConnectionId:10abecbf-90ba-4e57-939d-1857c0243d53
Error Number:2601,State:1,Class:14
   --- End of inner exception stack trace ---
   at Microsoft.EntityFrameworkCore.Update.AffectedCountModificationCommandBatch.ConsumeResultSetAsync(Int32 startCommandIndex, RelationalDataReader reader, CancellationToken cancellationToken)
   at Microsoft.EntityFrameworkCore.Update.AffectedCountModificationCommandBatch.ConsumeAsync(RelationalDataReader reader, CancellationToken cancellationToken)
   at Microsoft.EntityFrameworkCore.Update.ReaderModificationCommandBatch.ExecuteAsync(IRelationalConnection connection, CancellationToken cancellationToken)
   at Microsoft.EntityFrameworkCore.Update.ReaderModificationCommandBatch.ExecuteAsync(IRelationalConnection connection, CancellationToken cancellationToken)
   at Microsoft.EntityFrameworkCore.SqlServer.Update.Internal.SqlServerModificationCommandBatch.ExecuteAsync(IRelationalConnection connection, CancellationToken cancellationToken)
   at Microsoft.EntityFrameworkCore.Update.Internal.BatchExecutor.ExecuteAsync(IEnumerable`1 commandBatches, IRelationalConnection connection, CancellationToken cancellationToken)
   at Microsoft.EntityFrameworkCore.Update.Internal.BatchExecutor.ExecuteAsync(IEnumerable`1 commandBatches, IRelationalConnection connection, CancellationToken cancellationToken)
   at Microsoft.EntityFrameworkCore.Update.Internal.BatchExecutor.ExecuteAsync(IEnumerable`1 commandBatches, IRelationalConnection connection, CancellationToken cancellationToken)
   at Microsoft.EntityFrameworkCore.Storage.RelationalDatabase.SaveChangesAsync(IList`1 entries, CancellationToken cancellationToken)
   at Microsoft.EntityFrameworkCore.ChangeTracking.Internal.StateManager.SaveChangesAsync(IList`1 entriesToSave, CancellationToken cancellationToken)
   at Microsoft.EntityFrameworkCore.ChangeTracking.Internal.StateManager.SaveChangesAsync(StateManager stateManager, Boolean acceptAllChangesOnSuccess, CancellationToken cancellationToken)
   at Microsoft.EntityFrameworkCore.Storage.ExecutionStrategy.<>c__DisplayClass30_0`2.<<ExecuteAsync>b__0>d.MoveNext()
--- End of stack trace from previous location ---
   at Microsoft.EntityFrameworkCore.Storage.ExecutionStrategy.ExecuteImplementationAsync[TState,TResult](Func`4 operation, Func`4 verifySucceeded, TState state, CancellationToken cancellationToken)
   at Microsoft.EntityFrameworkCore.Storage.ExecutionStrategy.ExecuteImplementationAsync[TState,TResult](Func`4 operation, Func`4 verifySucceeded, TState state, CancellationToken cancellationToken)
   at Microsoft.EntityFrameworkCore.Storage.ExecutionStrategy.ExecuteAsync[TState,TResult](TState state, Func`4 operation, Func`4 verifySucceeded, CancellationToken cancellationToken)
   at Microsoft.EntityFrameworkCore.DbContext.SaveChangesAsync(Boolean acceptAllChangesOnSuccess, CancellationToken cancellationToken)
   at Microsoft.EntityFrameworkCore.DbContext.SaveChangesAsync(Boolean acceptAllChangesOnSuccess, CancellationToken cancellationToken)
   at VietPropEstate.Infrastructure.Persistence.ApplicationDbContext.SaveChangesAsync(CancellationToken cancellationToken) in c:\Dev\VietPropEstate\src\VietPropEstate.Infrastructure\Persistence\ApplicationDbContext.cs:line 64
   at VietPropEstate.Infrastructure.Persistence.UnitOfWork.SaveChangesAsync(CancellationToken cancellationToken) in c:\Dev\VietPropEstate\src\VietPropEstate.Infrastructure\Persistence\UnitOfWork.cs:line 51
   at VietPropEstate.Application.Features.Properties.Commands.ToggleFavorite.ToggleFavoriteCommandHandler.Handle(ToggleFavoriteCommand request, CancellationToken cancellationToken) in c:\Dev\VietPropEstate\src\VietPropEstate.Application\Features\Properties\Commands\ToggleFavorite\ToggleFavoriteCommandHandler.cs:line 35
   at VietPropEstate.Application.Common.Behaviors.PerformanceBehavior`2.Handle(TRequest request, RequestHandlerDelegate`1 next, CancellationToken cancellationToken) in c:\Dev\VietPropEstate\src\VietPropEstate.Application\Common\Behaviors\PerformanceBehavior.cs:line 31
   at VietPropEstate.Application.Common.Behaviors.ValidationBehavior`2.Handle(TRequest request, RequestHandlerDelegate`1 next, CancellationToken cancellationToken) in c:\Dev\VietPropEstate\src\VietPropEstate.Application\Common\Behaviors\ValidationBehavior.cs:line 24
   at VietPropEstate.Application.Common.Behaviors.LoggingBehavior`2.Handle(TRequest request, RequestHandlerDelegate`1 next, CancellationToken cancellationToken) in c:\Dev\VietPropEstate\src\VietPropEstate.Application\Common\Behaviors\LoggingBehavior.cs:line 30
   at VietPropEstate.WebAPI.Controllers.FavoritesController.Toggle(Guid propertyId, ToggleFavoriteRequest request, CancellationToken cancellationToken) in c:\Dev\VietPropEstate\src\VietPropEstate.WebAPI\Controllers\FavoritesController.cs:line 47
   at Microsoft.AspNetCore.Mvc.Infrastructure.ActionMethodExecutor.TaskOfIActionResultExecutor.Execute(ActionContext actionContext, IActionResultTypeMapper mapper, ObjectMethodExecutor executor, Object controller, Object[] arguments)
   at Microsoft.AspNetCore.Mvc.Infrastructure.ControllerActionInvoker.<InvokeActionMethodAsync>g__Awaited|12_0(ControllerActionInvoker invoker, ValueTask`1 actionResultValueTask)
   at Microsoft.AspNetCore.Mvc.Infrastructure.ControllerActionInvoker.<InvokeNextActionFilterAsync>g__Awaited|10_0(ControllerActionInvoker invoker, Task lastTask, State next, Scope scope, Object state, Boolean isCompleted)
   at Microsoft.AspNetCore.Mvc.Infrastructure.ControllerActionInvoker.Rethrow(ActionExecutedContextSealed context)
   at Microsoft.AspNetCore.Mvc.Infrastructure.ControllerActionInvoker.Next(State& next, Scope& scope, Object& state, Boolean& isCompleted)
   at Microsoft.AspNetCore.Mvc.Infrastructure.ControllerActionInvoker.<InvokeInnerFilterAsync>g__Awaited|13_0(ControllerActionInvoker invoker, Task lastTask, State next, Scope scope, Object state, Boolean isCompleted)
   at Microsoft.AspNetCore.Mvc.Infrastructure.ResourceInvoker.<InvokeFilterPipelineAsync>g__Awaited|20_0(ResourceInvoker invoker, Task lastTask, State next, Scope scope, Object state, Boolean isCompleted)
   at Microsoft.AspNetCore.Mvc.Infrastructure.ResourceInvoker.<InvokeAsync>g__Logged|17_1(ResourceInvoker invoker)
   at Microsoft.AspNetCore.Mvc.Infrastructure.ResourceInvoker.<InvokeAsync>g__Logged|17_1(ResourceInvoker invoker)
   at Microsoft.AspNetCore.Routing.EndpointMiddleware.<Invoke>g__AwaitRequestTask|7_0(Endpoint endpoint, Task requestTask, ILogger logger)
   at Microsoft.AspNetCore.Authorization.AuthorizationMiddleware.Invoke(HttpContext context)
   at Microsoft.AspNetCore.Authentication.AuthenticationMiddleware.Invoke(HttpContext context)
   at Microsoft.AspNetCore.RateLimiting.RateLimitingMiddleware.InvokeInternal(HttpContext context, EnableRateLimitingAttribute enableRateLimitingAttribute)
   at Serilog.AspNetCore.RequestLoggingMiddleware.Invoke(HttpContext httpContext)
[2026-05-22 18:16:59.503 +07:00 ERR] An unhandled exception occurred: An error occurred while saving the entity changes. See the inner exception for details.
Microsoft.EntityFrameworkCore.DbUpdateException: An error occurred while saving the entity changes. See the inner exception for details.
 ---> Microsoft.Data.SqlClient.SqlException (0x80131904): Cannot insert duplicate key row in object 'dbo.Favorites' with unique index 'IX_Favorites_UserId_PropertyId'. The duplicate key value is (b0d7f7d4-26e4-447e-8c5b-8702835f658c, 2c190143-46b6-42a3-a91d-6b6a8a10069c).
   at Microsoft.Data.SqlClient.SqlConnection.OnError(SqlException exception, Boolean breakConnection, Action`1 wrapCloseInAction)
   at Microsoft.Data.SqlClient.SqlInternalConnection.OnError(SqlException exception, Boolean breakConnection, Action`1 wrapCloseInAction)
   at Microsoft.Data.SqlClient.TdsParser.ThrowExceptionAndWarning(TdsParserStateObject stateObj, Boolean callerHasConnectionLock, Boolean asyncClose)
   at Microsoft.Data.SqlClient.TdsParser.TryRun(RunBehavior runBehavior, SqlCommand cmdHandler, SqlDataReader dataStream, BulkCopySimpleResultSet bulkCopyHandler, TdsParserStateObject stateObj, Boolean& dataReady)
   at Microsoft.Data.SqlClient.SqlDataReader.TryHasMoreRows(Boolean& moreRows)
   at Microsoft.Data.SqlClient.SqlDataReader.TryReadInternal(Boolean setTimeout, Boolean& more)
   at Microsoft.Data.SqlClient.SqlDataReader.ReadAsyncExecute(Task task, Object state)
   at Microsoft.Data.SqlClient.SqlDataReader.InvokeAsyncCall[T](SqlDataReaderBaseAsyncCallContext`1 context)
--- End of stack trace from previous location ---
   at Microsoft.EntityFrameworkCore.Update.AffectedCountModificationCommandBatch.ConsumeResultSetAsync(Int32 startCommandIndex, RelationalDataReader reader, CancellationToken cancellationToken)
ClientConnectionId:10abecbf-90ba-4e57-939d-1857c0243d53
Error Number:2601,State:1,Class:14
   --- End of inner exception stack trace ---
   at Microsoft.EntityFrameworkCore.Update.AffectedCountModificationCommandBatch.ConsumeResultSetAsync(Int32 startCommandIndex, RelationalDataReader reader, CancellationToken cancellationToken)
   at Microsoft.EntityFrameworkCore.Update.AffectedCountModificationCommandBatch.ConsumeAsync(RelationalDataReader reader, CancellationToken cancellationToken)
   at Microsoft.EntityFrameworkCore.Update.ReaderModificationCommandBatch.ExecuteAsync(IRelationalConnection connection, CancellationToken cancellationToken)
   at Microsoft.EntityFrameworkCore.Update.ReaderModificationCommandBatch.ExecuteAsync(IRelationalConnection connection, CancellationToken cancellationToken)
   at Microsoft.EntityFrameworkCore.SqlServer.Update.Internal.SqlServerModificationCommandBatch.ExecuteAsync(IRelationalConnection connection, CancellationToken cancellationToken)
   at Microsoft.EntityFrameworkCore.Update.Internal.BatchExecutor.ExecuteAsync(IEnumerable`1 commandBatches, IRelationalConnection connection, CancellationToken cancellationToken)
   at Microsoft.EntityFrameworkCore.Update.Internal.BatchExecutor.ExecuteAsync(IEnumerable`1 commandBatches, IRelationalConnection connection, CancellationToken cancellationToken)
   at Microsoft.EntityFrameworkCore.Update.Internal.BatchExecutor.ExecuteAsync(IEnumerable`1 commandBatches, IRelationalConnection connection, CancellationToken cancellationToken)
   at Microsoft.EntityFrameworkCore.Storage.RelationalDatabase.SaveChangesAsync(IList`1 entries, CancellationToken cancellationToken)
   at Microsoft.EntityFrameworkCore.ChangeTracking.Internal.StateManager.SaveChangesAsync(IList`1 entriesToSave, CancellationToken cancellationToken)
   at Microsoft.EntityFrameworkCore.ChangeTracking.Internal.StateManager.SaveChangesAsync(StateManager stateManager, Boolean acceptAllChangesOnSuccess, CancellationToken cancellationToken)
   at Microsoft.EntityFrameworkCore.Storage.ExecutionStrategy.<>c__DisplayClass30_0`2.<<ExecuteAsync>b__0>d.MoveNext()
--- End of stack trace from previous location ---
   at Microsoft.EntityFrameworkCore.Storage.ExecutionStrategy.ExecuteImplementationAsync[TState,TResult](Func`4 operation, Func`4 verifySucceeded, TState state, CancellationToken cancellationToken)
   at Microsoft.EntityFrameworkCore.Storage.ExecutionStrategy.ExecuteImplementationAsync[TState,TResult](Func`4 operation, Func`4 verifySucceeded, TState state, CancellationToken cancellationToken)
   at Microsoft.EntityFrameworkCore.Storage.ExecutionStrategy.ExecuteAsync[TState,TResult](TState state, Func`4 operation, Func`4 verifySucceeded, CancellationToken cancellationToken)
   at Microsoft.EntityFrameworkCore.DbContext.SaveChangesAsync(Boolean acceptAllChangesOnSuccess, CancellationToken cancellationToken)
   at Microsoft.EntityFrameworkCore.DbContext.SaveChangesAsync(Boolean acceptAllChangesOnSuccess, CancellationToken cancellationToken)
   at VietPropEstate.Infrastructure.Persistence.ApplicationDbContext.SaveChangesAsync(CancellationToken cancellationToken) in c:\Dev\VietPropEstate\src\VietPropEstate.Infrastructure\Persistence\ApplicationDbContext.cs:line 64
   at VietPropEstate.Infrastructure.Persistence.UnitOfWork.SaveChangesAsync(CancellationToken cancellationToken) in c:\Dev\VietPropEstate\src\VietPropEstate.Infrastructure\Persistence\UnitOfWork.cs:line 51
   at VietPropEstate.Application.Features.Properties.Commands.ToggleFavorite.ToggleFavoriteCommandHandler.Handle(ToggleFavoriteCommand request, CancellationToken cancellationToken) in c:\Dev\VietPropEstate\src\VietPropEstate.Application\Features\Properties\Commands\ToggleFavorite\ToggleFavoriteCommandHandler.cs:line 35
   at VietPropEstate.Application.Common.Behaviors.PerformanceBehavior`2.Handle(TRequest request, RequestHandlerDelegate`1 next, CancellationToken cancellationToken) in c:\Dev\VietPropEstate\src\VietPropEstate.Application\Common\Behaviors\PerformanceBehavior.cs:line 31
   at VietPropEstate.Application.Common.Behaviors.ValidationBehavior`2.Handle(TRequest request, RequestHandlerDelegate`1 next, CancellationToken cancellationToken) in c:\Dev\VietPropEstate\src\VietPropEstate.Application\Common\Behaviors\ValidationBehavior.cs:line 24
   at VietPropEstate.Application.Common.Behaviors.LoggingBehavior`2.Handle(TRequest request, RequestHandlerDelegate`1 next, CancellationToken cancellationToken) in c:\Dev\VietPropEstate\src\VietPropEstate.Application\Common\Behaviors\LoggingBehavior.cs:line 30
   at VietPropEstate.WebAPI.Controllers.FavoritesController.Toggle(Guid propertyId, ToggleFavoriteRequest request, CancellationToken cancellationToken) in c:\Dev\VietPropEstate\src\VietPropEstate.WebAPI\Controllers\FavoritesController.cs:line 47
   at Microsoft.AspNetCore.Mvc.Infrastructure.ActionMethodExecutor.TaskOfIActionResultExecutor.Execute(ActionContext actionContext, IActionResultTypeMapper mapper, ObjectMethodExecutor executor, Object controller, Object[] arguments)
   at Microsoft.AspNetCore.Mvc.Infrastructure.ControllerActionInvoker.<InvokeActionMethodAsync>g__Awaited|12_0(ControllerActionInvoker invoker, ValueTask`1 actionResultValueTask)
   at Microsoft.AspNetCore.Mvc.Infrastructure.ControllerActionInvoker.<InvokeNextActionFilterAsync>g__Awaited|10_0(ControllerActionInvoker invoker, Task lastTask, State next, Scope scope, Object state, Boolean isCompleted)
   at Microsoft.AspNetCore.Mvc.Infrastructure.ControllerActionInvoker.Rethrow(ActionExecutedContextSealed context)
   at Microsoft.AspNetCore.Mvc.Infrastructure.ControllerActionInvoker.Next(State& next, Scope& scope, Object& state, Boolean& isCompleted)
   at Microsoft.AspNetCore.Mvc.Infrastructure.ControllerActionInvoker.<InvokeInnerFilterAsync>g__Awaited|13_0(ControllerActionInvoker invoker, Task lastTask, State next, Scope scope, Object state, Boolean isCompleted)
   at Microsoft.AspNetCore.Mvc.Infrastructure.ResourceInvoker.<InvokeFilterPipelineAsync>g__Awaited|20_0(ResourceInvoker invoker, Task lastTask, State next, Scope scope, Object state, Boolean isCompleted)
   at Microsoft.AspNetCore.Mvc.Infrastructure.ResourceInvoker.<InvokeAsync>g__Logged|17_1(ResourceInvoker invoker)
   at Microsoft.AspNetCore.Mvc.Infrastructure.ResourceInvoker.<InvokeAsync>g__Logged|17_1(ResourceInvoker invoker)
   at Microsoft.AspNetCore.Routing.EndpointMiddleware.<Invoke>g__AwaitRequestTask|7_0(Endpoint endpoint, Task requestTask, ILogger logger)
   at Microsoft.AspNetCore.Authorization.AuthorizationMiddleware.Invoke(HttpContext context)
   at Microsoft.AspNetCore.Authentication.AuthenticationMiddleware.Invoke(HttpContext context)
   at Microsoft.AspNetCore.RateLimiting.RateLimitingMiddleware.InvokeInternal(HttpContext context, EnableRateLimitingAttribute enableRateLimitingAttribute)
   at Serilog.AspNetCore.RequestLoggingMiddleware.Invoke(HttpContext httpContext)
   at Microsoft.AspNetCore.Session.SessionMiddleware.Invoke(HttpContext context)
   at Microsoft.AspNetCore.Session.SessionMiddleware.Invoke(HttpContext context)
   at Microsoft.AspNetCore.ResponseCompression.ResponseCompressionMiddleware.InvokeCore(HttpContext context)
   at Swashbuckle.AspNetCore.SwaggerUI.SwaggerUIMiddleware.Invoke(HttpContext httpContext)
   at Swashbuckle.AspNetCore.Swagger.SwaggerMiddleware.Invoke(HttpContext httpContext, ISwaggerProvider swaggerProvider)
   at VietPropEstate.WebAPI.Middleware.ExceptionHandlingMiddleware.InvokeAsync(HttpContext context) in c:\Dev\VietPropEstate\src\VietPropEstate.WebAPI\Middleware\ExceptionHandlingMiddleware.cs:line 24
[2026-05-22 18:16:59.525 +07:00 INF] Request finished HTTP/1.1 POST http://localhost:5198/api/favorites/2c190143-46b6-42a3-a91d-6b6a8a10069c - 500 null application/json 127.2318ms
[2026-05-22 18:16:59.532 +07:00 INF] Request starting HTTP/1.1 GET http://localhost:5198/api/favorites?pageNumber=1&pageSize=12 - null null
[2026-05-22 18:16:59.535 +07:00 INF] CORS policy execution successful.
[2026-05-22 18:16:59.536 +07:00 INF] Executing endpoint 'VietPropEstate.WebAPI.Controllers.FavoritesController.GetFavorites (VietPropEstate.WebAPI)'
[2026-05-22 18:16:59.537 +07:00 INF] Route matched with {action = "GetFavorites", controller = "Favorites"}. Executing controller action with signature System.Threading.Tasks.Task`1[Microsoft.AspNetCore.Mvc.IActionResult] GetFavorites(Int32, Int32, System.Threading.CancellationToken) on controller VietPropEstate.WebAPI.Controllers.FavoritesController (VietPropEstate.WebAPI).
[2026-05-22 18:16:59.540 +07:00 INF] Handling GetFavoritePropertiesQuery {"UserId":"b0d7f7d4-26e4-447e-8c5b-8702835f658c","PageNumber":1,"PageSize":12,"$type":"GetFavoritePropertiesQuery"}
[2026-05-22 18:16:59.545 +07:00 INF] Executed DbCommand (0ms) [Parameters=[@__request_UserId_0='?' (Size = 450)], CommandType='"Text"', CommandTimeout='60']
SELECT COUNT(*)
FROM [Favorites] AS [f]
WHERE [f].[IsDeleted] = CAST(0 AS bit) AND [f].[UserId] = @__request_UserId_0 AND [f].[IsDeleted] = CAST(0 AS bit)
[2026-05-22 18:16:59.548 +07:00 INF] Executed DbCommand (1ms) [Parameters=[@__request_UserId_0='?' (Size = 450), @__p_1='?' (DbType = Int32), @__p_2='?' (DbType = Int32)], CommandType='"Text"', CommandTimeout='60']
SELECT [f0].[Id], [f0].[CreatedAt], [f0].[CreatedBy], [f0].[DeletedAt], [f0].[DeletedBy], [f0].[IsDeleted], [f0].[LastModifiedAt], [f0].[LastModifiedBy], [f0].[Note], [f0].[PropertyId], [f0].[RowVersion], [f0].[UserId], [p0].[Id], [p0].[AgentId], [p0].[Area], [p0].[CreatedAt], [p0].[CreatedBy], [p0].[DeletedAt], [p0].[DeletedBy], [p0].[Description], [p0].[Direction], [p0].[ExpiresAt], [p0].[FullAddress], [p0].[IsDeleted], [p0].[IsFeatured], [p0].[LastModifiedAt], [p0].[LastModifiedBy], [p0].[Latitude], [p0].[ListingType], [p0].[Longitude], [p0].[NumberOfBathrooms], [p0].[NumberOfBedrooms], [p0].[NumberOfFloors], [p0].[PropertyTypeId], [p0].[ProvinceCode], [p0].[ProvinceName], [p0].[PublishedAt], [p0].[RowVersion], [p0].[Slug], [p0].[Status], [p0].[Title], [p0].[TransactionTypeId], [p0].[VideoUrl], [p0].[ViewCount], [p0].[WardCode], [p0].[WardName], [p0].[AddressCountry], [p0].[AddressDistrict], [p0].[AddressLatitude], [p0].[AddressLongitude], [p0].[AddressProvince], [p0].[Street], [p0].[AddressWard], [p0].[PriceAmount], [p0].[PriceCurrency], [p2].[Id], [p2].[CreatedAt], [p2].[CreatedBy], [p2].[DeletedAt], [p2].[DeletedBy], [p2].[Description], [p2].[IsActive], [p2].[IsDeleted], [p2].[LastModifiedAt], [p2].[LastModifiedBy], [p2].[Name], [p2].[RowVersion], [p5].[Id], [p5].[Caption], [p5].[CreatedAt], [p5].[CreatedBy], [p5].[DeletedAt], [p5].[DeletedBy], [p5].[DisplayOrder], [p5].[IsDeleted], [p5].[IsPrimary], [p5].[LastModifiedAt], [p5].[LastModifiedBy], [p5].[PropertyId], [p5].[RowVersion], [p5].[Url]
FROM (
    SELECT [f].[Id], [f].[CreatedAt], [f].[CreatedBy], [f].[DeletedAt], [f].[DeletedBy], [f].[IsDeleted], [f].[LastModifiedAt], [f].[LastModifiedBy], [f].[Note], [f].[PropertyId], [f].[RowVersion], [f].[UserId]
    FROM [Favorites] AS [f]
    WHERE [f].[IsDeleted] = CAST(0 AS bit) AND [f].[UserId] = @__request_UserId_0 AND [f].[IsDeleted] = CAST(0 AS bit)
    ORDER BY [f].[CreatedAt] DESC
    OFFSET @__p_1 ROWS FETCH NEXT @__p_2 ROWS ONLY
) AS [f0]
INNER JOIN (
    SELECT [p].[Id], [p].[AgentId], [p].[Area], [p].[CreatedAt], [p].[CreatedBy], [p].[DeletedAt], [p].[DeletedBy], [p].[Description], [p].[Direction], [p].[ExpiresAt], [p].[FullAddress], [p].[IsDeleted], [p].[IsFeatured], [p].[LastModifiedAt], [p].[LastModifiedBy], [p].[Latitude], [p].[ListingType], [p].[Longitude], [p].[NumberOfBathrooms], [p].[NumberOfBedrooms], [p].[NumberOfFloors], [p].[PropertyTypeId], [p].[ProvinceCode], [p].[ProvinceName], [p].[PublishedAt], [p].[RowVersion], [p].[Slug], [p].[Status], [p].[Title], [p].[TransactionTypeId], [p].[VideoUrl], [p].[ViewCount], [p].[WardCode], [p].[WardName], [p].[AddressCountry], [p].[AddressDistrict], [p].[AddressLatitude], [p].[AddressLongitude], [p].[AddressProvince], [p].[Street], [p].[AddressWard], [p].[PriceAmount], [p].[PriceCurrency]
    FROM [Properties] AS [p]
    WHERE [p].[IsDeleted] = CAST(0 AS bit)
) AS [p0] ON [f0].[PropertyId] = [p0].[Id]
INNER JOIN (
    SELECT [p1].[Id], [p1].[CreatedAt], [p1].[CreatedBy], [p1].[DeletedAt], [p1].[DeletedBy], [p1].[Description], [p1].[IsActive], [p1].[IsDeleted], [p1].[LastModifiedAt], [p1].[LastModifiedBy], [p1].[Name], [p1].[RowVersion]
    FROM [PropertyTypes] AS [p1]
    WHERE [p1].[IsDeleted] = CAST(0 AS bit)
) AS [p2] ON [p0].[PropertyTypeId] = [p2].[Id]
LEFT JOIN (
    SELECT [p4].[Id], [p4].[Caption], [p4].[CreatedAt], [p4].[CreatedBy], [p4].[DeletedAt], [p4].[DeletedBy], [p4].[DisplayOrder], [p4].[IsDeleted], [p4].[IsPrimary], [p4].[LastModifiedAt], [p4].[LastModifiedBy], [p4].[PropertyId], [p4].[RowVersion], [p4].[Url]
    FROM (
        SELECT [p3].[Id], [p3].[Caption], [p3].[CreatedAt], [p3].[CreatedBy], [p3].[DeletedAt], [p3].[DeletedBy], [p3].[DisplayOrder], [p3].[IsDeleted], [p3].[IsPrimary], [p3].[LastModifiedAt], [p3].[LastModifiedBy], [p3].[PropertyId], [p3].[RowVersion], [p3].[Url], ROW_NUMBER() OVER(PARTITION BY [p3].[PropertyId] ORDER BY [p3].[Id]) AS [row]
        FROM [PropertyImages] AS [p3]
        WHERE [p3].[IsDeleted] = CAST(0 AS bit) AND [p3].[IsPrimary] = CAST(1 AS bit)
    ) AS [p4]
    WHERE [p4].[row] <= 1
) AS [p5] ON [p0].[Id] = [p5].[PropertyId]
ORDER BY [f0].[CreatedAt] DESC, [f0].[Id], [p0].[Id], [p2].[Id]
[2026-05-22 18:16:59.552 +07:00 INF] Handled GetFavoritePropertiesQuery in 12ms
[2026-05-22 18:16:59.554 +07:00 INF] Executing OkObjectResult, writing value of type 'VietPropEstate.Application.Common.Models.PaginatedList`1[[VietPropEstate.Application.Features.Properties.DTOs.FavoritePropertyDto, VietPropEstate.Application, Version=1.0.0.0, Culture=neutral, PublicKeyToken=null]]'.
[2026-05-22 18:16:59.556 +07:00 INF] Executed action VietPropEstate.WebAPI.Controllers.FavoritesController.GetFavorites (VietPropEstate.WebAPI) in 16.9154ms
[2026-05-22 18:16:59.557 +07:00 INF] Executed endpoint 'VietPropEstate.WebAPI.Controllers.FavoritesController.GetFavorites (VietPropEstate.WebAPI)'
[2026-05-22 18:16:59.559 +07:00 INF] HTTP GET /api/favorites responded 200 in 22.9799 ms
[2026-05-22 18:16:59.561 +07:00 INF] Request finished HTTP/1.1 GET http://localhost:5198/api/favorites?pageNumber=1&pageSize=12 - 200 null application/json; charset=utf-8 28.7224ms
[2026-05-22 18:17:00.421 +07:00 INF] Request starting HTTP/1.1 GET http://localhost:5198/api/dashboard/stats - null null
[2026-05-22 18:17:00.422 +07:00 INF] Request starting HTTP/1.1 GET http://localhost:5198/api/properties/my-listings?pageNumber=1&pageSize=10 - null null
[2026-05-22 18:17:00.424 +07:00 INF] CORS policy execution successful.
[2026-05-22 18:17:00.427 +07:00 INF] CORS policy execution successful.
[2026-05-22 18:17:00.428 +07:00 INF] Executing endpoint 'VietPropEstate.WebAPI.Controllers.DashboardController.GetStats (VietPropEstate.WebAPI)'
[2026-05-22 18:17:00.429 +07:00 INF] Executing endpoint 'VietPropEstate.WebAPI.Controllers.PropertiesController.GetMyListings (VietPropEstate.WebAPI)'
[2026-05-22 18:17:00.430 +07:00 INF] Route matched with {action = "GetStats", controller = "Dashboard"}. Executing controller action with signature System.Threading.Tasks.Task`1[Microsoft.AspNetCore.Mvc.IActionResult] GetStats(System.Threading.CancellationToken) on controller VietPropEstate.WebAPI.Controllers.DashboardController (VietPropEstate.WebAPI).
[2026-05-22 18:17:00.431 +07:00 INF] Route matched with {action = "GetMyListings", controller = "Properties"}. Executing controller action with signature System.Threading.Tasks.Task`1[Microsoft.AspNetCore.Mvc.IActionResult] GetMyListings(Int32, Int32, System.Nullable`1[VietPropEstate.Domain.Enums.PropertyStatus], System.Threading.CancellationToken) on controller VietPropEstate.WebAPI.Controllers.PropertiesController (VietPropEstate.WebAPI).
[2026-05-22 18:17:00.435 +07:00 INF] Executed DbCommand (0ms) [Parameters=[@__userId_0='?' (Size = 450)], CommandType='"Text"', CommandTimeout='60']
SELECT TOP(1) [a].[Id], [a].[AgencyName], [a].[AvatarUrl], [a].[Bio], [a].[CreatedAt], [a].[CreatedBy], [a].[DeletedAt], [a].[DeletedBy], [a].[Email], [a].[FullName], [a].[IsActive], [a].[IsDeleted], [a].[LastModifiedAt], [a].[LastModifiedBy], [a].[LicenseNumber], [a].[PhoneNumber], [a].[RowVersion], [a].[UserId]
FROM [Agents] AS [a]
WHERE [a].[IsDeleted] = CAST(0 AS bit) AND [a].[UserId] = @__userId_0 AND [a].[IsDeleted] = CAST(0 AS bit)
[2026-05-22 18:17:00.435 +07:00 INF] Handling GetMyPropertiesQuery {"PageNumber":1,"PageSize":10,"Status":null,"$type":"GetMyPropertiesQuery"}
[2026-05-22 18:17:00.439 +07:00 INF] Executed DbCommand (0ms) [Parameters=[@__agent_Id_0='?' (DbType = Guid)], CommandType='"Text"', CommandTimeout='60']
SELECT [p].[Status], [p].[ViewCount]
FROM [Properties] AS [p]
WHERE [p].[IsDeleted] = CAST(0 AS bit) AND [p].[AgentId] = @__agent_Id_0
[2026-05-22 18:17:00.443 +07:00 INF] Executed DbCommand (0ms) [Parameters=[@___currentUser_UserId_0='?' (Size = 450)], CommandType='"Text"', CommandTimeout='60']
SELECT TOP(1) [a].[Id], [a].[AgencyName], [a].[AvatarUrl], [a].[Bio], [a].[CreatedAt], [a].[CreatedBy], [a].[DeletedAt], [a].[DeletedBy], [a].[Email], [a].[FullName], [a].[IsActive], [a].[IsDeleted], [a].[LastModifiedAt], [a].[LastModifiedBy], [a].[LicenseNumber], [a].[PhoneNumber], [a].[RowVersion], [a].[UserId]
FROM [Agents] AS [a]
WHERE [a].[IsDeleted] = CAST(0 AS bit) AND [a].[UserId] = @___currentUser_UserId_0 AND [a].[IsActive] = CAST(1 AS bit) AND [a].[IsDeleted] = CAST(0 AS bit)
[2026-05-22 18:17:00.445 +07:00 INF] Executed DbCommand (1ms) [Parameters=[@__userId_0='?' (Size = 450)], CommandType='"Text"', CommandTimeout='60']
SELECT COUNT(*)
FROM [Favorites] AS [f]
WHERE [f].[IsDeleted] = CAST(0 AS bit) AND [f].[UserId] = @__userId_0 AND [f].[IsDeleted] = CAST(0 AS bit)
[2026-05-22 18:17:00.448 +07:00 INF] Executed DbCommand (1ms) [Parameters=[@__agentId_0='?' (DbType = Guid)], CommandType='"Text"', CommandTimeout='60']
SELECT COUNT(*)
FROM [Properties] AS [p]
WHERE [p].[IsDeleted] = CAST(0 AS bit) AND [p].[AgentId] = @__agentId_0
[2026-05-22 18:17:00.449 +07:00 INF] Handling GetUnreadCountQuery {"UserId":"b0d7f7d4-26e4-447e-8c5b-8702835f658c","$type":"GetUnreadCountQuery"}
[2026-05-22 18:17:00.454 +07:00 INF] Executed DbCommand (1ms) [Parameters=[@__agentId_0='?' (DbType = Guid), @__p_1='?' (DbType = Int32), @__p_2='?' (DbType = Int32)], CommandType='"Text"', CommandTimeout='60']
SELECT [p1].[Id], [p1].[AgentId], [p1].[Area], [p1].[CreatedAt], [p1].[CreatedBy], [p1].[DeletedAt], [p1].[DeletedBy], [p1].[Description], [p1].[Direction], [p1].[ExpiresAt], [p1].[FullAddress], [p1].[IsDeleted], [p1].[IsFeatured], [p1].[LastModifiedAt], [p1].[LastModifiedBy], [p1].[Latitude], [p1].[ListingType], [p1].[Longitude], [p1].[NumberOfBathrooms], [p1].[NumberOfBedrooms], [p1].[NumberOfFloors], [p1].[PropertyTypeId], [p1].[ProvinceCode], [p1].[ProvinceName], [p1].[PublishedAt], [p1].[RowVersion], [p1].[Slug], [p1].[Status], [p1].[Title], [p1].[TransactionTypeId], [p1].[VideoUrl], [p1].[ViewCount], [p1].[WardCode], [p1].[WardName], [p1].[AddressCountry], [p1].[AddressDistrict], [p1].[AddressLatitude], [p1].[AddressLongitude], [p1].[AddressProvince], [p1].[Street], [p1].[AddressWard], [p1].[PriceAmount], [p1].[PriceCurrency], [p2].[Id], [p2].[CreatedAt], [p2].[CreatedBy], [p2].[DeletedAt], [p2].[DeletedBy], [p2].[Description], [p2].[IsActive], [p2].[IsDeleted], [p2].[LastModifiedAt], [p2].[LastModifiedBy], [p2].[Name], [p2].[RowVersion], [a0].[Id], [a0].[AgencyName], [a0].[AvatarUrl], [a0].[Bio], [a0].[CreatedAt], [a0].[CreatedBy], [a0].[DeletedAt], [a0].[DeletedBy], [a0].[Email], [a0].[FullName], [a0].[IsActive], [a0].[IsDeleted], [a0].[LastModifiedAt], [a0].[LastModifiedBy], [a0].[LicenseNumber], [a0].[PhoneNumber], [a0].[RowVersion], [a0].[UserId], [t0].[Id], [t0].[CreatedAt], [t0].[CreatedBy], [t0].[DeletedAt], [t0].[DeletedBy], [t0].[Description], [t0].[IsActive], [t0].[IsDeleted], [t0].[LastModifiedAt], [t0].[LastModifiedBy], [t0].[Name], [t0].[RowVersion], [p4].[Id], [p4].[Caption], [p4].[CreatedAt], [p4].[CreatedBy], [p4].[DeletedAt], [p4].[DeletedBy], [p4].[DisplayOrder], [p4].[IsDeleted], [p4].[IsPrimary], [p4].[LastModifiedAt], [p4].[LastModifiedBy], [p4].[PropertyId], [p4].[RowVersion], [p4].[Url]
FROM (
    SELECT [p].[Id], [p].[AgentId], [p].[Area], [p].[CreatedAt], [p].[CreatedBy], [p].[DeletedAt], [p].[DeletedBy], [p].[Description], [p].[Direction], [p].[ExpiresAt], [p].[FullAddress], [p].[IsDeleted], [p].[IsFeatured], [p].[LastModifiedAt], [p].[LastModifiedBy], [p].[Latitude], [p].[ListingType], [p].[Longitude], [p].[NumberOfBathrooms], [p].[NumberOfBedrooms], [p].[NumberOfFloors], [p].[PropertyTypeId], [p].[ProvinceCode], [p].[ProvinceName], [p].[PublishedAt], [p].[RowVersion], [p].[Slug], [p].[Status], [p].[Title], [p].[TransactionTypeId], [p].[VideoUrl], [p].[ViewCount], [p].[WardCode], [p].[WardName], [p].[AddressCountry], [p].[AddressDistrict], [p].[AddressLatitude], [p].[AddressLongitude], [p].[AddressProvince], [p].[Street], [p].[AddressWard], [p].[PriceAmount], [p].[PriceCurrency]
    FROM [Properties] AS [p]
    WHERE [p].[IsDeleted] = CAST(0 AS bit) AND [p].[AgentId] = @__agentId_0
    ORDER BY [p].[CreatedAt] DESC
    OFFSET @__p_1 ROWS FETCH NEXT @__p_2 ROWS ONLY
) AS [p1]
INNER JOIN (
    SELECT [p0].[Id], [p0].[CreatedAt], [p0].[CreatedBy], [p0].[DeletedAt], [p0].[DeletedBy], [p0].[Description], [p0].[IsActive], [p0].[IsDeleted], [p0].[LastModifiedAt], [p0].[LastModifiedBy], [p0].[Name], [p0].[RowVersion]
    FROM [PropertyTypes] AS [p0]
    WHERE [p0].[IsDeleted] = CAST(0 AS bit)
) AS [p2] ON [p1].[PropertyTypeId] = [p2].[Id]
INNER JOIN (
    SELECT [a].[Id], [a].[AgencyName], [a].[AvatarUrl], [a].[Bio], [a].[CreatedAt], [a].[CreatedBy], [a].[DeletedAt], [a].[DeletedBy], [a].[Email], [a].[FullName], [a].[IsActive], [a].[IsDeleted], [a].[LastModifiedAt], [a].[LastModifiedBy], [a].[LicenseNumber], [a].[PhoneNumber], [a].[RowVersion], [a].[UserId]
    FROM [Agents] AS [a]
    WHERE [a].[IsDeleted] = CAST(0 AS bit)
) AS [a0] ON [p1].[AgentId] = [a0].[Id]
LEFT JOIN (
    SELECT [t].[Id], [t].[CreatedAt], [t].[CreatedBy], [t].[DeletedAt], [t].[DeletedBy], [t].[Description], [t].[IsActive], [t].[IsDeleted], [t].[LastModifiedAt], [t].[LastModifiedBy], [t].[Name], [t].[RowVersion]
    FROM [TransactionTypes] AS [t]
    WHERE [t].[IsDeleted] = CAST(0 AS bit)
) AS [t0] ON [p1].[TransactionTypeId] = [t0].[Id]
LEFT JOIN (
    SELECT [p3].[Id], [p3].[Caption], [p3].[CreatedAt], [p3].[CreatedBy], [p3].[DeletedAt], [p3].[DeletedBy], [p3].[DisplayOrder], [p3].[IsDeleted], [p3].[IsPrimary], [p3].[LastModifiedAt], [p3].[LastModifiedBy], [p3].[PropertyId], [p3].[RowVersion], [p3].[Url]
    FROM [PropertyImages] AS [p3]
    WHERE [p3].[IsDeleted] = CAST(0 AS bit)
) AS [p4] ON [p1].[Id] = [p4].[PropertyId]
ORDER BY [p1].[CreatedAt] DESC, [p1].[Id], [p2].[Id], [a0].[Id], [t0].[Id]
[2026-05-22 18:17:00.456 +07:00 INF] Executed DbCommand (0ms) [Parameters=[@__request_UserId_0='?' (Size = 450)], CommandType='"Text"', CommandTimeout='60']
SELECT COALESCE(SUM(CASE
    WHEN [c].[BuyerId] = @__request_UserId_0 THEN [c].[BuyerUnreadCount]
    ELSE [c].[SellerUnreadCount]
END), 0)
FROM [Conversations] AS [c]
WHERE [c].[IsDeleted] = CAST(0 AS bit) AND ([c].[BuyerId] = @__request_UserId_0 OR [c].[SellerId] = @__request_UserId_0) AND [c].[IsDeleted] = CAST(0 AS bit)
[2026-05-22 18:17:00.460 +07:00 INF] Handled GetMyPropertiesQuery in 24ms
[2026-05-22 18:17:00.463 +07:00 INF] Executed DbCommand (1ms) [Parameters=[@__request_UserId_0='?' (Size = 450)], CommandType='"Text"', CommandTimeout='60']
SELECT COUNT(*)
FROM [Notifications] AS [n]
WHERE [n].[IsDeleted] = CAST(0 AS bit) AND [n].[UserId] = @__request_UserId_0 AND [n].[IsRead] = CAST(0 AS bit) AND [n].[IsDeleted] = CAST(0 AS bit)
[2026-05-22 18:17:00.464 +07:00 INF] Executing OkObjectResult, writing value of type 'VietPropEstate.Application.Common.Models.PaginatedList`1[[VietPropEstate.Application.Features.Properties.DTOs.PropertyDto, VietPropEstate.Application, Version=1.0.0.0, Culture=neutral, PublicKeyToken=null]]'.
[2026-05-22 18:17:00.467 +07:00 INF] Handled GetUnreadCountQuery in 17ms
[2026-05-22 18:17:00.468 +07:00 INF] Executed action VietPropEstate.WebAPI.Controllers.PropertiesController.GetMyListings (VietPropEstate.WebAPI) in 33.398ms
[2026-05-22 18:17:00.469 +07:00 INF] Executing OkObjectResult, writing value of type 'VietPropEstate.Application.Features.Dashboard.DTOs.DashboardStatsDto'.
[2026-05-22 18:17:00.471 +07:00 INF] Executed endpoint 'VietPropEstate.WebAPI.Controllers.PropertiesController.GetMyListings (VietPropEstate.WebAPI)'
[2026-05-22 18:17:00.473 +07:00 INF] Executed action VietPropEstate.WebAPI.Controllers.DashboardController.GetStats (VietPropEstate.WebAPI) in 40.1127ms
[2026-05-22 18:17:00.474 +07:00 INF] HTTP GET /api/properties/my-listings responded 200 in 45.5824 ms
[2026-05-22 18:17:00.476 +07:00 INF] Executed endpoint 'VietPropEstate.WebAPI.Controllers.DashboardController.GetStats (VietPropEstate.WebAPI)'
[2026-05-22 18:17:00.478 +07:00 INF] Request finished HTTP/1.1 GET http://localhost:5198/api/properties/my-listings?pageNumber=1&pageSize=10 - 200 null application/json; charset=utf-8 55.5304ms
[2026-05-22 18:17:00.479 +07:00 INF] HTTP GET /api/dashboard/stats responded 200 in 51.5776 ms
[2026-05-22 18:17:00.485 +07:00 INF] Request finished HTTP/1.1 GET http://localhost:5198/api/dashboard/stats - 200 null application/json; charset=utf-8 63.7525ms
[2026-05-22 18:17:02.897 +07:00 INF] Request starting HTTP/1.1 OPTIONS http://localhost:5198/api/properties?pageNumber=1&pageSize=3&isFeatured=True&status=1&sortBy=CreatedAt&sortOrder=Desc - null null
[2026-05-22 18:17:02.897 +07:00 INF] Request starting HTTP/1.1 OPTIONS http://localhost:5198/api/properties?pageNumber=1&pageSize=6&status=1&sortBy=CreatedAt&sortOrder=Desc - null null
[2026-05-22 18:17:02.899 +07:00 INF] Request starting HTTP/1.1 OPTIONS http://localhost:5198/api/notifications?pageNumber=1&pageSize=20&unreadOnly=false - null null
[2026-05-22 18:17:02.899 +07:00 INF] CORS policy execution successful.
[2026-05-22 18:17:02.902 +07:00 INF] CORS policy execution successful.
[2026-05-22 18:17:02.905 +07:00 INF] CORS policy execution successful.
[2026-05-22 18:17:02.905 +07:00 INF] Request finished HTTP/1.1 OPTIONS http://localhost:5198/api/properties?pageNumber=1&pageSize=3&isFeatured=True&status=1&sortBy=CreatedAt&sortOrder=Desc - 204 null null 8.7652ms
[2026-05-22 18:17:02.906 +07:00 INF] Request finished HTTP/1.1 OPTIONS http://localhost:5198/api/properties?pageNumber=1&pageSize=6&status=1&sortBy=CreatedAt&sortOrder=Desc - 204 null null 9.1151ms
[2026-05-22 18:17:02.907 +07:00 INF] Request finished HTTP/1.1 OPTIONS http://localhost:5198/api/notifications?pageNumber=1&pageSize=20&unreadOnly=false - 204 null null 8.116ms
[2026-05-22 18:17:02.911 +07:00 INF] Request starting HTTP/1.1 GET http://localhost:5198/api/properties?pageNumber=1&pageSize=3&isFeatured=True&status=1&sortBy=CreatedAt&sortOrder=Desc - null null
[2026-05-22 18:17:02.914 +07:00 INF] Request starting HTTP/1.1 GET http://localhost:5198/api/properties?pageNumber=1&pageSize=6&status=1&sortBy=CreatedAt&sortOrder=Desc - null null
[2026-05-22 18:17:02.916 +07:00 INF] Request starting HTTP/1.1 GET http://localhost:5198/api/notifications?pageNumber=1&pageSize=20&unreadOnly=false - null null
[2026-05-22 18:17:02.919 +07:00 INF] CORS policy execution successful.
[2026-05-22 18:17:02.921 +07:00 INF] CORS policy execution successful.
[2026-05-22 18:17:02.924 +07:00 INF] CORS policy execution successful.
[2026-05-22 18:17:02.925 +07:00 INF] Executing endpoint 'VietPropEstate.WebAPI.Controllers.PropertiesController.GetList (VietPropEstate.WebAPI)'
[2026-05-22 18:17:02.926 +07:00 INF] Executing endpoint 'VietPropEstate.WebAPI.Controllers.PropertiesController.GetList (VietPropEstate.WebAPI)'
[2026-05-22 18:17:02.927 +07:00 INF] Executing endpoint 'VietPropEstate.WebAPI.Controllers.NotificationsController.GetNotifications (VietPropEstate.WebAPI)'
[2026-05-22 18:17:02.928 +07:00 INF] Route matched with {action = "GetList", controller = "Properties"}. Executing controller action with signature System.Threading.Tasks.Task`1[Microsoft.AspNetCore.Mvc.IActionResult] GetList(Int32, Int32, System.String, System.Nullable`1[System.Guid], System.Nullable`1[System.Guid], System.Nullable`1[VietPropEstate.Domain.Enums.ListingType], System.Nullable`1[VietPropEstate.Domain.Enums.PropertyStatus], System.Nullable`1[System.Int32], System.Nullable`1[System.Int32], System.String, System.Nullable`1[System.Decimal], System.Nullable`1[System.Decimal], System.Nullable`1[System.Decimal], System.Nullable`1[System.Decimal], System.Nullable`1[System.Int32], System.Nullable`1[System.Int32], System.Nullable`1[System.Int32], System.Nullable`1[VietPropEstate.Domain.Enums.PropertyDirection], System.Nullable`1[System.Boolean], System.String, System.String, System.Threading.CancellationToken) on controller VietPropEstate.WebAPI.Controllers.PropertiesController (VietPropEstate.WebAPI).
[2026-05-22 18:17:02.929 +07:00 INF] Route matched with {action = "GetList", controller = "Properties"}. Executing controller action with signature System.Threading.Tasks.Task`1[Microsoft.AspNetCore.Mvc.IActionResult] GetList(Int32, Int32, System.String, System.Nullable`1[System.Guid], System.Nullable`1[System.Guid], System.Nullable`1[VietPropEstate.Domain.Enums.ListingType], System.Nullable`1[VietPropEstate.Domain.Enums.PropertyStatus], System.Nullable`1[System.Int32], System.Nullable`1[System.Int32], System.String, System.Nullable`1[System.Decimal], System.Nullable`1[System.Decimal], System.Nullable`1[System.Decimal], System.Nullable`1[System.Decimal], System.Nullable`1[System.Int32], System.Nullable`1[System.Int32], System.Nullable`1[System.Int32], System.Nullable`1[VietPropEstate.Domain.Enums.PropertyDirection], System.Nullable`1[System.Boolean], System.String, System.String, System.Threading.CancellationToken) on controller VietPropEstate.WebAPI.Controllers.PropertiesController (VietPropEstate.WebAPI).
[2026-05-22 18:17:02.930 +07:00 INF] Route matched with {action = "GetNotifications", controller = "Notifications"}. Executing controller action with signature System.Threading.Tasks.Task`1[Microsoft.AspNetCore.Mvc.IActionResult] GetNotifications(Int32, Int32, Boolean, System.Threading.CancellationToken) on controller VietPropEstate.WebAPI.Controllers.NotificationsController (VietPropEstate.WebAPI).
[2026-05-22 18:17:02.935 +07:00 INF] Handling GetPropertiesListQuery {"PageNumber":1,"PageSize":3,"SearchTerm":null,"PropertyTypeId":null,"TransactionTypeId":null,"ListingType":null,"Status":"Active","ProvinceCode":null,"WardCode":null,"ProvinceName":null,"MinPrice":null,"MaxPrice":null,"MinArea":null,"MaxArea":null,"MinBedrooms":null,"MaxBedrooms":null,"Bathrooms":null,"Direction":null,"IsFeatured":true,"AllStatuses":false,"SortBy":"CreatedAt","SortOrder":"Desc","$type":"GetPropertiesListQuery"}
[2026-05-22 18:17:02.936 +07:00 INF] Handling GetPropertiesListQuery {"PageNumber":1,"PageSize":6,"SearchTerm":null,"PropertyTypeId":null,"TransactionTypeId":null,"ListingType":null,"Status":"Active","ProvinceCode":null,"WardCode":null,"ProvinceName":null,"MinPrice":null,"MaxPrice":null,"MinArea":null,"MaxArea":null,"MinBedrooms":null,"MaxBedrooms":null,"Bathrooms":null,"Direction":null,"IsFeatured":null,"AllStatuses":false,"SortBy":"CreatedAt","SortOrder":"Desc","$type":"GetPropertiesListQuery"}
[2026-05-22 18:17:02.937 +07:00 INF] Handling GetUserNotificationsQuery {"UserId":"b0d7f7d4-26e4-447e-8c5b-8702835f658c","PageNumber":1,"PageSize":20,"UnreadOnly":false,"$type":"GetUserNotificationsQuery"}
[2026-05-22 18:17:02.954 +07:00 INF] Executed DbCommand (0ms) [Parameters=[@__status_Value_0='?' (DbType = Int32), @__isFeatured_Value_1='?' (DbType = Boolean)], CommandType='"Text"', CommandTimeout='60']
SELECT COUNT(*)
FROM [Properties] AS [p]
WHERE [p].[IsDeleted] = CAST(0 AS bit) AND [p].[Status] = @__status_Value_0 AND [p].[IsFeatured] = @__isFeatured_Value_1
[2026-05-22 18:17:02.971 +07:00 INF] Executed DbCommand (0ms) [Parameters=[@__status_Value_0='?' (DbType = Int32)], CommandType='"Text"', CommandTimeout='60']
SELECT COUNT(*)
FROM [Properties] AS [p]
WHERE [p].[IsDeleted] = CAST(0 AS bit) AND [p].[Status] = @__status_Value_0
[2026-05-22 18:17:02.975 +07:00 INF] Executed DbCommand (0ms) [Parameters=[@__request_UserId_0='?' (Size = 450)], CommandType='"Text"', CommandTimeout='60']
SELECT COUNT(*)
FROM [Notifications] AS [n]
WHERE [n].[IsDeleted] = CAST(0 AS bit) AND [n].[UserId] = @__request_UserId_0 AND [n].[IsDeleted] = CAST(0 AS bit)
[2026-05-22 18:17:02.978 +07:00 INF] Executed DbCommand (1ms) [Parameters=[@__status_Value_0='?' (DbType = Int32), @__isFeatured_Value_1='?' (DbType = Boolean), @__p_2='?' (DbType = Int32), @__p_3='?' (DbType = Int32)], CommandType='"Text"', CommandTimeout='60']
SELECT [p1].[Id], [p1].[AgentId], [p1].[Area], [p1].[CreatedAt], [p1].[CreatedBy], [p1].[DeletedAt], [p1].[DeletedBy], [p1].[Description], [p1].[Direction], [p1].[ExpiresAt], [p1].[FullAddress], [p1].[IsDeleted], [p1].[IsFeatured], [p1].[LastModifiedAt], [p1].[LastModifiedBy], [p1].[Latitude], [p1].[ListingType], [p1].[Longitude], [p1].[NumberOfBathrooms], [p1].[NumberOfBedrooms], [p1].[NumberOfFloors], [p1].[PropertyTypeId], [p1].[ProvinceCode], [p1].[ProvinceName], [p1].[PublishedAt], [p1].[RowVersion], [p1].[Slug], [p1].[Status], [p1].[Title], [p1].[TransactionTypeId], [p1].[VideoUrl], [p1].[ViewCount], [p1].[WardCode], [p1].[WardName], [p1].[AddressCountry], [p1].[AddressDistrict], [p1].[AddressLatitude], [p1].[AddressLongitude], [p1].[AddressProvince], [p1].[Street], [p1].[AddressWard], [p1].[PriceAmount], [p1].[PriceCurrency], [p2].[Id], [p2].[CreatedAt], [p2].[CreatedBy], [p2].[DeletedAt], [p2].[DeletedBy], [p2].[Description], [p2].[IsActive], [p2].[IsDeleted], [p2].[LastModifiedAt], [p2].[LastModifiedBy], [p2].[Name], [p2].[RowVersion], [a0].[Id], [a0].[AgencyName], [a0].[AvatarUrl], [a0].[Bio], [a0].[CreatedAt], [a0].[CreatedBy], [a0].[DeletedAt], [a0].[DeletedBy], [a0].[Email], [a0].[FullName], [a0].[IsActive], [a0].[IsDeleted], [a0].[LastModifiedAt], [a0].[LastModifiedBy], [a0].[LicenseNumber], [a0].[PhoneNumber], [a0].[RowVersion], [a0].[UserId], [t0].[Id], [t0].[CreatedAt], [t0].[CreatedBy], [t0].[DeletedAt], [t0].[DeletedBy], [t0].[Description], [t0].[IsActive], [t0].[IsDeleted], [t0].[LastModifiedAt], [t0].[LastModifiedBy], [t0].[Name], [t0].[RowVersion], [p4].[Id], [p4].[Caption], [p4].[CreatedAt], [p4].[CreatedBy], [p4].[DeletedAt], [p4].[DeletedBy], [p4].[DisplayOrder], [p4].[IsDeleted], [p4].[IsPrimary], [p4].[LastModifiedAt], [p4].[LastModifiedBy], [p4].[PropertyId], [p4].[RowVersion], [p4].[Url]
FROM (
    SELECT [p].[Id], [p].[AgentId], [p].[Area], [p].[CreatedAt], [p].[CreatedBy], [p].[DeletedAt], [p].[DeletedBy], [p].[Description], [p].[Direction], [p].[ExpiresAt], [p].[FullAddress], [p].[IsDeleted], [p].[IsFeatured], [p].[LastModifiedAt], [p].[LastModifiedBy], [p].[Latitude], [p].[ListingType], [p].[Longitude], [p].[NumberOfBathrooms], [p].[NumberOfBedrooms], [p].[NumberOfFloors], [p].[PropertyTypeId], [p].[ProvinceCode], [p].[ProvinceName], [p].[PublishedAt], [p].[RowVersion], [p].[Slug], [p].[Status], [p].[Title], [p].[TransactionTypeId], [p].[VideoUrl], [p].[ViewCount], [p].[WardCode], [p].[WardName], [p].[AddressCountry], [p].[AddressDistrict], [p].[AddressLatitude], [p].[AddressLongitude], [p].[AddressProvince], [p].[Street], [p].[AddressWard], [p].[PriceAmount], [p].[PriceCurrency]
    FROM [Properties] AS [p]
    WHERE [p].[IsDeleted] = CAST(0 AS bit) AND [p].[Status] = @__status_Value_0 AND [p].[IsFeatured] = @__isFeatured_Value_1
    ORDER BY [p].[IsFeatured] DESC, [p].[CreatedAt] DESC
    OFFSET @__p_2 ROWS FETCH NEXT @__p_3 ROWS ONLY
) AS [p1]
INNER JOIN (
    SELECT [p0].[Id], [p0].[CreatedAt], [p0].[CreatedBy], [p0].[DeletedAt], [p0].[DeletedBy], [p0].[Description], [p0].[IsActive], [p0].[IsDeleted], [p0].[LastModifiedAt], [p0].[LastModifiedBy], [p0].[Name], [p0].[RowVersion]
    FROM [PropertyTypes] AS [p0]
    WHERE [p0].[IsDeleted] = CAST(0 AS bit)
) AS [p2] ON [p1].[PropertyTypeId] = [p2].[Id]
INNER JOIN (
    SELECT [a].[Id], [a].[AgencyName], [a].[AvatarUrl], [a].[Bio], [a].[CreatedAt], [a].[CreatedBy], [a].[DeletedAt], [a].[DeletedBy], [a].[Email], [a].[FullName], [a].[IsActive], [a].[IsDeleted], [a].[LastModifiedAt], [a].[LastModifiedBy], [a].[LicenseNumber], [a].[PhoneNumber], [a].[RowVersion], [a].[UserId]
    FROM [Agents] AS [a]
    WHERE [a].[IsDeleted] = CAST(0 AS bit)
) AS [a0] ON [p1].[AgentId] = [a0].[Id]
LEFT JOIN (
    SELECT [t].[Id], [t].[CreatedAt], [t].[CreatedBy], [t].[DeletedAt], [t].[DeletedBy], [t].[Description], [t].[IsActive], [t].[IsDeleted], [t].[LastModifiedAt], [t].[LastModifiedBy], [t].[Name], [t].[RowVersion]
    FROM [TransactionTypes] AS [t]
    WHERE [t].[IsDeleted] = CAST(0 AS bit)
) AS [t0] ON [p1].[TransactionTypeId] = [t0].[Id]
LEFT JOIN (
    SELECT [p3].[Id], [p3].[Caption], [p3].[CreatedAt], [p3].[CreatedBy], [p3].[DeletedAt], [p3].[DeletedBy], [p3].[DisplayOrder], [p3].[IsDeleted], [p3].[IsPrimary], [p3].[LastModifiedAt], [p3].[LastModifiedBy], [p3].[PropertyId], [p3].[RowVersion], [p3].[Url]
    FROM [PropertyImages] AS [p3]
    WHERE [p3].[IsDeleted] = CAST(0 AS bit)
) AS [p4] ON [p1].[Id] = [p4].[PropertyId]
ORDER BY [p1].[IsFeatured] DESC, [p1].[CreatedAt] DESC, [p1].[Id], [p2].[Id], [a0].[Id], [t0].[Id]
[2026-05-22 18:17:02.980 +07:00 INF] Executed DbCommand (1ms) [Parameters=[@__status_Value_0='?' (DbType = Int32), @__p_1='?' (DbType = Int32), @__p_2='?' (DbType = Int32)], CommandType='"Text"', CommandTimeout='60']
SELECT [p1].[Id], [p1].[AgentId], [p1].[Area], [p1].[CreatedAt], [p1].[CreatedBy], [p1].[DeletedAt], [p1].[DeletedBy], [p1].[Description], [p1].[Direction], [p1].[ExpiresAt], [p1].[FullAddress], [p1].[IsDeleted], [p1].[IsFeatured], [p1].[LastModifiedAt], [p1].[LastModifiedBy], [p1].[Latitude], [p1].[ListingType], [p1].[Longitude], [p1].[NumberOfBathrooms], [p1].[NumberOfBedrooms], [p1].[NumberOfFloors], [p1].[PropertyTypeId], [p1].[ProvinceCode], [p1].[ProvinceName], [p1].[PublishedAt], [p1].[RowVersion], [p1].[Slug], [p1].[Status], [p1].[Title], [p1].[TransactionTypeId], [p1].[VideoUrl], [p1].[ViewCount], [p1].[WardCode], [p1].[WardName], [p1].[AddressCountry], [p1].[AddressDistrict], [p1].[AddressLatitude], [p1].[AddressLongitude], [p1].[AddressProvince], [p1].[Street], [p1].[AddressWard], [p1].[PriceAmount], [p1].[PriceCurrency], [p2].[Id], [p2].[CreatedAt], [p2].[CreatedBy], [p2].[DeletedAt], [p2].[DeletedBy], [p2].[Description], [p2].[IsActive], [p2].[IsDeleted], [p2].[LastModifiedAt], [p2].[LastModifiedBy], [p2].[Name], [p2].[RowVersion], [a0].[Id], [a0].[AgencyName], [a0].[AvatarUrl], [a0].[Bio], [a0].[CreatedAt], [a0].[CreatedBy], [a0].[DeletedAt], [a0].[DeletedBy], [a0].[Email], [a0].[FullName], [a0].[IsActive], [a0].[IsDeleted], [a0].[LastModifiedAt], [a0].[LastModifiedBy], [a0].[LicenseNumber], [a0].[PhoneNumber], [a0].[RowVersion], [a0].[UserId], [t0].[Id], [t0].[CreatedAt], [t0].[CreatedBy], [t0].[DeletedAt], [t0].[DeletedBy], [t0].[Description], [t0].[IsActive], [t0].[IsDeleted], [t0].[LastModifiedAt], [t0].[LastModifiedBy], [t0].[Name], [t0].[RowVersion], [p4].[Id], [p4].[Caption], [p4].[CreatedAt], [p4].[CreatedBy], [p4].[DeletedAt], [p4].[DeletedBy], [p4].[DisplayOrder], [p4].[IsDeleted], [p4].[IsPrimary], [p4].[LastModifiedAt], [p4].[LastModifiedBy], [p4].[PropertyId], [p4].[RowVersion], [p4].[Url]
FROM (
    SELECT [p].[Id], [p].[AgentId], [p].[Area], [p].[CreatedAt], [p].[CreatedBy], [p].[DeletedAt], [p].[DeletedBy], [p].[Description], [p].[Direction], [p].[ExpiresAt], [p].[FullAddress], [p].[IsDeleted], [p].[IsFeatured], [p].[LastModifiedAt], [p].[LastModifiedBy], [p].[Latitude], [p].[ListingType], [p].[Longitude], [p].[NumberOfBathrooms], [p].[NumberOfBedrooms], [p].[NumberOfFloors], [p].[PropertyTypeId], [p].[ProvinceCode], [p].[ProvinceName], [p].[PublishedAt], [p].[RowVersion], [p].[Slug], [p].[Status], [p].[Title], [p].[TransactionTypeId], [p].[VideoUrl], [p].[ViewCount], [p].[WardCode], [p].[WardName], [p].[AddressCountry], [p].[AddressDistrict], [p].[AddressLatitude], [p].[AddressLongitude], [p].[AddressProvince], [p].[Street], [p].[AddressWard], [p].[PriceAmount], [p].[PriceCurrency]
    FROM [Properties] AS [p]
    WHERE [p].[IsDeleted] = CAST(0 AS bit) AND [p].[Status] = @__status_Value_0
    ORDER BY [p].[IsFeatured] DESC, [p].[CreatedAt] DESC
    OFFSET @__p_1 ROWS FETCH NEXT @__p_2 ROWS ONLY
) AS [p1]
INNER JOIN (
    SELECT [p0].[Id], [p0].[CreatedAt], [p0].[CreatedBy], [p0].[DeletedAt], [p0].[DeletedBy], [p0].[Description], [p0].[IsActive], [p0].[IsDeleted], [p0].[LastModifiedAt], [p0].[LastModifiedBy], [p0].[Name], [p0].[RowVersion]
    FROM [PropertyTypes] AS [p0]
    WHERE [p0].[IsDeleted] = CAST(0 AS bit)
) AS [p2] ON [p1].[PropertyTypeId] = [p2].[Id]
INNER JOIN (
    SELECT [a].[Id], [a].[AgencyName], [a].[AvatarUrl], [a].[Bio], [a].[CreatedAt], [a].[CreatedBy], [a].[DeletedAt], [a].[DeletedBy], [a].[Email], [a].[FullName], [a].[IsActive], [a].[IsDeleted], [a].[LastModifiedAt], [a].[LastModifiedBy], [a].[LicenseNumber], [a].[PhoneNumber], [a].[RowVersion], [a].[UserId]
    FROM [Agents] AS [a]
    WHERE [a].[IsDeleted] = CAST(0 AS bit)
) AS [a0] ON [p1].[AgentId] = [a0].[Id]
LEFT JOIN (
    SELECT [t].[Id], [t].[CreatedAt], [t].[CreatedBy], [t].[DeletedAt], [t].[DeletedBy], [t].[Description], [t].[IsActive], [t].[IsDeleted], [t].[LastModifiedAt], [t].[LastModifiedBy], [t].[Name], [t].[RowVersion]
    FROM [TransactionTypes] AS [t]
    WHERE [t].[IsDeleted] = CAST(0 AS bit)
) AS [t0] ON [p1].[TransactionTypeId] = [t0].[Id]
LEFT JOIN (
    SELECT [p3].[Id], [p3].[Caption], [p3].[CreatedAt], [p3].[CreatedBy], [p3].[DeletedAt], [p3].[DeletedBy], [p3].[DisplayOrder], [p3].[IsDeleted], [p3].[IsPrimary], [p3].[LastModifiedAt], [p3].[LastModifiedBy], [p3].[PropertyId], [p3].[RowVersion], [p3].[Url]
    FROM [PropertyImages] AS [p3]
    WHERE [p3].[IsDeleted] = CAST(0 AS bit)
) AS [p4] ON [p1].[Id] = [p4].[PropertyId]
ORDER BY [p1].[IsFeatured] DESC, [p1].[CreatedAt] DESC, [p1].[Id], [p2].[Id], [a0].[Id], [t0].[Id]
[2026-05-22 18:17:02.982 +07:00 INF] Executed DbCommand (0ms) [Parameters=[@__request_UserId_0='?' (Size = 450), @__p_1='?' (DbType = Int32), @__p_2='?' (DbType = Int32)], CommandType='"Text"', CommandTimeout='60']
SELECT [n].[Id], [n].[UserId], [n].[Title], [n].[Content], [n].[Type], [n].[IsRead], [n].[ReadAt], [n].[ReferenceId], [n].[ActionUrl], [n].[CreatedAt]
FROM [Notifications] AS [n]
WHERE [n].[IsDeleted] = CAST(0 AS bit) AND [n].[UserId] = @__request_UserId_0 AND [n].[IsDeleted] = CAST(0 AS bit)
ORDER BY [n].[CreatedAt] DESC
OFFSET @__p_1 ROWS FETCH NEXT @__p_2 ROWS ONLY
[2026-05-22 18:17:02.985 +07:00 INF] Handled GetPropertiesListQuery in 50ms
[2026-05-22 18:17:02.990 +07:00 INF] Handled GetPropertiesListQuery in 53ms
[2026-05-22 18:17:02.991 +07:00 INF] Handled GetUserNotificationsQuery in 54ms
[2026-05-22 18:17:02.993 +07:00 INF] Executing OkObjectResult, writing value of type 'VietPropEstate.Application.Common.Models.PaginatedList`1[[VietPropEstate.Application.Features.Properties.DTOs.PropertyDto, VietPropEstate.Application, Version=1.0.0.0, Culture=neutral, PublicKeyToken=null]]'.
[2026-05-22 18:17:02.994 +07:00 INF] Executing OkObjectResult, writing value of type 'VietPropEstate.Application.Common.Models.PaginatedList`1[[VietPropEstate.Application.Features.Properties.DTOs.PropertyDto, VietPropEstate.Application, Version=1.0.0.0, Culture=neutral, PublicKeyToken=null]]'.
[2026-05-22 18:17:02.995 +07:00 INF] Executing OkObjectResult, writing value of type 'VietPropEstate.Application.Common.Models.PaginatedList`1[[VietPropEstate.Application.Features.Notifications.DTOs.NotificationDto, VietPropEstate.Application, Version=1.0.0.0, Culture=neutral, PublicKeyToken=null]]'.
[2026-05-22 18:17:02.997 +07:00 INF] Executed action VietPropEstate.WebAPI.Controllers.PropertiesController.GetList (VietPropEstate.WebAPI) in 64.776ms
[2026-05-22 18:17:02.999 +07:00 INF] Executed action VietPropEstate.WebAPI.Controllers.PropertiesController.GetList (VietPropEstate.WebAPI) in 63.9155ms
[2026-05-22 18:17:03.000 +07:00 INF] Executed action VietPropEstate.WebAPI.Controllers.NotificationsController.GetNotifications (VietPropEstate.WebAPI) in 62.898ms
[2026-05-22 18:17:03.001 +07:00 INF] Executed endpoint 'VietPropEstate.WebAPI.Controllers.PropertiesController.GetList (VietPropEstate.WebAPI)'
[2026-05-22 18:17:03.002 +07:00 INF] Executed endpoint 'VietPropEstate.WebAPI.Controllers.PropertiesController.GetList (VietPropEstate.WebAPI)'
[2026-05-22 18:17:03.004 +07:00 INF] Executed endpoint 'VietPropEstate.WebAPI.Controllers.NotificationsController.GetNotifications (VietPropEstate.WebAPI)'
[2026-05-22 18:17:03.005 +07:00 INF] HTTP GET /api/properties responded 200 in 80.3402 ms
[2026-05-22 18:17:03.006 +07:00 INF] HTTP GET /api/properties responded 200 in 80.7079 ms
[2026-05-22 18:17:03.008 +07:00 INF] HTTP GET /api/notifications responded 200 in 81.0171 ms
[2026-05-22 18:17:03.010 +07:00 INF] Request finished HTTP/1.1 GET http://localhost:5198/api/properties?pageNumber=1&pageSize=3&isFeatured=True&status=1&sortBy=CreatedAt&sortOrder=Desc - 200 null application/json; charset=utf-8 98.9924ms
[2026-05-22 18:17:03.012 +07:00 INF] Request finished HTTP/1.1 GET http://localhost:5198/api/properties?pageNumber=1&pageSize=6&status=1&sortBy=CreatedAt&sortOrder=Desc - 200 null application/json; charset=utf-8 97.5978ms
[2026-05-22 18:17:03.013 +07:00 INF] Request finished HTTP/1.1 GET http://localhost:5198/api/notifications?pageNumber=1&pageSize=20&unreadOnly=false - 200 null application/json; charset=utf-8 97.4223ms
[2026-05-22 18:28:56.799 +07:00 INF] Application is shutting down...
[2026-05-22 18:40:54.810 +07:00 INF] Swagger UI: /swagger
[2026-05-22 18:40:55.461 +07:00 WRN] Entity 'Property' has a global query filter defined and is the required end of a relationship with the entity 'PropertyView'. This may lead to unexpected results when the required entity is filtered out. Either configure the navigation as optional, or define matching query filters for both entities in the navigation. See https://go.microsoft.com/fwlink/?linkid=2131316 for more information.
[2026-05-22 18:40:56.032 +07:00 INF] Executed DbCommand (15ms) [Parameters=[], CommandType='"Text"', CommandTimeout='60']
SELECT 1
[2026-05-22 18:40:56.064 +07:00 INF] Executed DbCommand (19ms) [Parameters=[], CommandType='"Text"', CommandTimeout='60']
DECLARE @result int;
EXEC @result = sp_getapplock @Resource = '__EFMigrationsLock', @LockOwner = 'Session', @LockMode = 'Exclusive';
SELECT @result
[2026-05-22 18:40:56.114 +07:00 INF] Executed DbCommand (2ms) [Parameters=[], CommandType='"Text"', CommandTimeout='60']
IF OBJECT_ID(N'[__EFMigrationsHistory]') IS NULL
BEGIN
    CREATE TABLE [__EFMigrationsHistory] (
        [MigrationId] nvarchar(150) NOT NULL,
        [ProductVersion] nvarchar(32) NOT NULL,
        CONSTRAINT [PK___EFMigrationsHistory] PRIMARY KEY ([MigrationId])
    );
END;
[2026-05-22 18:40:56.127 +07:00 INF] Executed DbCommand (0ms) [Parameters=[], CommandType='"Text"', CommandTimeout='60']
SELECT 1
[2026-05-22 18:40:56.130 +07:00 INF] Executed DbCommand (0ms) [Parameters=[], CommandType='"Text"', CommandTimeout='60']
SELECT OBJECT_ID(N'[__EFMigrationsHistory]');
[2026-05-22 18:40:56.136 +07:00 INF] Executed DbCommand (2ms) [Parameters=[], CommandType='"Text"', CommandTimeout='60']
SELECT [MigrationId], [ProductVersion]
FROM [__EFMigrationsHistory]
ORDER BY [MigrationId];
[2026-05-22 18:40:56.151 +07:00 INF] Executed DbCommand (4ms) [Parameters=[], CommandType='"Text"', CommandTimeout='60']
DECLARE @result int;
EXEC @result = sp_releaseapplock @Resource = '__EFMigrationsLock', @LockOwner = 'Session';
SELECT @result
[2026-05-22 18:40:56.171 +07:00 INF] User profile is available. Using 'C:\Users\Le Quoc Khanh\AppData\Local\ASP.NET\DataProtection-Keys' as key repository and Windows DPAPI to encrypt keys at rest.
[2026-05-22 18:40:56.372 +07:00 INF] Executed DbCommand (10ms) [Parameters=[@__normalizedName_0='?' (Size = 256)], CommandType='"Text"', CommandTimeout='60']
SELECT TOP(1) [a].[Id], [a].[ConcurrencyStamp], [a].[Name], [a].[NormalizedName]
FROM [AspNetRoles] AS [a]
WHERE [a].[NormalizedName] = @__normalizedName_0
[2026-05-22 18:40:56.405 +07:00 INF] Executed DbCommand (0ms) [Parameters=[@__normalizedName_0='?' (Size = 256)], CommandType='"Text"', CommandTimeout='60']
SELECT TOP(1) [a].[Id], [a].[ConcurrencyStamp], [a].[Name], [a].[NormalizedName]
FROM [AspNetRoles] AS [a]
WHERE [a].[NormalizedName] = @__normalizedName_0
[2026-05-22 18:40:56.407 +07:00 INF] Executed DbCommand (0ms) [Parameters=[@__normalizedName_0='?' (Size = 256)], CommandType='"Text"', CommandTimeout='60']
SELECT TOP(1) [a].[Id], [a].[ConcurrencyStamp], [a].[Name], [a].[NormalizedName]
FROM [AspNetRoles] AS [a]
WHERE [a].[NormalizedName] = @__normalizedName_0
[2026-05-22 18:40:56.408 +07:00 INF] Executed DbCommand (0ms) [Parameters=[@__normalizedName_0='?' (Size = 256)], CommandType='"Text"', CommandTimeout='60']
SELECT TOP(1) [a].[Id], [a].[ConcurrencyStamp], [a].[Name], [a].[NormalizedName]
FROM [AspNetRoles] AS [a]
WHERE [a].[NormalizedName] = @__normalizedName_0
[2026-05-22 18:40:56.429 +07:00 INF] Executed DbCommand (4ms) [Parameters=[@__normalizedEmail_0='?' (Size = 256)], CommandType='"Text"', CommandTimeout='60']
SELECT TOP(2) [a].[Id], [a].[AccessFailedCount], [a].[AvatarUrl], [a].[ConcurrencyStamp], [a].[CreatedAt], [a].[Email], [a].[EmailConfirmed], [a].[FirstName], [a].[IsActive], [a].[LastLoginAt], [a].[LastName], [a].[LockoutEnabled], [a].[LockoutEnd], [a].[NormalizedEmail], [a].[NormalizedUserName], [a].[PasswordHash], [a].[PhoneNumber], [a].[PhoneNumberConfirmed], [a].[SecurityStamp], [a].[TwoFactorEnabled], [a].[UserName]
FROM [AspNetUsers] AS [a]
WHERE [a].[NormalizedEmail] = @__normalizedEmail_0
[2026-05-22 18:40:56.468 +07:00 INF] Executed DbCommand (2ms) [Parameters=[@__normalizedRoleName_0='?' (Size = 256)], CommandType='"Text"', CommandTimeout='60']
SELECT TOP(2) [a].[Id], [a].[ConcurrencyStamp], [a].[Name], [a].[NormalizedName]
FROM [AspNetRoles] AS [a]
WHERE [a].[NormalizedName] = @__normalizedRoleName_0
[2026-05-22 18:40:56.494 +07:00 INF] Executed DbCommand (3ms) [Parameters=[@__p_0='?' (Size = 450), @__p_1='?' (Size = 450)], CommandType='"Text"', CommandTimeout='60']
SELECT TOP(1) [a].[UserId], [a].[RoleId]
FROM [AspNetUserRoles] AS [a]
WHERE [a].[UserId] = @__p_0 AND [a].[RoleId] = @__p_1
[2026-05-22 18:40:56.553 +07:00 INF] Admin account verified: admin@vietpropestate.vn, confirmed=true, active=true.
[2026-05-22 18:40:56.644 +07:00 INF] Executed DbCommand (3ms) [Parameters=[], CommandType='"Text"', CommandTimeout='60']
SELECT CASE
    WHEN EXISTS (
        SELECT 1
        FROM [Provinces] AS [p]) THEN CAST(1 AS bit)
    ELSE CAST(0 AS bit)
END
[2026-05-22 18:40:56.647 +07:00 INF] Vietnam address data already seeded. Skipping.
[2026-05-22 18:40:56.654 +07:00 INF] Executed DbCommand (0ms) [Parameters=[@__normalizedEmail_0='?' (Size = 256)], CommandType='"Text"', CommandTimeout='60']
SELECT TOP(2) [a].[Id], [a].[AccessFailedCount], [a].[AvatarUrl], [a].[ConcurrencyStamp], [a].[CreatedAt], [a].[Email], [a].[EmailConfirmed], [a].[FirstName], [a].[IsActive], [a].[LastLoginAt], [a].[LastName], [a].[LockoutEnabled], [a].[LockoutEnd], [a].[NormalizedEmail], [a].[NormalizedUserName], [a].[PasswordHash], [a].[PhoneNumber], [a].[PhoneNumberConfirmed], [a].[SecurityStamp], [a].[TwoFactorEnabled], [a].[UserName]
FROM [AspNetUsers] AS [a]
WHERE [a].[NormalizedEmail] = @__normalizedEmail_0
[2026-05-22 18:40:56.657 +07:00 INF] Executed DbCommand (0ms) [Parameters=[@__normalizedRoleName_0='?' (Size = 256)], CommandType='"Text"', CommandTimeout='60']
SELECT TOP(2) [a].[Id], [a].[ConcurrencyStamp], [a].[Name], [a].[NormalizedName]
FROM [AspNetRoles] AS [a]
WHERE [a].[NormalizedName] = @__normalizedRoleName_0
[2026-05-22 18:40:56.659 +07:00 INF] Executed DbCommand (0ms) [Parameters=[@__p_0='?' (Size = 450), @__p_1='?' (Size = 450)], CommandType='"Text"', CommandTimeout='60']
SELECT TOP(1) [a].[UserId], [a].[RoleId]
FROM [AspNetUserRoles] AS [a]
WHERE [a].[UserId] = @__p_0 AND [a].[RoleId] = @__p_1
[2026-05-22 18:40:56.662 +07:00 INF] Executed DbCommand (0ms) [Parameters=[@__normalizedEmail_0='?' (Size = 256)], CommandType='"Text"', CommandTimeout='60']
SELECT TOP(2) [a].[Id], [a].[AccessFailedCount], [a].[AvatarUrl], [a].[ConcurrencyStamp], [a].[CreatedAt], [a].[Email], [a].[EmailConfirmed], [a].[FirstName], [a].[IsActive], [a].[LastLoginAt], [a].[LastName], [a].[LockoutEnabled], [a].[LockoutEnd], [a].[NormalizedEmail], [a].[NormalizedUserName], [a].[PasswordHash], [a].[PhoneNumber], [a].[PhoneNumberConfirmed], [a].[SecurityStamp], [a].[TwoFactorEnabled], [a].[UserName]
FROM [AspNetUsers] AS [a]
WHERE [a].[NormalizedEmail] = @__normalizedEmail_0
[2026-05-22 18:40:56.667 +07:00 INF] Executed DbCommand (1ms) [Parameters=[@__normalizedRoleName_0='?' (Size = 256)], CommandType='"Text"', CommandTimeout='60']
SELECT TOP(2) [a].[Id], [a].[ConcurrencyStamp], [a].[Name], [a].[NormalizedName]
FROM [AspNetRoles] AS [a]
WHERE [a].[NormalizedName] = @__normalizedRoleName_0
[2026-05-22 18:40:56.669 +07:00 INF] Executed DbCommand (0ms) [Parameters=[@__p_0='?' (Size = 450), @__p_1='?' (Size = 450)], CommandType='"Text"', CommandTimeout='60']
SELECT TOP(1) [a].[UserId], [a].[RoleId]
FROM [AspNetUserRoles] AS [a]
WHERE [a].[UserId] = @__p_0 AND [a].[RoleId] = @__p_1
[2026-05-22 18:40:56.672 +07:00 INF] Executed DbCommand (0ms) [Parameters=[@__normalizedEmail_0='?' (Size = 256)], CommandType='"Text"', CommandTimeout='60']
SELECT TOP(2) [a].[Id], [a].[AccessFailedCount], [a].[AvatarUrl], [a].[ConcurrencyStamp], [a].[CreatedAt], [a].[Email], [a].[EmailConfirmed], [a].[FirstName], [a].[IsActive], [a].[LastLoginAt], [a].[LastName], [a].[LockoutEnabled], [a].[LockoutEnd], [a].[NormalizedEmail], [a].[NormalizedUserName], [a].[PasswordHash], [a].[PhoneNumber], [a].[PhoneNumberConfirmed], [a].[SecurityStamp], [a].[TwoFactorEnabled], [a].[UserName]
FROM [AspNetUsers] AS [a]
WHERE [a].[NormalizedEmail] = @__normalizedEmail_0
[2026-05-22 18:40:56.675 +07:00 INF] Executed DbCommand (0ms) [Parameters=[@__normalizedRoleName_0='?' (Size = 256)], CommandType='"Text"', CommandTimeout='60']
SELECT TOP(2) [a].[Id], [a].[ConcurrencyStamp], [a].[Name], [a].[NormalizedName]
FROM [AspNetRoles] AS [a]
WHERE [a].[NormalizedName] = @__normalizedRoleName_0
[2026-05-22 18:40:56.677 +07:00 INF] Executed DbCommand (0ms) [Parameters=[@__p_0='?' (Size = 450), @__p_1='?' (Size = 450)], CommandType='"Text"', CommandTimeout='60']
SELECT TOP(1) [a].[UserId], [a].[RoleId]
FROM [AspNetUserRoles] AS [a]
WHERE [a].[UserId] = @__p_0 AND [a].[RoleId] = @__p_1
[2026-05-22 18:40:56.679 +07:00 INF] Executed DbCommand (0ms) [Parameters=[@__normalizedEmail_0='?' (Size = 256)], CommandType='"Text"', CommandTimeout='60']
SELECT TOP(2) [a].[Id], [a].[AccessFailedCount], [a].[AvatarUrl], [a].[ConcurrencyStamp], [a].[CreatedAt], [a].[Email], [a].[EmailConfirmed], [a].[FirstName], [a].[IsActive], [a].[LastLoginAt], [a].[LastName], [a].[LockoutEnabled], [a].[LockoutEnd], [a].[NormalizedEmail], [a].[NormalizedUserName], [a].[PasswordHash], [a].[PhoneNumber], [a].[PhoneNumberConfirmed], [a].[SecurityStamp], [a].[TwoFactorEnabled], [a].[UserName]
FROM [AspNetUsers] AS [a]
WHERE [a].[NormalizedEmail] = @__normalizedEmail_0
[2026-05-22 18:40:56.696 +07:00 INF] Executed DbCommand (3ms) [Parameters=[@__user_Id_0='?' (Size = 450)], CommandType='"Text"', CommandTimeout='60']
SELECT TOP(1) [a].[Id], [a].[AgencyName], [a].[AvatarUrl], [a].[Bio], [a].[CreatedAt], [a].[CreatedBy], [a].[DeletedAt], [a].[DeletedBy], [a].[Email], [a].[FullName], [a].[IsActive], [a].[IsDeleted], [a].[LastModifiedAt], [a].[LastModifiedBy], [a].[LicenseNumber], [a].[PhoneNumber], [a].[RowVersion], [a].[UserId]
FROM [Agents] AS [a]
WHERE [a].[IsDeleted] = CAST(0 AS bit) AND [a].[UserId] = @__user_Id_0 AND [a].[IsDeleted] = CAST(0 AS bit)
[2026-05-22 18:40:56.722 +07:00 INF] Executed DbCommand (0ms) [Parameters=[@__user_Id_0='?' (Size = 450)], CommandType='"Text"', CommandTimeout='60']
SELECT TOP(1) [a].[Id], [a].[AgencyName], [a].[AvatarUrl], [a].[Bio], [a].[CreatedAt], [a].[CreatedBy], [a].[DeletedAt], [a].[DeletedBy], [a].[Email], [a].[FullName], [a].[IsActive], [a].[IsDeleted], [a].[LastModifiedAt], [a].[LastModifiedBy], [a].[LicenseNumber], [a].[PhoneNumber], [a].[RowVersion], [a].[UserId]
FROM [Agents] AS [a]
WHERE [a].[IsDeleted] = CAST(0 AS bit) AND [a].[UserId] = @__user_Id_0 AND [a].[IsDeleted] = CAST(0 AS bit)
[2026-05-22 18:40:56.734 +07:00 INF] Executed DbCommand (5ms) [Parameters=[], CommandType='"Text"', CommandTimeout='60']
SELECT CASE
    WHEN EXISTS (
        SELECT 1
        FROM [Properties] AS [p]
        WHERE [p].[IsDeleted] = CAST(0 AS bit) AND [p].[Title] = N'Căn hộ 2PN cao cấp Vinhomes Central Park') THEN CAST(1 AS bit)
    ELSE CAST(0 AS bit)
END
[2026-05-22 18:40:56.736 +07:00 INF] Core test data already present ('Căn hộ 2PN cao cấp Vinhomes Central Park'). Skipping.
[2026-05-22 18:40:56.742 +07:00 INF] Executed DbCommand (2ms) [Parameters=[], CommandType='"Text"', CommandTimeout='60']
SELECT CASE
    WHEN EXISTS (
        SELECT 1
        FROM [Properties] AS [p]
        WHERE [p].[IsDeleted] = CAST(0 AS bit) AND [p].[Title] = N'Penthouse Landmark 81 view toàn cảnh Sài Gòn') THEN CAST(1 AS bit)
    ELSE CAST(0 AS bit)
END
[2026-05-22 18:40:56.744 +07:00 INF] Regional demo data already present ('Penthouse Landmark 81 view toàn cảnh Sài Gòn'). Skipping.
[2026-05-22 18:40:56.798 +07:00 INF] Now listening on: http://localhost:5198
[2026-05-22 18:40:56.799 +07:00 INF] Application started. Press Ctrl+C to shut down.
[2026-05-22 18:40:56.800 +07:00 INF] Hosting environment: Development
[2026-05-22 18:40:56.800 +07:00 INF] Content root path: c:\Dev\VietPropEstate\src\VietPropEstate.WebAPI
[2026-05-22 18:41:03.882 +07:00 INF] Request starting HTTP/1.1 GET http://localhost:5198/api/properties?pageNumber=1&pageSize=6&status=1&sortBy=CreatedAt&sortOrder=Desc - null null
[2026-05-22 18:41:03.882 +07:00 INF] Request starting HTTP/1.1 GET http://localhost:5198/api/properties?pageNumber=1&pageSize=3&isFeatured=True&status=1&sortBy=CreatedAt&sortOrder=Desc - null null
[2026-05-22 18:41:03.882 +07:00 INF] Request starting HTTP/1.1 GET http://localhost:5198/api/addresses/provinces - null null
[2026-05-22 18:41:03.962 +07:00 WRN] Failed to determine the https port for redirect.
[2026-05-22 18:41:03.965 +07:00 INF] CORS policy execution successful.
[2026-05-22 18:41:03.965 +07:00 INF] CORS policy execution successful.
[2026-05-22 18:41:03.965 +07:00 INF] CORS policy execution successful.
[2026-05-22 18:41:04.017 +07:00 INF] Executing endpoint 'VietPropEstate.WebAPI.Controllers.AddressesController.GetProvinces (VietPropEstate.WebAPI)'
[2026-05-22 18:41:04.017 +07:00 INF] Executing endpoint 'VietPropEstate.WebAPI.Controllers.PropertiesController.GetList (VietPropEstate.WebAPI)'
[2026-05-22 18:41:04.017 +07:00 INF] Executing endpoint 'VietPropEstate.WebAPI.Controllers.PropertiesController.GetList (VietPropEstate.WebAPI)'
[2026-05-22 18:41:04.038 +07:00 INF] Route matched with {action = "GetList", controller = "Properties"}. Executing controller action with signature System.Threading.Tasks.Task`1[Microsoft.AspNetCore.Mvc.IActionResult] GetList(Int32, Int32, System.String, System.Nullable`1[System.Guid], System.Nullable`1[System.Guid], System.Nullable`1[VietPropEstate.Domain.Enums.ListingType], System.Nullable`1[VietPropEstate.Domain.Enums.PropertyStatus], System.Nullable`1[System.Int32], System.Nullable`1[System.Int32], System.String, System.Nullable`1[System.Decimal], System.Nullable`1[System.Decimal], System.Nullable`1[System.Decimal], System.Nullable`1[System.Decimal], System.Nullable`1[System.Int32], System.Nullable`1[System.Int32], System.Nullable`1[System.Int32], System.Nullable`1[VietPropEstate.Domain.Enums.PropertyDirection], System.Nullable`1[System.Boolean], System.String, System.String, System.Threading.CancellationToken) on controller VietPropEstate.WebAPI.Controllers.PropertiesController (VietPropEstate.WebAPI).
[2026-05-22 18:41:04.038 +07:00 INF] Route matched with {action = "GetList", controller = "Properties"}. Executing controller action with signature System.Threading.Tasks.Task`1[Microsoft.AspNetCore.Mvc.IActionResult] GetList(Int32, Int32, System.String, System.Nullable`1[System.Guid], System.Nullable`1[System.Guid], System.Nullable`1[VietPropEstate.Domain.Enums.ListingType], System.Nullable`1[VietPropEstate.Domain.Enums.PropertyStatus], System.Nullable`1[System.Int32], System.Nullable`1[System.Int32], System.String, System.Nullable`1[System.Decimal], System.Nullable`1[System.Decimal], System.Nullable`1[System.Decimal], System.Nullable`1[System.Decimal], System.Nullable`1[System.Int32], System.Nullable`1[System.Int32], System.Nullable`1[System.Int32], System.Nullable`1[VietPropEstate.Domain.Enums.PropertyDirection], System.Nullable`1[System.Boolean], System.String, System.String, System.Threading.CancellationToken) on controller VietPropEstate.WebAPI.Controllers.PropertiesController (VietPropEstate.WebAPI).
[2026-05-22 18:41:04.038 +07:00 INF] Route matched with {action = "GetProvinces", controller = "Addresses"}. Executing controller action with signature System.Threading.Tasks.Task`1[Microsoft.AspNetCore.Mvc.IActionResult] GetProvinces(System.Threading.CancellationToken) on controller VietPropEstate.WebAPI.Controllers.AddressesController (VietPropEstate.WebAPI).
[2026-05-22 18:41:04.058 +07:00 INF] Handling GetProvincesQuery {"$type":"GetProvincesQuery"}
[2026-05-22 18:41:04.097 +07:00 INF] Handling GetPropertiesListQuery {"PageNumber":1,"PageSize":3,"SearchTerm":null,"PropertyTypeId":null,"TransactionTypeId":null,"ListingType":null,"Status":"Active","ProvinceCode":null,"WardCode":null,"ProvinceName":null,"MinPrice":null,"MaxPrice":null,"MinArea":null,"MaxArea":null,"MinBedrooms":null,"MaxBedrooms":null,"Bathrooms":null,"Direction":null,"IsFeatured":true,"AllStatuses":false,"SortBy":"CreatedAt","SortOrder":"Desc","$type":"GetPropertiesListQuery"}
[2026-05-22 18:41:04.099 +07:00 INF] Handling GetPropertiesListQuery {"PageNumber":1,"PageSize":6,"SearchTerm":null,"PropertyTypeId":null,"TransactionTypeId":null,"ListingType":null,"Status":"Active","ProvinceCode":null,"WardCode":null,"ProvinceName":null,"MinPrice":null,"MaxPrice":null,"MinArea":null,"MaxArea":null,"MinBedrooms":null,"MaxBedrooms":null,"Bathrooms":null,"Direction":null,"IsFeatured":null,"AllStatuses":false,"SortBy":"CreatedAt","SortOrder":"Desc","$type":"GetPropertiesListQuery"}
[2026-05-22 18:41:04.112 +07:00 INF] Executed DbCommand (4ms) [Parameters=[], CommandType='"Text"', CommandTimeout='60']
SELECT [p].[Code], [p].[Name], [p].[Codename], [p].[DivisionType]
FROM [Provinces] AS [p]
WHERE [p].[IsActive] = CAST(1 AS bit)
ORDER BY [p].[Name]
[2026-05-22 18:41:04.196 +07:00 INF] Handled GetProvincesQuery in 139ms
[2026-05-22 18:41:04.203 +07:00 INF] Executing OkObjectResult, writing value of type 'System.Collections.Generic.List`1[[VietPropEstate.Application.Features.Addresses.DTOs.ProvinceLookupDto, VietPropEstate.Application, Version=1.0.0.0, Culture=neutral, PublicKeyToken=null]]'.
[2026-05-22 18:41:04.238 +07:00 INF] Executed action VietPropEstate.WebAPI.Controllers.AddressesController.GetProvinces (VietPropEstate.WebAPI) in 186.1637ms
[2026-05-22 18:41:04.246 +07:00 INF] Executed endpoint 'VietPropEstate.WebAPI.Controllers.AddressesController.GetProvinces (VietPropEstate.WebAPI)'
[2026-05-22 18:41:04.250 +07:00 INF] HTTP GET /api/addresses/provinces responded 200 in 276.0751 ms
[2026-05-22 18:41:04.258 +07:00 INF] Request finished HTTP/1.1 GET http://localhost:5198/api/addresses/provinces - 200 null application/json; charset=utf-8 377.9041ms
[2026-05-22 18:41:04.350 +07:00 INF] Executed DbCommand (5ms) [Parameters=[@__status_Value_0='?' (DbType = Int32), @__isFeatured_Value_1='?' (DbType = Boolean)], CommandType='"Text"', CommandTimeout='60']
SELECT COUNT(*)
FROM [Properties] AS [p]
WHERE [p].[IsDeleted] = CAST(0 AS bit) AND [p].[Status] = @__status_Value_0 AND [p].[IsFeatured] = @__isFeatured_Value_1
[2026-05-22 18:41:04.355 +07:00 INF] Executed DbCommand (3ms) [Parameters=[@__status_Value_0='?' (DbType = Int32)], CommandType='"Text"', CommandTimeout='60']
SELECT COUNT(*)
FROM [Properties] AS [p]
WHERE [p].[IsDeleted] = CAST(0 AS bit) AND [p].[Status] = @__status_Value_0
[2026-05-22 18:41:04.640 +07:00 INF] Executed DbCommand (34ms) [Parameters=[@__status_Value_0='?' (DbType = Int32), @__p_1='?' (DbType = Int32), @__p_2='?' (DbType = Int32)], CommandType='"Text"', CommandTimeout='60']
SELECT [p1].[Id], [p1].[AgentId], [p1].[Area], [p1].[CreatedAt], [p1].[CreatedBy], [p1].[DeletedAt], [p1].[DeletedBy], [p1].[Description], [p1].[Direction], [p1].[ExpiresAt], [p1].[FullAddress], [p1].[IsDeleted], [p1].[IsFeatured], [p1].[LastModifiedAt], [p1].[LastModifiedBy], [p1].[Latitude], [p1].[ListingType], [p1].[Longitude], [p1].[NumberOfBathrooms], [p1].[NumberOfBedrooms], [p1].[NumberOfFloors], [p1].[PropertyTypeId], [p1].[ProvinceCode], [p1].[ProvinceName], [p1].[PublishedAt], [p1].[RowVersion], [p1].[Slug], [p1].[Status], [p1].[Title], [p1].[TransactionTypeId], [p1].[VideoUrl], [p1].[ViewCount], [p1].[WardCode], [p1].[WardName], [p1].[AddressCountry], [p1].[AddressDistrict], [p1].[AddressLatitude], [p1].[AddressLongitude], [p1].[AddressProvince], [p1].[Street], [p1].[AddressWard], [p1].[PriceAmount], [p1].[PriceCurrency], [p2].[Id], [p2].[CreatedAt], [p2].[CreatedBy], [p2].[DeletedAt], [p2].[DeletedBy], [p2].[Description], [p2].[IsActive], [p2].[IsDeleted], [p2].[LastModifiedAt], [p2].[LastModifiedBy], [p2].[Name], [p2].[RowVersion], [a0].[Id], [a0].[AgencyName], [a0].[AvatarUrl], [a0].[Bio], [a0].[CreatedAt], [a0].[CreatedBy], [a0].[DeletedAt], [a0].[DeletedBy], [a0].[Email], [a0].[FullName], [a0].[IsActive], [a0].[IsDeleted], [a0].[LastModifiedAt], [a0].[LastModifiedBy], [a0].[LicenseNumber], [a0].[PhoneNumber], [a0].[RowVersion], [a0].[UserId], [t0].[Id], [t0].[CreatedAt], [t0].[CreatedBy], [t0].[DeletedAt], [t0].[DeletedBy], [t0].[Description], [t0].[IsActive], [t0].[IsDeleted], [t0].[LastModifiedAt], [t0].[LastModifiedBy], [t0].[Name], [t0].[RowVersion], [p4].[Id], [p4].[Caption], [p4].[CreatedAt], [p4].[CreatedBy], [p4].[DeletedAt], [p4].[DeletedBy], [p4].[DisplayOrder], [p4].[IsDeleted], [p4].[IsPrimary], [p4].[LastModifiedAt], [p4].[LastModifiedBy], [p4].[PropertyId], [p4].[RowVersion], [p4].[Url]
FROM (
    SELECT [p].[Id], [p].[AgentId], [p].[Area], [p].[CreatedAt], [p].[CreatedBy], [p].[DeletedAt], [p].[DeletedBy], [p].[Description], [p].[Direction], [p].[ExpiresAt], [p].[FullAddress], [p].[IsDeleted], [p].[IsFeatured], [p].[LastModifiedAt], [p].[LastModifiedBy], [p].[Latitude], [p].[ListingType], [p].[Longitude], [p].[NumberOfBathrooms], [p].[NumberOfBedrooms], [p].[NumberOfFloors], [p].[PropertyTypeId], [p].[ProvinceCode], [p].[ProvinceName], [p].[PublishedAt], [p].[RowVersion], [p].[Slug], [p].[Status], [p].[Title], [p].[TransactionTypeId], [p].[VideoUrl], [p].[ViewCount], [p].[WardCode], [p].[WardName], [p].[AddressCountry], [p].[AddressDistrict], [p].[AddressLatitude], [p].[AddressLongitude], [p].[AddressProvince], [p].[Street], [p].[AddressWard], [p].[PriceAmount], [p].[PriceCurrency]
    FROM [Properties] AS [p]
    WHERE [p].[IsDeleted] = CAST(0 AS bit) AND [p].[Status] = @__status_Value_0
    ORDER BY [p].[IsFeatured] DESC, [p].[CreatedAt] DESC
    OFFSET @__p_1 ROWS FETCH NEXT @__p_2 ROWS ONLY
) AS [p1]
INNER JOIN (
    SELECT [p0].[Id], [p0].[CreatedAt], [p0].[CreatedBy], [p0].[DeletedAt], [p0].[DeletedBy], [p0].[Description], [p0].[IsActive], [p0].[IsDeleted], [p0].[LastModifiedAt], [p0].[LastModifiedBy], [p0].[Name], [p0].[RowVersion]
    FROM [PropertyTypes] AS [p0]
    WHERE [p0].[IsDeleted] = CAST(0 AS bit)
) AS [p2] ON [p1].[PropertyTypeId] = [p2].[Id]
INNER JOIN (
    SELECT [a].[Id], [a].[AgencyName], [a].[AvatarUrl], [a].[Bio], [a].[CreatedAt], [a].[CreatedBy], [a].[DeletedAt], [a].[DeletedBy], [a].[Email], [a].[FullName], [a].[IsActive], [a].[IsDeleted], [a].[LastModifiedAt], [a].[LastModifiedBy], [a].[LicenseNumber], [a].[PhoneNumber], [a].[RowVersion], [a].[UserId]
    FROM [Agents] AS [a]
    WHERE [a].[IsDeleted] = CAST(0 AS bit)
) AS [a0] ON [p1].[AgentId] = [a0].[Id]
LEFT JOIN (
    SELECT [t].[Id], [t].[CreatedAt], [t].[CreatedBy], [t].[DeletedAt], [t].[DeletedBy], [t].[Description], [t].[IsActive], [t].[IsDeleted], [t].[LastModifiedAt], [t].[LastModifiedBy], [t].[Name], [t].[RowVersion]
    FROM [TransactionTypes] AS [t]
    WHERE [t].[IsDeleted] = CAST(0 AS bit)
) AS [t0] ON [p1].[TransactionTypeId] = [t0].[Id]
LEFT JOIN (
    SELECT [p3].[Id], [p3].[Caption], [p3].[CreatedAt], [p3].[CreatedBy], [p3].[DeletedAt], [p3].[DeletedBy], [p3].[DisplayOrder], [p3].[IsDeleted], [p3].[IsPrimary], [p3].[LastModifiedAt], [p3].[LastModifiedBy], [p3].[PropertyId], [p3].[RowVersion], [p3].[Url]
    FROM [PropertyImages] AS [p3]
    WHERE [p3].[IsDeleted] = CAST(0 AS bit)
) AS [p4] ON [p1].[Id] = [p4].[PropertyId]
ORDER BY [p1].[IsFeatured] DESC, [p1].[CreatedAt] DESC, [p1].[Id], [p2].[Id], [a0].[Id], [t0].[Id]
[2026-05-22 18:41:04.640 +07:00 INF] Executed DbCommand (34ms) [Parameters=[@__status_Value_0='?' (DbType = Int32), @__isFeatured_Value_1='?' (DbType = Boolean), @__p_2='?' (DbType = Int32), @__p_3='?' (DbType = Int32)], CommandType='"Text"', CommandTimeout='60']
SELECT [p1].[Id], [p1].[AgentId], [p1].[Area], [p1].[CreatedAt], [p1].[CreatedBy], [p1].[DeletedAt], [p1].[DeletedBy], [p1].[Description], [p1].[Direction], [p1].[ExpiresAt], [p1].[FullAddress], [p1].[IsDeleted], [p1].[IsFeatured], [p1].[LastModifiedAt], [p1].[LastModifiedBy], [p1].[Latitude], [p1].[ListingType], [p1].[Longitude], [p1].[NumberOfBathrooms], [p1].[NumberOfBedrooms], [p1].[NumberOfFloors], [p1].[PropertyTypeId], [p1].[ProvinceCode], [p1].[ProvinceName], [p1].[PublishedAt], [p1].[RowVersion], [p1].[Slug], [p1].[Status], [p1].[Title], [p1].[TransactionTypeId], [p1].[VideoUrl], [p1].[ViewCount], [p1].[WardCode], [p1].[WardName], [p1].[AddressCountry], [p1].[AddressDistrict], [p1].[AddressLatitude], [p1].[AddressLongitude], [p1].[AddressProvince], [p1].[Street], [p1].[AddressWard], [p1].[PriceAmount], [p1].[PriceCurrency], [p2].[Id], [p2].[CreatedAt], [p2].[CreatedBy], [p2].[DeletedAt], [p2].[DeletedBy], [p2].[Description], [p2].[IsActive], [p2].[IsDeleted], [p2].[LastModifiedAt], [p2].[LastModifiedBy], [p2].[Name], [p2].[RowVersion], [a0].[Id], [a0].[AgencyName], [a0].[AvatarUrl], [a0].[Bio], [a0].[CreatedAt], [a0].[CreatedBy], [a0].[DeletedAt], [a0].[DeletedBy], [a0].[Email], [a0].[FullName], [a0].[IsActive], [a0].[IsDeleted], [a0].[LastModifiedAt], [a0].[LastModifiedBy], [a0].[LicenseNumber], [a0].[PhoneNumber], [a0].[RowVersion], [a0].[UserId], [t0].[Id], [t0].[CreatedAt], [t0].[CreatedBy], [t0].[DeletedAt], [t0].[DeletedBy], [t0].[Description], [t0].[IsActive], [t0].[IsDeleted], [t0].[LastModifiedAt], [t0].[LastModifiedBy], [t0].[Name], [t0].[RowVersion], [p4].[Id], [p4].[Caption], [p4].[CreatedAt], [p4].[CreatedBy], [p4].[DeletedAt], [p4].[DeletedBy], [p4].[DisplayOrder], [p4].[IsDeleted], [p4].[IsPrimary], [p4].[LastModifiedAt], [p4].[LastModifiedBy], [p4].[PropertyId], [p4].[RowVersion], [p4].[Url]
FROM (
    SELECT [p].[Id], [p].[AgentId], [p].[Area], [p].[CreatedAt], [p].[CreatedBy], [p].[DeletedAt], [p].[DeletedBy], [p].[Description], [p].[Direction], [p].[ExpiresAt], [p].[FullAddress], [p].[IsDeleted], [p].[IsFeatured], [p].[LastModifiedAt], [p].[LastModifiedBy], [p].[Latitude], [p].[ListingType], [p].[Longitude], [p].[NumberOfBathrooms], [p].[NumberOfBedrooms], [p].[NumberOfFloors], [p].[PropertyTypeId], [p].[ProvinceCode], [p].[ProvinceName], [p].[PublishedAt], [p].[RowVersion], [p].[Slug], [p].[Status], [p].[Title], [p].[TransactionTypeId], [p].[VideoUrl], [p].[ViewCount], [p].[WardCode], [p].[WardName], [p].[AddressCountry], [p].[AddressDistrict], [p].[AddressLatitude], [p].[AddressLongitude], [p].[AddressProvince], [p].[Street], [p].[AddressWard], [p].[PriceAmount], [p].[PriceCurrency]
    FROM [Properties] AS [p]
    WHERE [p].[IsDeleted] = CAST(0 AS bit) AND [p].[Status] = @__status_Value_0 AND [p].[IsFeatured] = @__isFeatured_Value_1
    ORDER BY [p].[IsFeatured] DESC, [p].[CreatedAt] DESC
    OFFSET @__p_2 ROWS FETCH NEXT @__p_3 ROWS ONLY
) AS [p1]
INNER JOIN (
    SELECT [p0].[Id], [p0].[CreatedAt], [p0].[CreatedBy], [p0].[DeletedAt], [p0].[DeletedBy], [p0].[Description], [p0].[IsActive], [p0].[IsDeleted], [p0].[LastModifiedAt], [p0].[LastModifiedBy], [p0].[Name], [p0].[RowVersion]
    FROM [PropertyTypes] AS [p0]
    WHERE [p0].[IsDeleted] = CAST(0 AS bit)
) AS [p2] ON [p1].[PropertyTypeId] = [p2].[Id]
INNER JOIN (
    SELECT [a].[Id], [a].[AgencyName], [a].[AvatarUrl], [a].[Bio], [a].[CreatedAt], [a].[CreatedBy], [a].[DeletedAt], [a].[DeletedBy], [a].[Email], [a].[FullName], [a].[IsActive], [a].[IsDeleted], [a].[LastModifiedAt], [a].[LastModifiedBy], [a].[LicenseNumber], [a].[PhoneNumber], [a].[RowVersion], [a].[UserId]
    FROM [Agents] AS [a]
    WHERE [a].[IsDeleted] = CAST(0 AS bit)
) AS [a0] ON [p1].[AgentId] = [a0].[Id]
LEFT JOIN (
    SELECT [t].[Id], [t].[CreatedAt], [t].[CreatedBy], [t].[DeletedAt], [t].[DeletedBy], [t].[Description], [t].[IsActive], [t].[IsDeleted], [t].[LastModifiedAt], [t].[LastModifiedBy], [t].[Name], [t].[RowVersion]
    FROM [TransactionTypes] AS [t]
    WHERE [t].[IsDeleted] = CAST(0 AS bit)
) AS [t0] ON [p1].[TransactionTypeId] = [t0].[Id]
LEFT JOIN (
    SELECT [p3].[Id], [p3].[Caption], [p3].[CreatedAt], [p3].[CreatedBy], [p3].[DeletedAt], [p3].[DeletedBy], [p3].[DisplayOrder], [p3].[IsDeleted], [p3].[IsPrimary], [p3].[LastModifiedAt], [p3].[LastModifiedBy], [p3].[PropertyId], [p3].[RowVersion], [p3].[Url]
    FROM [PropertyImages] AS [p3]
    WHERE [p3].[IsDeleted] = CAST(0 AS bit)
) AS [p4] ON [p1].[Id] = [p4].[PropertyId]
ORDER BY [p1].[IsFeatured] DESC, [p1].[CreatedAt] DESC, [p1].[Id], [p2].[Id], [a0].[Id], [t0].[Id]
[2026-05-22 18:41:04.693 +07:00 WRN] VietPropEstate slow request: GetPropertiesListQuery (547ms) UserId=null Request={"PageNumber":1,"PageSize":6,"SearchTerm":null,"PropertyTypeId":null,"TransactionTypeId":null,"ListingType":null,"Status":"Active","ProvinceCode":null,"WardCode":null,"ProvinceName":null,"MinPrice":null,"MaxPrice":null,"MinArea":null,"MaxArea":null,"MinBedrooms":null,"MaxBedrooms":null,"Bathrooms":null,"Direction":null,"IsFeatured":null,"AllStatuses":false,"SortBy":"CreatedAt","SortOrder":"Desc","$type":"GetPropertiesListQuery"}
[2026-05-22 18:41:04.693 +07:00 WRN] VietPropEstate slow request: GetPropertiesListQuery (547ms) UserId=null Request={"PageNumber":1,"PageSize":3,"SearchTerm":null,"PropertyTypeId":null,"TransactionTypeId":null,"ListingType":null,"Status":"Active","ProvinceCode":null,"WardCode":null,"ProvinceName":null,"MinPrice":null,"MaxPrice":null,"MinArea":null,"MaxArea":null,"MinBedrooms":null,"MaxBedrooms":null,"Bathrooms":null,"Direction":null,"IsFeatured":true,"AllStatuses":false,"SortBy":"CreatedAt","SortOrder":"Desc","$type":"GetPropertiesListQuery"}
[2026-05-22 18:41:04.713 +07:00 INF] Handled GetPropertiesListQuery in 617ms
[2026-05-22 18:41:04.734 +07:00 INF] Handled GetPropertiesListQuery in 638ms
[2026-05-22 18:41:04.737 +07:00 INF] Executing OkObjectResult, writing value of type 'VietPropEstate.Application.Common.Models.PaginatedList`1[[VietPropEstate.Application.Features.Properties.DTOs.PropertyDto, VietPropEstate.Application, Version=1.0.0.0, Culture=neutral, PublicKeyToken=null]]'.
[2026-05-22 18:41:04.738 +07:00 INF] Executing OkObjectResult, writing value of type 'VietPropEstate.Application.Common.Models.PaginatedList`1[[VietPropEstate.Application.Features.Properties.DTOs.PropertyDto, VietPropEstate.Application, Version=1.0.0.0, Culture=neutral, PublicKeyToken=null]]'.
[2026-05-22 18:41:04.812 +07:00 INF] Executed action VietPropEstate.WebAPI.Controllers.PropertiesController.GetList (VietPropEstate.WebAPI) in 767.086ms
[2026-05-22 18:41:04.812 +07:00 INF] Executed action VietPropEstate.WebAPI.Controllers.PropertiesController.GetList (VietPropEstate.WebAPI) in 770.3809ms
[2026-05-22 18:41:04.814 +07:00 INF] Executed endpoint 'VietPropEstate.WebAPI.Controllers.PropertiesController.GetList (VietPropEstate.WebAPI)'
[2026-05-22 18:41:04.816 +07:00 INF] Executed endpoint 'VietPropEstate.WebAPI.Controllers.PropertiesController.GetList (VietPropEstate.WebAPI)'
[2026-05-22 18:41:04.817 +07:00 INF] HTTP GET /api/properties responded 200 in 845.1425 ms
[2026-05-22 18:41:04.819 +07:00 INF] HTTP GET /api/properties responded 200 in 846.3636 ms
[2026-05-22 18:41:04.822 +07:00 INF] Request finished HTTP/1.1 GET http://localhost:5198/api/properties?pageNumber=1&pageSize=6&status=1&sortBy=CreatedAt&sortOrder=Desc - 200 null application/json; charset=utf-8 942.5836ms
[2026-05-22 18:41:04.824 +07:00 INF] Request finished HTTP/1.1 GET http://localhost:5198/api/properties?pageNumber=1&pageSize=3&isFeatured=True&status=1&sortBy=CreatedAt&sortOrder=Desc - 200 null application/json; charset=utf-8 944.1752ms
[2026-05-22 18:42:09.923 +07:00 INF] Request starting HTTP/1.1 OPTIONS http://localhost:5198/api/auth/login - null null
[2026-05-22 18:42:09.930 +07:00 INF] CORS policy execution successful.
[2026-05-22 18:42:09.933 +07:00 INF] Request finished HTTP/1.1 OPTIONS http://localhost:5198/api/auth/login - 204 null null 10.5153ms
[2026-05-22 18:42:09.938 +07:00 INF] Request starting HTTP/1.1 POST http://localhost:5198/api/auth/login - application/json; charset=utf-8 58
[2026-05-22 18:42:09.944 +07:00 INF] CORS policy execution successful.
[2026-05-22 18:42:09.949 +07:00 INF] Executing endpoint 'VietPropEstate.WebAPI.Controllers.AuthController.Login (VietPropEstate.WebAPI)'
[2026-05-22 18:42:09.955 +07:00 INF] Route matched with {action = "Login", controller = "Auth"}. Executing controller action with signature System.Threading.Tasks.Task`1[Microsoft.AspNetCore.Mvc.IActionResult] Login(VietPropEstate.Application.Features.Auth.Commands.LoginUser.LoginUserCommand, System.Threading.CancellationToken) on controller VietPropEstate.WebAPI.Controllers.AuthController (VietPropEstate.WebAPI).
[2026-05-22 18:42:09.980 +07:00 INF] Handling LoginUserCommand {"Email":"admin@vietpropestate.vn","Password":"Admin@123","IpAddress":"::1","$type":"LoginUserCommand"}
[2026-05-22 18:42:09.996 +07:00 INF] Executed DbCommand (1ms) [Parameters=[@__normalizedEmail_0='?' (Size = 256)], CommandType='"Text"', CommandTimeout='60']
SELECT TOP(2) [a].[Id], [a].[AccessFailedCount], [a].[AvatarUrl], [a].[ConcurrencyStamp], [a].[CreatedAt], [a].[Email], [a].[EmailConfirmed], [a].[FirstName], [a].[IsActive], [a].[LastLoginAt], [a].[LastName], [a].[LockoutEnabled], [a].[LockoutEnd], [a].[NormalizedEmail], [a].[NormalizedUserName], [a].[PasswordHash], [a].[PhoneNumber], [a].[PhoneNumberConfirmed], [a].[SecurityStamp], [a].[TwoFactorEnabled], [a].[UserName]
FROM [AspNetUsers] AS [a]
WHERE [a].[NormalizedEmail] = @__normalizedEmail_0
[2026-05-22 18:42:10.131 +07:00 INF] Executed DbCommand (2ms) [Parameters=[@__normalizedUserName_0='?' (Size = 256)], CommandType='"Text"', CommandTimeout='60']
SELECT TOP(1) [a].[Id], [a].[AccessFailedCount], [a].[AvatarUrl], [a].[ConcurrencyStamp], [a].[CreatedAt], [a].[Email], [a].[EmailConfirmed], [a].[FirstName], [a].[IsActive], [a].[LastLoginAt], [a].[LastName], [a].[LockoutEnabled], [a].[LockoutEnd], [a].[NormalizedEmail], [a].[NormalizedUserName], [a].[PasswordHash], [a].[PhoneNumber], [a].[PhoneNumberConfirmed], [a].[SecurityStamp], [a].[TwoFactorEnabled], [a].[UserName]
FROM [AspNetUsers] AS [a]
WHERE [a].[NormalizedUserName] = @__normalizedUserName_0
[2026-05-22 18:42:10.142 +07:00 INF] Executed DbCommand (1ms) [Parameters=[@__normalizedEmail_0='?' (Size = 256)], CommandType='"Text"', CommandTimeout='60']
SELECT TOP(2) [a].[Id], [a].[AccessFailedCount], [a].[AvatarUrl], [a].[ConcurrencyStamp], [a].[CreatedAt], [a].[Email], [a].[EmailConfirmed], [a].[FirstName], [a].[IsActive], [a].[LastLoginAt], [a].[LastName], [a].[LockoutEnabled], [a].[LockoutEnd], [a].[NormalizedEmail], [a].[NormalizedUserName], [a].[PasswordHash], [a].[PhoneNumber], [a].[PhoneNumberConfirmed], [a].[SecurityStamp], [a].[TwoFactorEnabled], [a].[UserName]
FROM [AspNetUsers] AS [a]
WHERE [a].[NormalizedEmail] = @__normalizedEmail_0
[2026-05-22 18:42:10.241 +07:00 INF] Executed DbCommand (8ms) [Parameters=[@p20='?' (Size = 450), @p0='?' (DbType = Int32), @p1='?' (Size = 4000), @p2='?' (Size = 4000), @p21='?' (Size = 4000), @p3='?' (DbType = DateTime2), @p4='?' (Size = 256), @p5='?' (DbType = Boolean), @p6='?' (Size = 4000), @p7='?' (DbType = Boolean), @p8='?' (DbType = DateTime2), @p9='?' (Size = 4000), @p10='?' (DbType = Boolean), @p11='?' (DbType = DateTimeOffset), @p12='?' (Size = 256), @p13='?' (Size = 256), @p14='?' (Size = 4000), @p15='?' (Size = 4000), @p16='?' (DbType = Boolean), @p17='?' (Size = 4000), @p18='?' (DbType = Boolean), @p19='?' (Size = 256)], CommandType='"Text"', CommandTimeout='60']
SET IMPLICIT_TRANSACTIONS OFF;
SET NOCOUNT ON;
UPDATE [AspNetUsers] SET [AccessFailedCount] = @p0, [AvatarUrl] = @p1, [ConcurrencyStamp] = @p2, [CreatedAt] = @p3, [Email] = @p4, [EmailConfirmed] = @p5, [FirstName] = @p6, [IsActive] = @p7, [LastLoginAt] = @p8, [LastName] = @p9, [LockoutEnabled] = @p10, [LockoutEnd] = @p11, [NormalizedEmail] = @p12, [NormalizedUserName] = @p13, [PasswordHash] = @p14, [PhoneNumber] = @p15, [PhoneNumberConfirmed] = @p16, [SecurityStamp] = @p17, [TwoFactorEnabled] = @p18, [UserName] = @p19
OUTPUT 1
WHERE [Id] = @p20 AND [ConcurrencyStamp] = @p21;
[2026-05-22 18:42:10.277 +07:00 INF] Executed DbCommand (2ms) [Parameters=[@__userId_0='?' (Size = 450)], CommandType='"Text"', CommandTimeout='60']
SELECT [a0].[Name]
FROM [AspNetUserRoles] AS [a]
INNER JOIN [AspNetRoles] AS [a0] ON [a].[RoleId] = [a0].[Id]
WHERE [a].[UserId] = @__userId_0
[2026-05-22 18:42:10.327 +07:00 INF] Executed DbCommand (3ms) [Parameters=[@__userId_0='?' (Size = 450)], CommandType='"Text"', CommandTimeout='60']
SELECT [r].[Id], [r].[CreatedAt], [r].[CreatedByIp], [r].[ExpiresAt], [r].[IsRevoked], [r].[ReplacedByToken], [r].[RevokedAt], [r].[RevokedByIp], [r].[RevokedReason], [r].[Token], [r].[UserId]
FROM [RefreshTokens] AS [r]
WHERE [r].[UserId] = @__userId_0 AND ([r].[IsRevoked] = CAST(1 AS bit) OR [r].[ExpiresAt] < GETUTCDATE())
[2026-05-22 18:42:10.404 +07:00 INF] Executed DbCommand (3ms) [Parameters=[@p0='?' (DbType = Guid), @p1='?' (DbType = Guid), @p2='?' (DbType = DateTime2), @p3='?' (Size = 45), @p4='?' (DbType = DateTime2), @p5='?' (DbType = Boolean), @p6='?' (Size = 500), @p7='?' (DbType = DateTime2), @p8='?' (Size = 45), @p9='?' (Size = 500), @p10='?' (Size = 500), @p11='?' (Size = 450)], CommandType='"Text"', CommandTimeout='60']
SET NOCOUNT ON;
DELETE FROM [RefreshTokens]
OUTPUT 1
WHERE [Id] = @p0;
INSERT INTO [RefreshTokens] ([Id], [CreatedAt], [CreatedByIp], [ExpiresAt], [IsRevoked], [ReplacedByToken], [RevokedAt], [RevokedByIp], [RevokedReason], [Token], [UserId])
VALUES (@p1, @p2, @p3, @p4, @p5, @p6, @p7, @p8, @p9, @p10, @p11);
[2026-05-22 18:42:10.413 +07:00 INF] User admin@vietpropestate.vn logged in from ::1.
[2026-05-22 18:42:10.417 +07:00 INF] Executed DbCommand (1ms) [Parameters=[@__userId_0='?' (Size = 450)], CommandType='"Text"', CommandTimeout='60']
SELECT [a0].[Name]
FROM [AspNetUserRoles] AS [a]
INNER JOIN [AspNetRoles] AS [a0] ON [a].[RoleId] = [a0].[Id]
WHERE [a].[UserId] = @__userId_0
[2026-05-22 18:42:10.422 +07:00 INF] Handled LoginUserCommand in 442ms
[2026-05-22 18:42:10.428 +07:00 INF] Executing OkObjectResult, writing value of type 'VietPropEstate.Application.Features.Auth.DTOs.LoginApiResponse'.
[2026-05-22 18:42:10.436 +07:00 INF] Executed action VietPropEstate.WebAPI.Controllers.AuthController.Login (VietPropEstate.WebAPI) in 477.1129ms
[2026-05-22 18:42:10.437 +07:00 INF] Executed endpoint 'VietPropEstate.WebAPI.Controllers.AuthController.Login (VietPropEstate.WebAPI)'
[2026-05-22 18:42:10.439 +07:00 INF] HTTP POST /api/auth/login responded 200 in 493.5343 ms
[2026-05-22 18:42:10.443 +07:00 INF] Request finished HTTP/1.1 POST http://localhost:5198/api/auth/login - 200 null application/json; charset=utf-8 504.6569ms
[2026-05-22 18:42:10.511 +07:00 INF] Request starting HTTP/1.1 OPTIONS http://localhost:5198/api/conversations/unread - null null
[2026-05-22 18:42:10.515 +07:00 INF] CORS policy execution successful.
[2026-05-22 18:42:10.516 +07:00 INF] Request finished HTTP/1.1 OPTIONS http://localhost:5198/api/conversations/unread - 204 null null 5.0057ms
[2026-05-22 18:42:10.521 +07:00 INF] Request starting HTTP/1.1 GET http://localhost:5198/api/conversations/unread - null null
[2026-05-22 18:42:10.524 +07:00 INF] CORS policy execution successful.
[2026-05-22 18:42:10.536 +07:00 INF] Request starting HTTP/1.1 OPTIONS http://localhost:5198/api/notifications?pageNumber=1&pageSize=20&unreadOnly=false - null null
[2026-05-22 18:42:10.540 +07:00 INF] CORS policy execution successful.
[2026-05-22 18:42:10.542 +07:00 INF] Request finished HTTP/1.1 OPTIONS http://localhost:5198/api/notifications?pageNumber=1&pageSize=20&unreadOnly=false - 204 null null 5.6506ms
[2026-05-22 18:42:10.544 +07:00 INF] Request starting HTTP/1.1 OPTIONS http://localhost:5198/api/dashboard/stats - null null
[2026-05-22 18:42:10.546 +07:00 INF] Request starting HTTP/1.1 OPTIONS http://localhost:5198/api/properties/my-listings?pageNumber=1&pageSize=10 - null null
[2026-05-22 18:42:10.546 +07:00 INF] Request starting HTTP/1.1 GET http://localhost:5198/api/notifications?pageNumber=1&pageSize=20&unreadOnly=false - null null
[2026-05-22 18:42:10.550 +07:00 INF] CORS policy execution successful.
[2026-05-22 18:42:10.553 +07:00 INF] CORS policy execution successful.
[2026-05-22 18:42:10.557 +07:00 INF] CORS policy execution successful.
[2026-05-22 18:42:10.558 +07:00 INF] Request finished HTTP/1.1 OPTIONS http://localhost:5198/api/dashboard/stats - 204 null null 14.239ms
[2026-05-22 18:42:10.559 +07:00 INF] Request finished HTTP/1.1 OPTIONS http://localhost:5198/api/properties/my-listings?pageNumber=1&pageSize=10 - 204 null null 13.7346ms
[2026-05-22 18:42:10.565 +07:00 INF] Request starting HTTP/1.1 GET http://localhost:5198/api/dashboard/stats - null null
[2026-05-22 18:42:10.570 +07:00 INF] Request starting HTTP/1.1 GET http://localhost:5198/api/properties/my-listings?pageNumber=1&pageSize=10 - null null
[2026-05-22 18:42:10.574 +07:00 INF] CORS policy execution successful.
[2026-05-22 18:42:10.577 +07:00 INF] Executing endpoint 'VietPropEstate.WebAPI.Controllers.ConversationsController.GetUnreadCounts (VietPropEstate.WebAPI)'
[2026-05-22 18:42:10.577 +07:00 INF] Executing endpoint 'VietPropEstate.WebAPI.Controllers.NotificationsController.GetNotifications (VietPropEstate.WebAPI)'
[2026-05-22 18:42:10.579 +07:00 INF] CORS policy execution successful.
[2026-05-22 18:42:10.581 +07:00 INF] Executing endpoint 'VietPropEstate.WebAPI.Controllers.DashboardController.GetStats (VietPropEstate.WebAPI)'
[2026-05-22 18:42:10.584 +07:00 INF] Executing endpoint 'VietPropEstate.WebAPI.Controllers.PropertiesController.GetMyListings (VietPropEstate.WebAPI)'
[2026-05-22 18:42:10.584 +07:00 INF] Route matched with {action = "GetUnreadCounts", controller = "Conversations"}. Executing controller action with signature System.Threading.Tasks.Task`1[Microsoft.AspNetCore.Mvc.IActionResult] GetUnreadCounts(System.Threading.CancellationToken) on controller VietPropEstate.WebAPI.Controllers.ConversationsController (VietPropEstate.WebAPI).
[2026-05-22 18:42:10.586 +07:00 INF] Route matched with {action = "GetNotifications", controller = "Notifications"}. Executing controller action with signature System.Threading.Tasks.Task`1[Microsoft.AspNetCore.Mvc.IActionResult] GetNotifications(Int32, Int32, Boolean, System.Threading.CancellationToken) on controller VietPropEstate.WebAPI.Controllers.NotificationsController (VietPropEstate.WebAPI).
[2026-05-22 18:42:10.588 +07:00 INF] Route matched with {action = "GetStats", controller = "Dashboard"}. Executing controller action with signature System.Threading.Tasks.Task`1[Microsoft.AspNetCore.Mvc.IActionResult] GetStats(System.Threading.CancellationToken) on controller VietPropEstate.WebAPI.Controllers.DashboardController (VietPropEstate.WebAPI).
[2026-05-22 18:42:10.589 +07:00 INF] Route matched with {action = "GetMyListings", controller = "Properties"}. Executing controller action with signature System.Threading.Tasks.Task`1[Microsoft.AspNetCore.Mvc.IActionResult] GetMyListings(Int32, Int32, System.Nullable`1[VietPropEstate.Domain.Enums.PropertyStatus], System.Threading.CancellationToken) on controller VietPropEstate.WebAPI.Controllers.PropertiesController (VietPropEstate.WebAPI).
[2026-05-22 18:42:10.591 +07:00 INF] Handling GetUnreadCountQuery {"UserId":"79ab50a8-ba36-497b-9b82-a73021cc3fff","$type":"GetUnreadCountQuery"}
[2026-05-22 18:42:10.593 +07:00 INF] Handling GetUserNotificationsQuery {"UserId":"79ab50a8-ba36-497b-9b82-a73021cc3fff","PageNumber":1,"PageSize":20,"UnreadOnly":false,"$type":"GetUserNotificationsQuery"}
[2026-05-22 18:42:10.598 +07:00 INF] Handling GetMyPropertiesQuery {"PageNumber":1,"PageSize":10,"Status":null,"$type":"GetMyPropertiesQuery"}
[2026-05-22 18:42:10.623 +07:00 INF] Executed DbCommand (6ms) [Parameters=[@__request_UserId_0='?' (Size = 450)], CommandType='"Text"', CommandTimeout='60']
SELECT COUNT(*)
FROM [Notifications] AS [n]
WHERE [n].[IsDeleted] = CAST(0 AS bit) AND [n].[UserId] = @__request_UserId_0 AND [n].[IsDeleted] = CAST(0 AS bit)
[2026-05-22 18:42:10.623 +07:00 INF] Executed DbCommand (4ms) [Parameters=[@__userId_0='?' (Size = 450)], CommandType='"Text"', CommandTimeout='60']
SELECT TOP(1) [a].[Id], [a].[AgencyName], [a].[AvatarUrl], [a].[Bio], [a].[CreatedAt], [a].[CreatedBy], [a].[DeletedAt], [a].[DeletedBy], [a].[Email], [a].[FullName], [a].[IsActive], [a].[IsDeleted], [a].[LastModifiedAt], [a].[LastModifiedBy], [a].[LicenseNumber], [a].[PhoneNumber], [a].[RowVersion], [a].[UserId]
FROM [Agents] AS [a]
WHERE [a].[IsDeleted] = CAST(0 AS bit) AND [a].[UserId] = @__userId_0 AND [a].[IsDeleted] = CAST(0 AS bit)
[2026-05-22 18:42:10.629 +07:00 INF] Executed DbCommand (5ms) [Parameters=[@__request_UserId_0='?' (Size = 450)], CommandType='"Text"', CommandTimeout='60']
SELECT COALESCE(SUM(CASE
    WHEN [c].[BuyerId] = @__request_UserId_0 THEN [c].[BuyerUnreadCount]
    ELSE [c].[SellerUnreadCount]
END), 0)
FROM [Conversations] AS [c]
WHERE [c].[IsDeleted] = CAST(0 AS bit) AND ([c].[BuyerId] = @__request_UserId_0 OR [c].[SellerId] = @__request_UserId_0) AND [c].[IsDeleted] = CAST(0 AS bit)
[2026-05-22 18:42:10.640 +07:00 INF] Executed DbCommand (2ms) [Parameters=[@__request_UserId_0='?' (Size = 450)], CommandType='"Text"', CommandTimeout='60']
SELECT COUNT(*)
FROM [Notifications] AS [n]
WHERE [n].[IsDeleted] = CAST(0 AS bit) AND [n].[UserId] = @__request_UserId_0 AND [n].[IsRead] = CAST(0 AS bit) AND [n].[IsDeleted] = CAST(0 AS bit)
[2026-05-22 18:42:10.640 +07:00 INF] Executed DbCommand (2ms) [Parameters=[@__agent_Id_0='?' (DbType = Guid)], CommandType='"Text"', CommandTimeout='60']
SELECT [p].[Status], [p].[ViewCount]
FROM [Properties] AS [p]
WHERE [p].[IsDeleted] = CAST(0 AS bit) AND [p].[AgentId] = @__agent_Id_0
[2026-05-22 18:42:10.643 +07:00 INF] Executed DbCommand (3ms) [Parameters=[@___currentUser_UserId_0='?' (Size = 450)], CommandType='"Text"', CommandTimeout='60']
SELECT TOP(1) [a].[Id], [a].[AgencyName], [a].[AvatarUrl], [a].[Bio], [a].[CreatedAt], [a].[CreatedBy], [a].[DeletedAt], [a].[DeletedBy], [a].[Email], [a].[FullName], [a].[IsActive], [a].[IsDeleted], [a].[LastModifiedAt], [a].[LastModifiedBy], [a].[LicenseNumber], [a].[PhoneNumber], [a].[RowVersion], [a].[UserId]
FROM [Agents] AS [a]
WHERE [a].[IsDeleted] = CAST(0 AS bit) AND [a].[UserId] = @___currentUser_UserId_0 AND [a].[IsActive] = CAST(1 AS bit) AND [a].[IsDeleted] = CAST(0 AS bit)
[2026-05-22 18:42:10.645 +07:00 INF] Handled GetUnreadCountQuery in 53ms
[2026-05-22 18:42:10.651 +07:00 INF] Executed DbCommand (3ms) [Parameters=[@__request_UserId_0='?' (Size = 450), @__p_1='?' (DbType = Int32), @__p_2='?' (DbType = Int32)], CommandType='"Text"', CommandTimeout='60']
SELECT [n].[Id], [n].[UserId], [n].[Title], [n].[Content], [n].[Type], [n].[IsRead], [n].[ReadAt], [n].[ReferenceId], [n].[ActionUrl], [n].[CreatedAt]
FROM [Notifications] AS [n]
WHERE [n].[IsDeleted] = CAST(0 AS bit) AND [n].[UserId] = @__request_UserId_0 AND [n].[IsDeleted] = CAST(0 AS bit)
ORDER BY [n].[CreatedAt] DESC
OFFSET @__p_1 ROWS FETCH NEXT @__p_2 ROWS ONLY
[2026-05-22 18:42:10.654 +07:00 INF] Executing OkObjectResult, writing value of type 'VietPropEstate.Application.Features.Chat.Queries.GetUnreadCount.UnreadCountResult'.
[2026-05-22 18:42:10.658 +07:00 INF] Handled GetUserNotificationsQuery in 64ms
[2026-05-22 18:42:10.660 +07:00 INF] Executed DbCommand (4ms) [Parameters=[@__userId_0='?' (Size = 450)], CommandType='"Text"', CommandTimeout='60']
SELECT COUNT(*)
FROM [Favorites] AS [f]
WHERE [f].[IsDeleted] = CAST(0 AS bit) AND [f].[UserId] = @__userId_0 AND [f].[IsDeleted] = CAST(0 AS bit)
[2026-05-22 18:42:10.661 +07:00 INF] Executing OkObjectResult, writing value of type 'VietPropEstate.Application.Common.Models.PaginatedList`1[[VietPropEstate.Application.Features.Notifications.DTOs.NotificationDto, VietPropEstate.Application, Version=1.0.0.0, Culture=neutral, PublicKeyToken=null]]'.
[2026-05-22 18:42:10.662 +07:00 INF] Executed action VietPropEstate.WebAPI.Controllers.ConversationsController.GetUnreadCounts (VietPropEstate.WebAPI) in 73.2766ms
[2026-05-22 18:42:10.664 +07:00 INF] Executed DbCommand (3ms) [Parameters=[@__agentId_0='?' (DbType = Guid)], CommandType='"Text"', CommandTimeout='60']
SELECT COUNT(*)
FROM [Properties] AS [p]
WHERE [p].[IsDeleted] = CAST(0 AS bit) AND [p].[AgentId] = @__agentId_0
[2026-05-22 18:42:10.665 +07:00 INF] Handling GetUnreadCountQuery {"UserId":"79ab50a8-ba36-497b-9b82-a73021cc3fff","$type":"GetUnreadCountQuery"}
[2026-05-22 18:42:10.667 +07:00 INF] Executed endpoint 'VietPropEstate.WebAPI.Controllers.ConversationsController.GetUnreadCounts (VietPropEstate.WebAPI)'
[2026-05-22 18:42:10.675 +07:00 INF] Executed action VietPropEstate.WebAPI.Controllers.NotificationsController.GetNotifications (VietPropEstate.WebAPI) in 84.303ms
[2026-05-22 18:42:10.677 +07:00 INF] HTTP GET /api/conversations/unread responded 200 in 151.6217 ms
[2026-05-22 18:42:10.678 +07:00 INF] Executed DbCommand (1ms) [Parameters=[@__request_UserId_0='?' (Size = 450)], CommandType='"Text"', CommandTimeout='60']
SELECT COALESCE(SUM(CASE
    WHEN [c].[BuyerId] = @__request_UserId_0 THEN [c].[BuyerUnreadCount]
    ELSE [c].[SellerUnreadCount]
END), 0)
FROM [Conversations] AS [c]
WHERE [c].[IsDeleted] = CAST(0 AS bit) AND ([c].[BuyerId] = @__request_UserId_0 OR [c].[SellerId] = @__request_UserId_0) AND [c].[IsDeleted] = CAST(0 AS bit)
[2026-05-22 18:42:10.678 +07:00 INF] Executed endpoint 'VietPropEstate.WebAPI.Controllers.NotificationsController.GetNotifications (VietPropEstate.WebAPI)'
[2026-05-22 18:42:10.681 +07:00 INF] Request finished HTTP/1.1 GET http://localhost:5198/api/conversations/unread - 200 null application/json; charset=utf-8 160.7004ms
[2026-05-22 18:42:10.686 +07:00 INF] HTTP GET /api/notifications responded 200 in 125.3629 ms
[2026-05-22 18:42:10.686 +07:00 INF] Executed DbCommand (1ms) [Parameters=[@__request_UserId_0='?' (Size = 450)], CommandType='"Text"', CommandTimeout='60']
SELECT COUNT(*)
FROM [Notifications] AS [n]
WHERE [n].[IsDeleted] = CAST(0 AS bit) AND [n].[UserId] = @__request_UserId_0 AND [n].[IsRead] = CAST(0 AS bit) AND [n].[IsDeleted] = CAST(0 AS bit)
[2026-05-22 18:42:10.693 +07:00 INF] Request finished HTTP/1.1 GET http://localhost:5198/api/notifications?pageNumber=1&pageSize=20&unreadOnly=false - 200 null application/json; charset=utf-8 147.1646ms
[2026-05-22 18:42:10.697 +07:00 INF] Handled GetUnreadCountQuery in 31ms
[2026-05-22 18:42:10.705 +07:00 INF] Executing OkObjectResult, writing value of type 'VietPropEstate.Application.Features.Dashboard.DTOs.DashboardStatsDto'.
[2026-05-22 18:42:10.715 +07:00 INF] Executed action VietPropEstate.WebAPI.Controllers.DashboardController.GetStats (VietPropEstate.WebAPI) in 122.2339ms
[2026-05-22 18:42:10.717 +07:00 INF] Executed endpoint 'VietPropEstate.WebAPI.Controllers.DashboardController.GetStats (VietPropEstate.WebAPI)'
[2026-05-22 18:42:10.719 +07:00 INF] HTTP GET /api/dashboard/stats responded 200 in 140.7401 ms
[2026-05-22 18:42:10.722 +07:00 INF] Request finished HTTP/1.1 GET http://localhost:5198/api/dashboard/stats - 200 null application/json; charset=utf-8 157.3502ms
[2026-05-22 18:42:10.823 +07:00 INF] Executed DbCommand (15ms) [Parameters=[@__agentId_0='?' (DbType = Guid), @__p_1='?' (DbType = Int32), @__p_2='?' (DbType = Int32)], CommandType='"Text"', CommandTimeout='60']
SELECT [p1].[Id], [p1].[AgentId], [p1].[Area], [p1].[CreatedAt], [p1].[CreatedBy], [p1].[DeletedAt], [p1].[DeletedBy], [p1].[Description], [p1].[Direction], [p1].[ExpiresAt], [p1].[FullAddress], [p1].[IsDeleted], [p1].[IsFeatured], [p1].[LastModifiedAt], [p1].[LastModifiedBy], [p1].[Latitude], [p1].[ListingType], [p1].[Longitude], [p1].[NumberOfBathrooms], [p1].[NumberOfBedrooms], [p1].[NumberOfFloors], [p1].[PropertyTypeId], [p1].[ProvinceCode], [p1].[ProvinceName], [p1].[PublishedAt], [p1].[RowVersion], [p1].[Slug], [p1].[Status], [p1].[Title], [p1].[TransactionTypeId], [p1].[VideoUrl], [p1].[ViewCount], [p1].[WardCode], [p1].[WardName], [p1].[AddressCountry], [p1].[AddressDistrict], [p1].[AddressLatitude], [p1].[AddressLongitude], [p1].[AddressProvince], [p1].[Street], [p1].[AddressWard], [p1].[PriceAmount], [p1].[PriceCurrency], [p2].[Id], [p2].[CreatedAt], [p2].[CreatedBy], [p2].[DeletedAt], [p2].[DeletedBy], [p2].[Description], [p2].[IsActive], [p2].[IsDeleted], [p2].[LastModifiedAt], [p2].[LastModifiedBy], [p2].[Name], [p2].[RowVersion], [a0].[Id], [a0].[AgencyName], [a0].[AvatarUrl], [a0].[Bio], [a0].[CreatedAt], [a0].[CreatedBy], [a0].[DeletedAt], [a0].[DeletedBy], [a0].[Email], [a0].[FullName], [a0].[IsActive], [a0].[IsDeleted], [a0].[LastModifiedAt], [a0].[LastModifiedBy], [a0].[LicenseNumber], [a0].[PhoneNumber], [a0].[RowVersion], [a0].[UserId], [t0].[Id], [t0].[CreatedAt], [t0].[CreatedBy], [t0].[DeletedAt], [t0].[DeletedBy], [t0].[Description], [t0].[IsActive], [t0].[IsDeleted], [t0].[LastModifiedAt], [t0].[LastModifiedBy], [t0].[Name], [t0].[RowVersion], [p4].[Id], [p4].[Caption], [p4].[CreatedAt], [p4].[CreatedBy], [p4].[DeletedAt], [p4].[DeletedBy], [p4].[DisplayOrder], [p4].[IsDeleted], [p4].[IsPrimary], [p4].[LastModifiedAt], [p4].[LastModifiedBy], [p4].[PropertyId], [p4].[RowVersion], [p4].[Url]
FROM (
    SELECT [p].[Id], [p].[AgentId], [p].[Area], [p].[CreatedAt], [p].[CreatedBy], [p].[DeletedAt], [p].[DeletedBy], [p].[Description], [p].[Direction], [p].[ExpiresAt], [p].[FullAddress], [p].[IsDeleted], [p].[IsFeatured], [p].[LastModifiedAt], [p].[LastModifiedBy], [p].[Latitude], [p].[ListingType], [p].[Longitude], [p].[NumberOfBathrooms], [p].[NumberOfBedrooms], [p].[NumberOfFloors], [p].[PropertyTypeId], [p].[ProvinceCode], [p].[ProvinceName], [p].[PublishedAt], [p].[RowVersion], [p].[Slug], [p].[Status], [p].[Title], [p].[TransactionTypeId], [p].[VideoUrl], [p].[ViewCount], [p].[WardCode], [p].[WardName], [p].[AddressCountry], [p].[AddressDistrict], [p].[AddressLatitude], [p].[AddressLongitude], [p].[AddressProvince], [p].[Street], [p].[AddressWard], [p].[PriceAmount], [p].[PriceCurrency]
    FROM [Properties] AS [p]
    WHERE [p].[IsDeleted] = CAST(0 AS bit) AND [p].[AgentId] = @__agentId_0
    ORDER BY [p].[CreatedAt] DESC
    OFFSET @__p_1 ROWS FETCH NEXT @__p_2 ROWS ONLY
) AS [p1]
INNER JOIN (
    SELECT [p0].[Id], [p0].[CreatedAt], [p0].[CreatedBy], [p0].[DeletedAt], [p0].[DeletedBy], [p0].[Description], [p0].[IsActive], [p0].[IsDeleted], [p0].[LastModifiedAt], [p0].[LastModifiedBy], [p0].[Name], [p0].[RowVersion]
    FROM [PropertyTypes] AS [p0]
    WHERE [p0].[IsDeleted] = CAST(0 AS bit)
) AS [p2] ON [p1].[PropertyTypeId] = [p2].[Id]
INNER JOIN (
    SELECT [a].[Id], [a].[AgencyName], [a].[AvatarUrl], [a].[Bio], [a].[CreatedAt], [a].[CreatedBy], [a].[DeletedAt], [a].[DeletedBy], [a].[Email], [a].[FullName], [a].[IsActive], [a].[IsDeleted], [a].[LastModifiedAt], [a].[LastModifiedBy], [a].[LicenseNumber], [a].[PhoneNumber], [a].[RowVersion], [a].[UserId]
    FROM [Agents] AS [a]
    WHERE [a].[IsDeleted] = CAST(0 AS bit)
) AS [a0] ON [p1].[AgentId] = [a0].[Id]
LEFT JOIN (
    SELECT [t].[Id], [t].[CreatedAt], [t].[CreatedBy], [t].[DeletedAt], [t].[DeletedBy], [t].[Description], [t].[IsActive], [t].[IsDeleted], [t].[LastModifiedAt], [t].[LastModifiedBy], [t].[Name], [t].[RowVersion]
    FROM [TransactionTypes] AS [t]
    WHERE [t].[IsDeleted] = CAST(0 AS bit)
) AS [t0] ON [p1].[TransactionTypeId] = [t0].[Id]
LEFT JOIN (
    SELECT [p3].[Id], [p3].[Caption], [p3].[CreatedAt], [p3].[CreatedBy], [p3].[DeletedAt], [p3].[DeletedBy], [p3].[DisplayOrder], [p3].[IsDeleted], [p3].[IsPrimary], [p3].[LastModifiedAt], [p3].[LastModifiedBy], [p3].[PropertyId], [p3].[RowVersion], [p3].[Url]
    FROM [PropertyImages] AS [p3]
    WHERE [p3].[IsDeleted] = CAST(0 AS bit)
) AS [p4] ON [p1].[Id] = [p4].[PropertyId]
ORDER BY [p1].[CreatedAt] DESC, [p1].[Id], [p2].[Id], [a0].[Id], [t0].[Id]
[2026-05-22 18:42:10.836 +07:00 INF] Handled GetMyPropertiesQuery in 237ms
[2026-05-22 18:42:10.838 +07:00 INF] Executing OkObjectResult, writing value of type 'VietPropEstate.Application.Common.Models.PaginatedList`1[[VietPropEstate.Application.Features.Properties.DTOs.PropertyDto, VietPropEstate.Application, Version=1.0.0.0, Culture=neutral, PublicKeyToken=null]]'.
[2026-05-22 18:42:10.841 +07:00 INF] Executed action VietPropEstate.WebAPI.Controllers.PropertiesController.GetMyListings (VietPropEstate.WebAPI) in 245.8005ms
[2026-05-22 18:42:10.843 +07:00 INF] Executed endpoint 'VietPropEstate.WebAPI.Controllers.PropertiesController.GetMyListings (VietPropEstate.WebAPI)'
[2026-05-22 18:42:10.845 +07:00 INF] HTTP GET /api/properties/my-listings responded 200 in 261.7940 ms
[2026-05-22 18:42:10.848 +07:00 INF] Request finished HTTP/1.1 GET http://localhost:5198/api/properties/my-listings?pageNumber=1&pageSize=10 - 200 null application/json; charset=utf-8 277.5493ms
[2026-05-22 18:42:13.134 +07:00 INF] Request starting HTTP/1.1 OPTIONS http://localhost:5198/api/properties?pageNumber=1&pageSize=3&isFeatured=True&status=1&sortBy=CreatedAt&sortOrder=Desc - null null
[2026-05-22 18:42:13.134 +07:00 INF] Request starting HTTP/1.1 OPTIONS http://localhost:5198/api/properties?pageNumber=1&pageSize=6&status=1&sortBy=CreatedAt&sortOrder=Desc - null null
[2026-05-22 18:42:13.136 +07:00 INF] Request starting HTTP/1.1 GET http://localhost:5198/api/notifications?pageNumber=1&pageSize=20&unreadOnly=false - null null
[2026-05-22 18:42:13.138 +07:00 INF] CORS policy execution successful.
[2026-05-22 18:42:13.141 +07:00 INF] CORS policy execution successful.
[2026-05-22 18:42:13.144 +07:00 INF] CORS policy execution successful.
[2026-05-22 18:42:13.146 +07:00 INF] Request finished HTTP/1.1 OPTIONS http://localhost:5198/api/properties?pageNumber=1&pageSize=3&isFeatured=True&status=1&sortBy=CreatedAt&sortOrder=Desc - 204 null null 11.8851ms
[2026-05-22 18:42:13.147 +07:00 INF] Request finished HTTP/1.1 OPTIONS http://localhost:5198/api/properties?pageNumber=1&pageSize=6&status=1&sortBy=CreatedAt&sortOrder=Desc - 204 null null 12.232ms
[2026-05-22 18:42:13.149 +07:00 INF] Executing endpoint 'VietPropEstate.WebAPI.Controllers.NotificationsController.GetNotifications (VietPropEstate.WebAPI)'
[2026-05-22 18:42:13.152 +07:00 INF] Request starting HTTP/1.1 GET http://localhost:5198/api/properties?pageNumber=1&pageSize=6&status=1&sortBy=CreatedAt&sortOrder=Desc - null null
[2026-05-22 18:42:13.157 +07:00 INF] Request starting HTTP/1.1 GET http://localhost:5198/api/properties?pageNumber=1&pageSize=3&isFeatured=True&status=1&sortBy=CreatedAt&sortOrder=Desc - null null
[2026-05-22 18:42:13.159 +07:00 INF] Route matched with {action = "GetNotifications", controller = "Notifications"}. Executing controller action with signature System.Threading.Tasks.Task`1[Microsoft.AspNetCore.Mvc.IActionResult] GetNotifications(Int32, Int32, Boolean, System.Threading.CancellationToken) on controller VietPropEstate.WebAPI.Controllers.NotificationsController (VietPropEstate.WebAPI).
[2026-05-22 18:42:13.162 +07:00 INF] CORS policy execution successful.
[2026-05-22 18:42:13.166 +07:00 INF] CORS policy execution successful.
[2026-05-22 18:42:13.170 +07:00 INF] Executing endpoint 'VietPropEstate.WebAPI.Controllers.PropertiesController.GetList (VietPropEstate.WebAPI)'
[2026-05-22 18:42:13.171 +07:00 INF] Handling GetUserNotificationsQuery {"UserId":"79ab50a8-ba36-497b-9b82-a73021cc3fff","PageNumber":1,"PageSize":20,"UnreadOnly":false,"$type":"GetUserNotificationsQuery"}
[2026-05-22 18:42:13.171 +07:00 INF] Executing endpoint 'VietPropEstate.WebAPI.Controllers.PropertiesController.GetList (VietPropEstate.WebAPI)'
[2026-05-22 18:42:13.172 +07:00 INF] Route matched with {action = "GetList", controller = "Properties"}. Executing controller action with signature System.Threading.Tasks.Task`1[Microsoft.AspNetCore.Mvc.IActionResult] GetList(Int32, Int32, System.String, System.Nullable`1[System.Guid], System.Nullable`1[System.Guid], System.Nullable`1[VietPropEstate.Domain.Enums.ListingType], System.Nullable`1[VietPropEstate.Domain.Enums.PropertyStatus], System.Nullable`1[System.Int32], System.Nullable`1[System.Int32], System.String, System.Nullable`1[System.Decimal], System.Nullable`1[System.Decimal], System.Nullable`1[System.Decimal], System.Nullable`1[System.Decimal], System.Nullable`1[System.Int32], System.Nullable`1[System.Int32], System.Nullable`1[System.Int32], System.Nullable`1[VietPropEstate.Domain.Enums.PropertyDirection], System.Nullable`1[System.Boolean], System.String, System.String, System.Threading.CancellationToken) on controller VietPropEstate.WebAPI.Controllers.PropertiesController (VietPropEstate.WebAPI).
[2026-05-22 18:42:13.179 +07:00 INF] Route matched with {action = "GetList", controller = "Properties"}. Executing controller action with signature System.Threading.Tasks.Task`1[Microsoft.AspNetCore.Mvc.IActionResult] GetList(Int32, Int32, System.String, System.Nullable`1[System.Guid], System.Nullable`1[System.Guid], System.Nullable`1[VietPropEstate.Domain.Enums.ListingType], System.Nullable`1[VietPropEstate.Domain.Enums.PropertyStatus], System.Nullable`1[System.Int32], System.Nullable`1[System.Int32], System.String, System.Nullable`1[System.Decimal], System.Nullable`1[System.Decimal], System.Nullable`1[System.Decimal], System.Nullable`1[System.Decimal], System.Nullable`1[System.Int32], System.Nullable`1[System.Int32], System.Nullable`1[System.Int32], System.Nullable`1[VietPropEstate.Domain.Enums.PropertyDirection], System.Nullable`1[System.Boolean], System.String, System.String, System.Threading.CancellationToken) on controller VietPropEstate.WebAPI.Controllers.PropertiesController (VietPropEstate.WebAPI).
[2026-05-22 18:42:13.181 +07:00 INF] Executed DbCommand (1ms) [Parameters=[@__request_UserId_0='?' (Size = 450)], CommandType='"Text"', CommandTimeout='60']
SELECT COUNT(*)
FROM [Notifications] AS [n]
WHERE [n].[IsDeleted] = CAST(0 AS bit) AND [n].[UserId] = @__request_UserId_0 AND [n].[IsDeleted] = CAST(0 AS bit)
[2026-05-22 18:42:13.186 +07:00 INF] Handling GetPropertiesListQuery {"PageNumber":1,"PageSize":3,"SearchTerm":null,"PropertyTypeId":null,"TransactionTypeId":null,"ListingType":null,"Status":"Active","ProvinceCode":null,"WardCode":null,"ProvinceName":null,"MinPrice":null,"MaxPrice":null,"MinArea":null,"MaxArea":null,"MinBedrooms":null,"MaxBedrooms":null,"Bathrooms":null,"Direction":null,"IsFeatured":true,"AllStatuses":false,"SortBy":"CreatedAt","SortOrder":"Desc","$type":"GetPropertiesListQuery"}
[2026-05-22 18:42:13.186 +07:00 INF] Handling GetPropertiesListQuery {"PageNumber":1,"PageSize":6,"SearchTerm":null,"PropertyTypeId":null,"TransactionTypeId":null,"ListingType":null,"Status":"Active","ProvinceCode":null,"WardCode":null,"ProvinceName":null,"MinPrice":null,"MaxPrice":null,"MinArea":null,"MaxArea":null,"MinBedrooms":null,"MaxBedrooms":null,"Bathrooms":null,"Direction":null,"IsFeatured":null,"AllStatuses":false,"SortBy":"CreatedAt","SortOrder":"Desc","$type":"GetPropertiesListQuery"}
[2026-05-22 18:42:13.190 +07:00 INF] Executed DbCommand (1ms) [Parameters=[@__request_UserId_0='?' (Size = 450), @__p_1='?' (DbType = Int32), @__p_2='?' (DbType = Int32)], CommandType='"Text"', CommandTimeout='60']
SELECT [n].[Id], [n].[UserId], [n].[Title], [n].[Content], [n].[Type], [n].[IsRead], [n].[ReadAt], [n].[ReferenceId], [n].[ActionUrl], [n].[CreatedAt]
FROM [Notifications] AS [n]
WHERE [n].[IsDeleted] = CAST(0 AS bit) AND [n].[UserId] = @__request_UserId_0 AND [n].[IsDeleted] = CAST(0 AS bit)
ORDER BY [n].[CreatedAt] DESC
OFFSET @__p_1 ROWS FETCH NEXT @__p_2 ROWS ONLY
[2026-05-22 18:42:13.212 +07:00 INF] Executed DbCommand (1ms) [Parameters=[@__status_Value_0='?' (DbType = Int32), @__isFeatured_Value_1='?' (DbType = Boolean)], CommandType='"Text"', CommandTimeout='60']
SELECT COUNT(*)
FROM [Properties] AS [p]
WHERE [p].[IsDeleted] = CAST(0 AS bit) AND [p].[Status] = @__status_Value_0 AND [p].[IsFeatured] = @__isFeatured_Value_1
[2026-05-22 18:42:13.226 +07:00 INF] Executed DbCommand (1ms) [Parameters=[@__status_Value_0='?' (DbType = Int32)], CommandType='"Text"', CommandTimeout='60']
SELECT COUNT(*)
FROM [Properties] AS [p]
WHERE [p].[IsDeleted] = CAST(0 AS bit) AND [p].[Status] = @__status_Value_0
[2026-05-22 18:42:13.227 +07:00 INF] Handled GetUserNotificationsQuery in 56ms
[2026-05-22 18:42:13.233 +07:00 INF] Executed DbCommand (1ms) [Parameters=[@__status_Value_0='?' (DbType = Int32), @__isFeatured_Value_1='?' (DbType = Boolean), @__p_2='?' (DbType = Int32), @__p_3='?' (DbType = Int32)], CommandType='"Text"', CommandTimeout='60']
SELECT [p1].[Id], [p1].[AgentId], [p1].[Area], [p1].[CreatedAt], [p1].[CreatedBy], [p1].[DeletedAt], [p1].[DeletedBy], [p1].[Description], [p1].[Direction], [p1].[ExpiresAt], [p1].[FullAddress], [p1].[IsDeleted], [p1].[IsFeatured], [p1].[LastModifiedAt], [p1].[LastModifiedBy], [p1].[Latitude], [p1].[ListingType], [p1].[Longitude], [p1].[NumberOfBathrooms], [p1].[NumberOfBedrooms], [p1].[NumberOfFloors], [p1].[PropertyTypeId], [p1].[ProvinceCode], [p1].[ProvinceName], [p1].[PublishedAt], [p1].[RowVersion], [p1].[Slug], [p1].[Status], [p1].[Title], [p1].[TransactionTypeId], [p1].[VideoUrl], [p1].[ViewCount], [p1].[WardCode], [p1].[WardName], [p1].[AddressCountry], [p1].[AddressDistrict], [p1].[AddressLatitude], [p1].[AddressLongitude], [p1].[AddressProvince], [p1].[Street], [p1].[AddressWard], [p1].[PriceAmount], [p1].[PriceCurrency], [p2].[Id], [p2].[CreatedAt], [p2].[CreatedBy], [p2].[DeletedAt], [p2].[DeletedBy], [p2].[Description], [p2].[IsActive], [p2].[IsDeleted], [p2].[LastModifiedAt], [p2].[LastModifiedBy], [p2].[Name], [p2].[RowVersion], [a0].[Id], [a0].[AgencyName], [a0].[AvatarUrl], [a0].[Bio], [a0].[CreatedAt], [a0].[CreatedBy], [a0].[DeletedAt], [a0].[DeletedBy], [a0].[Email], [a0].[FullName], [a0].[IsActive], [a0].[IsDeleted], [a0].[LastModifiedAt], [a0].[LastModifiedBy], [a0].[LicenseNumber], [a0].[PhoneNumber], [a0].[RowVersion], [a0].[UserId], [t0].[Id], [t0].[CreatedAt], [t0].[CreatedBy], [t0].[DeletedAt], [t0].[DeletedBy], [t0].[Description], [t0].[IsActive], [t0].[IsDeleted], [t0].[LastModifiedAt], [t0].[LastModifiedBy], [t0].[Name], [t0].[RowVersion], [p4].[Id], [p4].[Caption], [p4].[CreatedAt], [p4].[CreatedBy], [p4].[DeletedAt], [p4].[DeletedBy], [p4].[DisplayOrder], [p4].[IsDeleted], [p4].[IsPrimary], [p4].[LastModifiedAt], [p4].[LastModifiedBy], [p4].[PropertyId], [p4].[RowVersion], [p4].[Url]
FROM (
    SELECT [p].[Id], [p].[AgentId], [p].[Area], [p].[CreatedAt], [p].[CreatedBy], [p].[DeletedAt], [p].[DeletedBy], [p].[Description], [p].[Direction], [p].[ExpiresAt], [p].[FullAddress], [p].[IsDeleted], [p].[IsFeatured], [p].[LastModifiedAt], [p].[LastModifiedBy], [p].[Latitude], [p].[ListingType], [p].[Longitude], [p].[NumberOfBathrooms], [p].[NumberOfBedrooms], [p].[NumberOfFloors], [p].[PropertyTypeId], [p].[ProvinceCode], [p].[ProvinceName], [p].[PublishedAt], [p].[RowVersion], [p].[Slug], [p].[Status], [p].[Title], [p].[TransactionTypeId], [p].[VideoUrl], [p].[ViewCount], [p].[WardCode], [p].[WardName], [p].[AddressCountry], [p].[AddressDistrict], [p].[AddressLatitude], [p].[AddressLongitude], [p].[AddressProvince], [p].[Street], [p].[AddressWard], [p].[PriceAmount], [p].[PriceCurrency]
    FROM [Properties] AS [p]
    WHERE [p].[IsDeleted] = CAST(0 AS bit) AND [p].[Status] = @__status_Value_0 AND [p].[IsFeatured] = @__isFeatured_Value_1
    ORDER BY [p].[IsFeatured] DESC, [p].[CreatedAt] DESC
    OFFSET @__p_2 ROWS FETCH NEXT @__p_3 ROWS ONLY
) AS [p1]
INNER JOIN (
    SELECT [p0].[Id], [p0].[CreatedAt], [p0].[CreatedBy], [p0].[DeletedAt], [p0].[DeletedBy], [p0].[Description], [p0].[IsActive], [p0].[IsDeleted], [p0].[LastModifiedAt], [p0].[LastModifiedBy], [p0].[Name], [p0].[RowVersion]
    FROM [PropertyTypes] AS [p0]
    WHERE [p0].[IsDeleted] = CAST(0 AS bit)
) AS [p2] ON [p1].[PropertyTypeId] = [p2].[Id]
INNER JOIN (
    SELECT [a].[Id], [a].[AgencyName], [a].[AvatarUrl], [a].[Bio], [a].[CreatedAt], [a].[CreatedBy], [a].[DeletedAt], [a].[DeletedBy], [a].[Email], [a].[FullName], [a].[IsActive], [a].[IsDeleted], [a].[LastModifiedAt], [a].[LastModifiedBy], [a].[LicenseNumber], [a].[PhoneNumber], [a].[RowVersion], [a].[UserId]
    FROM [Agents] AS [a]
    WHERE [a].[IsDeleted] = CAST(0 AS bit)
) AS [a0] ON [p1].[AgentId] = [a0].[Id]
LEFT JOIN (
    SELECT [t].[Id], [t].[CreatedAt], [t].[CreatedBy], [t].[DeletedAt], [t].[DeletedBy], [t].[Description], [t].[IsActive], [t].[IsDeleted], [t].[LastModifiedAt], [t].[LastModifiedBy], [t].[Name], [t].[RowVersion]
    FROM [TransactionTypes] AS [t]
    WHERE [t].[IsDeleted] = CAST(0 AS bit)
) AS [t0] ON [p1].[TransactionTypeId] = [t0].[Id]
LEFT JOIN (
    SELECT [p3].[Id], [p3].[Caption], [p3].[CreatedAt], [p3].[CreatedBy], [p3].[DeletedAt], [p3].[DeletedBy], [p3].[DisplayOrder], [p3].[IsDeleted], [p3].[IsPrimary], [p3].[LastModifiedAt], [p3].[LastModifiedBy], [p3].[PropertyId], [p3].[RowVersion], [p3].[Url]
    FROM [PropertyImages] AS [p3]
    WHERE [p3].[IsDeleted] = CAST(0 AS bit)
) AS [p4] ON [p1].[Id] = [p4].[PropertyId]
ORDER BY [p1].[IsFeatured] DESC, [p1].[CreatedAt] DESC, [p1].[Id], [p2].[Id], [a0].[Id], [t0].[Id]
[2026-05-22 18:42:13.235 +07:00 INF] Executed DbCommand (1ms) [Parameters=[@__status_Value_0='?' (DbType = Int32), @__p_1='?' (DbType = Int32), @__p_2='?' (DbType = Int32)], CommandType='"Text"', CommandTimeout='60']
SELECT [p1].[Id], [p1].[AgentId], [p1].[Area], [p1].[CreatedAt], [p1].[CreatedBy], [p1].[DeletedAt], [p1].[DeletedBy], [p1].[Description], [p1].[Direction], [p1].[ExpiresAt], [p1].[FullAddress], [p1].[IsDeleted], [p1].[IsFeatured], [p1].[LastModifiedAt], [p1].[LastModifiedBy], [p1].[Latitude], [p1].[ListingType], [p1].[Longitude], [p1].[NumberOfBathrooms], [p1].[NumberOfBedrooms], [p1].[NumberOfFloors], [p1].[PropertyTypeId], [p1].[ProvinceCode], [p1].[ProvinceName], [p1].[PublishedAt], [p1].[RowVersion], [p1].[Slug], [p1].[Status], [p1].[Title], [p1].[TransactionTypeId], [p1].[VideoUrl], [p1].[ViewCount], [p1].[WardCode], [p1].[WardName], [p1].[AddressCountry], [p1].[AddressDistrict], [p1].[AddressLatitude], [p1].[AddressLongitude], [p1].[AddressProvince], [p1].[Street], [p1].[AddressWard], [p1].[PriceAmount], [p1].[PriceCurrency], [p2].[Id], [p2].[CreatedAt], [p2].[CreatedBy], [p2].[DeletedAt], [p2].[DeletedBy], [p2].[Description], [p2].[IsActive], [p2].[IsDeleted], [p2].[LastModifiedAt], [p2].[LastModifiedBy], [p2].[Name], [p2].[RowVersion], [a0].[Id], [a0].[AgencyName], [a0].[AvatarUrl], [a0].[Bio], [a0].[CreatedAt], [a0].[CreatedBy], [a0].[DeletedAt], [a0].[DeletedBy], [a0].[Email], [a0].[FullName], [a0].[IsActive], [a0].[IsDeleted], [a0].[LastModifiedAt], [a0].[LastModifiedBy], [a0].[LicenseNumber], [a0].[PhoneNumber], [a0].[RowVersion], [a0].[UserId], [t0].[Id], [t0].[CreatedAt], [t0].[CreatedBy], [t0].[DeletedAt], [t0].[DeletedBy], [t0].[Description], [t0].[IsActive], [t0].[IsDeleted], [t0].[LastModifiedAt], [t0].[LastModifiedBy], [t0].[Name], [t0].[RowVersion], [p4].[Id], [p4].[Caption], [p4].[CreatedAt], [p4].[CreatedBy], [p4].[DeletedAt], [p4].[DeletedBy], [p4].[DisplayOrder], [p4].[IsDeleted], [p4].[IsPrimary], [p4].[LastModifiedAt], [p4].[LastModifiedBy], [p4].[PropertyId], [p4].[RowVersion], [p4].[Url]
FROM (
    SELECT [p].[Id], [p].[AgentId], [p].[Area], [p].[CreatedAt], [p].[CreatedBy], [p].[DeletedAt], [p].[DeletedBy], [p].[Description], [p].[Direction], [p].[ExpiresAt], [p].[FullAddress], [p].[IsDeleted], [p].[IsFeatured], [p].[LastModifiedAt], [p].[LastModifiedBy], [p].[Latitude], [p].[ListingType], [p].[Longitude], [p].[NumberOfBathrooms], [p].[NumberOfBedrooms], [p].[NumberOfFloors], [p].[PropertyTypeId], [p].[ProvinceCode], [p].[ProvinceName], [p].[PublishedAt], [p].[RowVersion], [p].[Slug], [p].[Status], [p].[Title], [p].[TransactionTypeId], [p].[VideoUrl], [p].[ViewCount], [p].[WardCode], [p].[WardName], [p].[AddressCountry], [p].[AddressDistrict], [p].[AddressLatitude], [p].[AddressLongitude], [p].[AddressProvince], [p].[Street], [p].[AddressWard], [p].[PriceAmount], [p].[PriceCurrency]
    FROM [Properties] AS [p]
    WHERE [p].[IsDeleted] = CAST(0 AS bit) AND [p].[Status] = @__status_Value_0
    ORDER BY [p].[IsFeatured] DESC, [p].[CreatedAt] DESC
    OFFSET @__p_1 ROWS FETCH NEXT @__p_2 ROWS ONLY
) AS [p1]
INNER JOIN (
    SELECT [p0].[Id], [p0].[CreatedAt], [p0].[CreatedBy], [p0].[DeletedAt], [p0].[DeletedBy], [p0].[Description], [p0].[IsActive], [p0].[IsDeleted], [p0].[LastModifiedAt], [p0].[LastModifiedBy], [p0].[Name], [p0].[RowVersion]
    FROM [PropertyTypes] AS [p0]
    WHERE [p0].[IsDeleted] = CAST(0 AS bit)
) AS [p2] ON [p1].[PropertyTypeId] = [p2].[Id]
INNER JOIN (
    SELECT [a].[Id], [a].[AgencyName], [a].[AvatarUrl], [a].[Bio], [a].[CreatedAt], [a].[CreatedBy], [a].[DeletedAt], [a].[DeletedBy], [a].[Email], [a].[FullName], [a].[IsActive], [a].[IsDeleted], [a].[LastModifiedAt], [a].[LastModifiedBy], [a].[LicenseNumber], [a].[PhoneNumber], [a].[RowVersion], [a].[UserId]
    FROM [Agents] AS [a]
    WHERE [a].[IsDeleted] = CAST(0 AS bit)
) AS [a0] ON [p1].[AgentId] = [a0].[Id]
LEFT JOIN (
    SELECT [t].[Id], [t].[CreatedAt], [t].[CreatedBy], [t].[DeletedAt], [t].[DeletedBy], [t].[Description], [t].[IsActive], [t].[IsDeleted], [t].[LastModifiedAt], [t].[LastModifiedBy], [t].[Name], [t].[RowVersion]
    FROM [TransactionTypes] AS [t]
    WHERE [t].[IsDeleted] = CAST(0 AS bit)
) AS [t0] ON [p1].[TransactionTypeId] = [t0].[Id]
LEFT JOIN (
    SELECT [p3].[Id], [p3].[Caption], [p3].[CreatedAt], [p3].[CreatedBy], [p3].[DeletedAt], [p3].[DeletedBy], [p3].[DisplayOrder], [p3].[IsDeleted], [p3].[IsPrimary], [p3].[LastModifiedAt], [p3].[LastModifiedBy], [p3].[PropertyId], [p3].[RowVersion], [p3].[Url]
    FROM [PropertyImages] AS [p3]
    WHERE [p3].[IsDeleted] = CAST(0 AS bit)
) AS [p4] ON [p1].[Id] = [p4].[PropertyId]
ORDER BY [p1].[IsFeatured] DESC, [p1].[CreatedAt] DESC, [p1].[Id], [p2].[Id], [a0].[Id], [t0].[Id]
[2026-05-22 18:42:13.235 +07:00 INF] Executing OkObjectResult, writing value of type 'VietPropEstate.Application.Common.Models.PaginatedList`1[[VietPropEstate.Application.Features.Notifications.DTOs.NotificationDto, VietPropEstate.Application, Version=1.0.0.0, Culture=neutral, PublicKeyToken=null]]'.
[2026-05-22 18:42:13.241 +07:00 INF] Handled GetPropertiesListQuery in 55ms
[2026-05-22 18:42:13.245 +07:00 INF] Handled GetPropertiesListQuery in 59ms
[2026-05-22 18:42:13.247 +07:00 INF] Executed action VietPropEstate.WebAPI.Controllers.NotificationsController.GetNotifications (VietPropEstate.WebAPI) in 78.131ms
[2026-05-22 18:42:13.248 +07:00 INF] Executing OkObjectResult, writing value of type 'VietPropEstate.Application.Common.Models.PaginatedList`1[[VietPropEstate.Application.Features.Properties.DTOs.PropertyDto, VietPropEstate.Application, Version=1.0.0.0, Culture=neutral, PublicKeyToken=null]]'.
[2026-05-22 18:42:13.249 +07:00 INF] Executing OkObjectResult, writing value of type 'VietPropEstate.Application.Common.Models.PaginatedList`1[[VietPropEstate.Application.Features.Properties.DTOs.PropertyDto, VietPropEstate.Application, Version=1.0.0.0, Culture=neutral, PublicKeyToken=null]]'.
[2026-05-22 18:42:13.251 +07:00 INF] Executed endpoint 'VietPropEstate.WebAPI.Controllers.NotificationsController.GetNotifications (VietPropEstate.WebAPI)'
[2026-05-22 18:42:13.253 +07:00 INF] Executed action VietPropEstate.WebAPI.Controllers.PropertiesController.GetList (VietPropEstate.WebAPI) in 67.9833ms
[2026-05-22 18:42:13.255 +07:00 INF] Executed action VietPropEstate.WebAPI.Controllers.PropertiesController.GetList (VietPropEstate.WebAPI) in 72.9016ms
[2026-05-22 18:42:13.255 +07:00 INF] HTTP GET /api/notifications responded 200 in 107.3129 ms
[2026-05-22 18:42:13.257 +07:00 INF] Executed endpoint 'VietPropEstate.WebAPI.Controllers.PropertiesController.GetList (VietPropEstate.WebAPI)'
[2026-05-22 18:42:13.258 +07:00 INF] Executed endpoint 'VietPropEstate.WebAPI.Controllers.PropertiesController.GetList (VietPropEstate.WebAPI)'
[2026-05-22 18:42:13.260 +07:00 INF] Request finished HTTP/1.1 GET http://localhost:5198/api/notifications?pageNumber=1&pageSize=20&unreadOnly=false - 200 null application/json; charset=utf-8 124.2471ms
[2026-05-22 18:42:13.262 +07:00 INF] HTTP GET /api/properties responded 200 in 90.5326 ms
[2026-05-22 18:42:13.263 +07:00 INF] HTTP GET /api/properties responded 200 in 93.0108 ms
[2026-05-22 18:42:13.269 +07:00 INF] Request finished HTTP/1.1 GET http://localhost:5198/api/properties?pageNumber=1&pageSize=3&isFeatured=True&status=1&sortBy=CreatedAt&sortOrder=Desc - 200 null application/json; charset=utf-8 111.598ms
[2026-05-22 18:42:13.271 +07:00 INF] Request finished HTTP/1.1 GET http://localhost:5198/api/properties?pageNumber=1&pageSize=6&status=1&sortBy=CreatedAt&sortOrder=Desc - 200 null application/json; charset=utf-8 118.7367ms
[2026-05-22 18:42:17.796 +07:00 INF] Request starting HTTP/1.1 OPTIONS http://localhost:5198/api/addresses/wards/1 - null null
[2026-05-22 18:42:17.800 +07:00 INF] CORS policy execution successful.
[2026-05-22 18:42:17.801 +07:00 INF] Request finished HTTP/1.1 OPTIONS http://localhost:5198/api/addresses/wards/1 - 204 null null 5.685ms
[2026-05-22 18:42:17.806 +07:00 INF] Request starting HTTP/1.1 GET http://localhost:5198/api/addresses/wards/1 - null null
[2026-05-22 18:42:17.810 +07:00 INF] CORS policy execution successful.
[2026-05-22 18:42:17.812 +07:00 INF] Executing endpoint 'VietPropEstate.WebAPI.Controllers.AddressesController.GetWards (VietPropEstate.WebAPI)'
[2026-05-22 18:42:17.817 +07:00 INF] Route matched with {action = "GetWards", controller = "Addresses"}. Executing controller action with signature System.Threading.Tasks.Task`1[Microsoft.AspNetCore.Mvc.IActionResult] GetWards(Int32, System.Threading.CancellationToken) on controller VietPropEstate.WebAPI.Controllers.AddressesController (VietPropEstate.WebAPI).
[2026-05-22 18:42:17.823 +07:00 INF] Handling GetWardsByProvinceQuery {"ProvinceCode":1,"$type":"GetWardsByProvinceQuery"}
[2026-05-22 18:42:17.845 +07:00 INF] Executed DbCommand (6ms) [Parameters=[@__request_ProvinceCode_0='?' (DbType = Int32)], CommandType='"Text"', CommandTimeout='60']
SELECT [w].[Code], [w].[Name], [w].[Codename], [w].[DivisionType], [w].[ProvinceCode]
FROM [Wards] AS [w]
WHERE [w].[IsActive] = CAST(1 AS bit) AND [w].[ProvinceCode] = @__request_ProvinceCode_0
ORDER BY [w].[Name]
[2026-05-22 18:42:17.852 +07:00 INF] Handled GetWardsByProvinceQuery in 28ms
[2026-05-22 18:42:17.854 +07:00 INF] Executing OkObjectResult, writing value of type 'System.Collections.Generic.List`1[[VietPropEstate.Application.Features.Addresses.DTOs.WardLookupDto, VietPropEstate.Application, Version=1.0.0.0, Culture=neutral, PublicKeyToken=null]]'.
[2026-05-22 18:42:17.857 +07:00 INF] Executed action VietPropEstate.WebAPI.Controllers.AddressesController.GetWards (VietPropEstate.WebAPI) in 36.8485ms
[2026-05-22 18:42:17.859 +07:00 INF] Executed endpoint 'VietPropEstate.WebAPI.Controllers.AddressesController.GetWards (VietPropEstate.WebAPI)'
[2026-05-22 18:42:17.861 +07:00 INF] HTTP GET /api/addresses/wards/1 responded 200 in 49.5011 ms
[2026-05-22 18:42:17.864 +07:00 INF] Request finished HTTP/1.1 GET http://localhost:5198/api/addresses/wards/1 - 200 null application/json; charset=utf-8 57.6462ms
[2026-05-22 18:42:18.075 +07:00 INF] Request starting HTTP/1.1 OPTIONS http://localhost:5198/api/properties?pageNumber=1&pageSize=12&provinceCode=1&status=1&sortBy=CreatedAt&sortOrder=Desc - null null
[2026-05-22 18:42:18.078 +07:00 INF] CORS policy execution successful.
[2026-05-22 18:42:18.079 +07:00 INF] Request finished HTTP/1.1 OPTIONS http://localhost:5198/api/properties?pageNumber=1&pageSize=12&provinceCode=1&status=1&sortBy=CreatedAt&sortOrder=Desc - 204 null null 4.6807ms
[2026-05-22 18:42:18.085 +07:00 INF] Request starting HTTP/1.1 GET http://localhost:5198/api/properties?pageNumber=1&pageSize=12&provinceCode=1&status=1&sortBy=CreatedAt&sortOrder=Desc - null null
[2026-05-22 18:42:18.089 +07:00 INF] CORS policy execution successful.
[2026-05-22 18:42:18.091 +07:00 INF] Executing endpoint 'VietPropEstate.WebAPI.Controllers.PropertiesController.GetList (VietPropEstate.WebAPI)'
[2026-05-22 18:42:18.091 +07:00 INF] Route matched with {action = "GetList", controller = "Properties"}. Executing controller action with signature System.Threading.Tasks.Task`1[Microsoft.AspNetCore.Mvc.IActionResult] GetList(Int32, Int32, System.String, System.Nullable`1[System.Guid], System.Nullable`1[System.Guid], System.Nullable`1[VietPropEstate.Domain.Enums.ListingType], System.Nullable`1[VietPropEstate.Domain.Enums.PropertyStatus], System.Nullable`1[System.Int32], System.Nullable`1[System.Int32], System.String, System.Nullable`1[System.Decimal], System.Nullable`1[System.Decimal], System.Nullable`1[System.Decimal], System.Nullable`1[System.Decimal], System.Nullable`1[System.Int32], System.Nullable`1[System.Int32], System.Nullable`1[System.Int32], System.Nullable`1[VietPropEstate.Domain.Enums.PropertyDirection], System.Nullable`1[System.Boolean], System.String, System.String, System.Threading.CancellationToken) on controller VietPropEstate.WebAPI.Controllers.PropertiesController (VietPropEstate.WebAPI).
[2026-05-22 18:42:18.096 +07:00 INF] Handling GetPropertiesListQuery {"PageNumber":1,"PageSize":12,"SearchTerm":null,"PropertyTypeId":null,"TransactionTypeId":null,"ListingType":null,"Status":"Active","ProvinceCode":1,"WardCode":null,"ProvinceName":null,"MinPrice":null,"MaxPrice":null,"MinArea":null,"MaxArea":null,"MinBedrooms":null,"MaxBedrooms":null,"Bathrooms":null,"Direction":null,"IsFeatured":null,"AllStatuses":false,"SortBy":"CreatedAt","SortOrder":"Desc","$type":"GetPropertiesListQuery"}
[2026-05-22 18:42:18.124 +07:00 INF] Executed DbCommand (2ms) [Parameters=[@__status_Value_0='?' (DbType = Int32), @__provinceCode_Value_1='?' (DbType = Int32)], CommandType='"Text"', CommandTimeout='60']
SELECT COUNT(*)
FROM [Properties] AS [p]
WHERE [p].[IsDeleted] = CAST(0 AS bit) AND [p].[Status] = @__status_Value_0 AND [p].[ProvinceCode] = @__provinceCode_Value_1
[2026-05-22 18:42:18.281 +07:00 INF] Executed DbCommand (16ms) [Parameters=[@__status_Value_0='?' (DbType = Int32), @__provinceCode_Value_1='?' (DbType = Int32), @__p_2='?' (DbType = Int32), @__p_3='?' (DbType = Int32)], CommandType='"Text"', CommandTimeout='60']
SELECT [p1].[Id], [p1].[AgentId], [p1].[Area], [p1].[CreatedAt], [p1].[CreatedBy], [p1].[DeletedAt], [p1].[DeletedBy], [p1].[Description], [p1].[Direction], [p1].[ExpiresAt], [p1].[FullAddress], [p1].[IsDeleted], [p1].[IsFeatured], [p1].[LastModifiedAt], [p1].[LastModifiedBy], [p1].[Latitude], [p1].[ListingType], [p1].[Longitude], [p1].[NumberOfBathrooms], [p1].[NumberOfBedrooms], [p1].[NumberOfFloors], [p1].[PropertyTypeId], [p1].[ProvinceCode], [p1].[ProvinceName], [p1].[PublishedAt], [p1].[RowVersion], [p1].[Slug], [p1].[Status], [p1].[Title], [p1].[TransactionTypeId], [p1].[VideoUrl], [p1].[ViewCount], [p1].[WardCode], [p1].[WardName], [p1].[AddressCountry], [p1].[AddressDistrict], [p1].[AddressLatitude], [p1].[AddressLongitude], [p1].[AddressProvince], [p1].[Street], [p1].[AddressWard], [p1].[PriceAmount], [p1].[PriceCurrency], [p2].[Id], [p2].[CreatedAt], [p2].[CreatedBy], [p2].[DeletedAt], [p2].[DeletedBy], [p2].[Description], [p2].[IsActive], [p2].[IsDeleted], [p2].[LastModifiedAt], [p2].[LastModifiedBy], [p2].[Name], [p2].[RowVersion], [a0].[Id], [a0].[AgencyName], [a0].[AvatarUrl], [a0].[Bio], [a0].[CreatedAt], [a0].[CreatedBy], [a0].[DeletedAt], [a0].[DeletedBy], [a0].[Email], [a0].[FullName], [a0].[IsActive], [a0].[IsDeleted], [a0].[LastModifiedAt], [a0].[LastModifiedBy], [a0].[LicenseNumber], [a0].[PhoneNumber], [a0].[RowVersion], [a0].[UserId], [t0].[Id], [t0].[CreatedAt], [t0].[CreatedBy], [t0].[DeletedAt], [t0].[DeletedBy], [t0].[Description], [t0].[IsActive], [t0].[IsDeleted], [t0].[LastModifiedAt], [t0].[LastModifiedBy], [t0].[Name], [t0].[RowVersion], [p4].[Id], [p4].[Caption], [p4].[CreatedAt], [p4].[CreatedBy], [p4].[DeletedAt], [p4].[DeletedBy], [p4].[DisplayOrder], [p4].[IsDeleted], [p4].[IsPrimary], [p4].[LastModifiedAt], [p4].[LastModifiedBy], [p4].[PropertyId], [p4].[RowVersion], [p4].[Url]
FROM (
    SELECT [p].[Id], [p].[AgentId], [p].[Area], [p].[CreatedAt], [p].[CreatedBy], [p].[DeletedAt], [p].[DeletedBy], [p].[Description], [p].[Direction], [p].[ExpiresAt], [p].[FullAddress], [p].[IsDeleted], [p].[IsFeatured], [p].[LastModifiedAt], [p].[LastModifiedBy], [p].[Latitude], [p].[ListingType], [p].[Longitude], [p].[NumberOfBathrooms], [p].[NumberOfBedrooms], [p].[NumberOfFloors], [p].[PropertyTypeId], [p].[ProvinceCode], [p].[ProvinceName], [p].[PublishedAt], [p].[RowVersion], [p].[Slug], [p].[Status], [p].[Title], [p].[TransactionTypeId], [p].[VideoUrl], [p].[ViewCount], [p].[WardCode], [p].[WardName], [p].[AddressCountry], [p].[AddressDistrict], [p].[AddressLatitude], [p].[AddressLongitude], [p].[AddressProvince], [p].[Street], [p].[AddressWard], [p].[PriceAmount], [p].[PriceCurrency]
    FROM [Properties] AS [p]
    WHERE [p].[IsDeleted] = CAST(0 AS bit) AND [p].[Status] = @__status_Value_0 AND [p].[ProvinceCode] = @__provinceCode_Value_1
    ORDER BY [p].[IsFeatured] DESC, [p].[CreatedAt] DESC
    OFFSET @__p_2 ROWS FETCH NEXT @__p_3 ROWS ONLY
) AS [p1]
INNER JOIN (
    SELECT [p0].[Id], [p0].[CreatedAt], [p0].[CreatedBy], [p0].[DeletedAt], [p0].[DeletedBy], [p0].[Description], [p0].[IsActive], [p0].[IsDeleted], [p0].[LastModifiedAt], [p0].[LastModifiedBy], [p0].[Name], [p0].[RowVersion]
    FROM [PropertyTypes] AS [p0]
    WHERE [p0].[IsDeleted] = CAST(0 AS bit)
) AS [p2] ON [p1].[PropertyTypeId] = [p2].[Id]
INNER JOIN (
    SELECT [a].[Id], [a].[AgencyName], [a].[AvatarUrl], [a].[Bio], [a].[CreatedAt], [a].[CreatedBy], [a].[DeletedAt], [a].[DeletedBy], [a].[Email], [a].[FullName], [a].[IsActive], [a].[IsDeleted], [a].[LastModifiedAt], [a].[LastModifiedBy], [a].[LicenseNumber], [a].[PhoneNumber], [a].[RowVersion], [a].[UserId]
    FROM [Agents] AS [a]
    WHERE [a].[IsDeleted] = CAST(0 AS bit)
) AS [a0] ON [p1].[AgentId] = [a0].[Id]
LEFT JOIN (
    SELECT [t].[Id], [t].[CreatedAt], [t].[CreatedBy], [t].[DeletedAt], [t].[DeletedBy], [t].[Description], [t].[IsActive], [t].[IsDeleted], [t].[LastModifiedAt], [t].[LastModifiedBy], [t].[Name], [t].[RowVersion]
    FROM [TransactionTypes] AS [t]
    WHERE [t].[IsDeleted] = CAST(0 AS bit)
) AS [t0] ON [p1].[TransactionTypeId] = [t0].[Id]
LEFT JOIN (
    SELECT [p3].[Id], [p3].[Caption], [p3].[CreatedAt], [p3].[CreatedBy], [p3].[DeletedAt], [p3].[DeletedBy], [p3].[DisplayOrder], [p3].[IsDeleted], [p3].[IsPrimary], [p3].[LastModifiedAt], [p3].[LastModifiedBy], [p3].[PropertyId], [p3].[RowVersion], [p3].[Url]
    FROM [PropertyImages] AS [p3]
    WHERE [p3].[IsDeleted] = CAST(0 AS bit)
) AS [p4] ON [p1].[Id] = [p4].[PropertyId]
ORDER BY [p1].[IsFeatured] DESC, [p1].[CreatedAt] DESC, [p1].[Id], [p2].[Id], [a0].[Id], [t0].[Id]
[2026-05-22 18:42:18.291 +07:00 INF] Handled GetPropertiesListQuery in 194ms
[2026-05-22 18:42:18.292 +07:00 INF] Executing OkObjectResult, writing value of type 'VietPropEstate.Application.Common.Models.PaginatedList`1[[VietPropEstate.Application.Features.Properties.DTOs.PropertyDto, VietPropEstate.Application, Version=1.0.0.0, Culture=neutral, PublicKeyToken=null]]'.
[2026-05-22 18:42:18.295 +07:00 INF] Executed action VietPropEstate.WebAPI.Controllers.PropertiesController.GetList (VietPropEstate.WebAPI) in 201.2212ms
[2026-05-22 18:42:18.297 +07:00 INF] Executed endpoint 'VietPropEstate.WebAPI.Controllers.PropertiesController.GetList (VietPropEstate.WebAPI)'
[2026-05-22 18:42:18.299 +07:00 INF] HTTP GET /api/properties responded 200 in 208.5709 ms
[2026-05-22 18:42:18.301 +07:00 INF] Request finished HTTP/1.1 GET http://localhost:5198/api/properties?pageNumber=1&pageSize=12&provinceCode=1&status=1&sortBy=CreatedAt&sortOrder=Desc - 200 null application/json; charset=utf-8 216.5118ms
[2026-05-22 18:42:22.410 +07:00 INF] Request starting HTTP/1.1 OPTIONS http://localhost:5198/api/properties/slug/vn-phng-hng-a-ta-landmark-h-ni-55335c7c - null null
[2026-05-22 18:42:22.414 +07:00 INF] CORS policy execution successful.
[2026-05-22 18:42:22.416 +07:00 INF] Request finished HTTP/1.1 OPTIONS http://localhost:5198/api/properties/slug/vn-phng-hng-a-ta-landmark-h-ni-55335c7c - 204 null null 5.6419ms
[2026-05-22 18:42:22.422 +07:00 INF] Request starting HTTP/1.1 GET http://localhost:5198/api/properties/slug/vn-phng-hng-a-ta-landmark-h-ni-55335c7c - null null
[2026-05-22 18:42:22.426 +07:00 INF] CORS policy execution successful.
[2026-05-22 18:42:22.428 +07:00 INF] Executing endpoint 'VietPropEstate.WebAPI.Controllers.PropertiesController.GetBySlug (VietPropEstate.WebAPI)'
[2026-05-22 18:42:22.434 +07:00 INF] Route matched with {action = "GetBySlug", controller = "Properties"}. Executing controller action with signature System.Threading.Tasks.Task`1[Microsoft.AspNetCore.Mvc.IActionResult] GetBySlug(System.String, System.Threading.CancellationToken) on controller VietPropEstate.WebAPI.Controllers.PropertiesController (VietPropEstate.WebAPI).
[2026-05-22 18:42:22.440 +07:00 INF] Handling GetPropertyBySlugQuery {"Slug":"vn-phng-hng-a-ta-landmark-h-ni-55335c7c","$type":"GetPropertyBySlugQuery"}
[2026-05-22 18:42:22.551 +07:00 INF] Executed DbCommand (18ms) [Parameters=[@__slug_0='?' (Size = 600)], CommandType='"Text"', CommandTimeout='60']
SELECT [s].[Id], [s].[AgentId], [s].[Area], [s].[CreatedAt], [s].[CreatedBy], [s].[DeletedAt], [s].[DeletedBy], [s].[Description], [s].[Direction], [s].[ExpiresAt], [s].[FullAddress], [s].[IsDeleted], [s].[IsFeatured], [s].[LastModifiedAt], [s].[LastModifiedBy], [s].[Latitude], [s].[ListingType], [s].[Longitude], [s].[NumberOfBathrooms], [s].[NumberOfBedrooms], [s].[NumberOfFloors], [s].[PropertyTypeId], [s].[ProvinceCode], [s].[ProvinceName], [s].[PublishedAt], [s].[RowVersion], [s].[Slug], [s].[Status], [s].[Title], [s].[TransactionTypeId], [s].[VideoUrl], [s].[ViewCount], [s].[WardCode], [s].[WardName], [s].[AddressCountry], [s].[AddressDistrict], [s].[AddressLatitude], [s].[AddressLongitude], [s].[AddressProvince], [s].[Street], [s].[AddressWard], [s].[PriceAmount], [s].[PriceCurrency], [s].[Id0], [s].[CreatedAt0], [s].[CreatedBy0], [s].[DeletedAt0], [s].[DeletedBy0], [s].[Description0], [s].[IsActive], [s].[IsDeleted0], [s].[LastModifiedAt0], [s].[LastModifiedBy0], [s].[Name], [s].[RowVersion0], [s].[Id1], [s].[AgencyName], [s].[AvatarUrl], [s].[Bio], [s].[CreatedAt1], [s].[CreatedBy1], [s].[DeletedAt1], [s].[DeletedBy1], [s].[Email], [s].[FullName], [s].[IsActive0], [s].[IsDeleted1], [s].[LastModifiedAt1], [s].[LastModifiedBy1], [s].[LicenseNumber], [s].[PhoneNumber], [s].[RowVersion1], [s].[UserId], [s].[Id2], [s].[CreatedAt2], [s].[CreatedBy2], [s].[DeletedAt2], [s].[DeletedBy2], [s].[Description1], [s].[IsActive1], [s].[IsDeleted2], [s].[LastModifiedAt2], [s].[LastModifiedBy2], [s].[Name0], [s].[RowVersion2], [p3].[Id], [p3].[Caption], [p3].[CreatedAt], [p3].[CreatedBy], [p3].[DeletedAt], [p3].[DeletedBy], [p3].[DisplayOrder], [p3].[IsDeleted], [p3].[IsPrimary], [p3].[LastModifiedAt], [p3].[LastModifiedBy], [p3].[PropertyId], [p3].[RowVersion], [p3].[Url]
FROM (
    SELECT TOP(1) [p].[Id], [p].[AgentId], [p].[Area], [p].[CreatedAt], [p].[CreatedBy], [p].[DeletedAt], [p].[DeletedBy], [p].[Description], [p].[Direction], [p].[ExpiresAt], [p].[FullAddress], [p].[IsDeleted], [p].[IsFeatured], [p].[LastModifiedAt], [p].[LastModifiedBy], [p].[Latitude], [p].[ListingType], [p].[Longitude], [p].[NumberOfBathrooms], [p].[NumberOfBedrooms], [p].[NumberOfFloors], [p].[PropertyTypeId], [p].[ProvinceCode], [p].[ProvinceName], [p].[PublishedAt], [p].[RowVersion], [p].[Slug], [p].[Status], [p].[Title], [p].[TransactionTypeId], [p].[VideoUrl], [p].[ViewCount], [p].[WardCode], [p].[WardName], [p].[AddressCountry], [p].[AddressDistrict], [p].[AddressLatitude], [p].[AddressLongitude], [p].[AddressProvince], [p].[Street], [p].[AddressWard], [p].[PriceAmount], [p].[PriceCurrency], [p1].[Id] AS [Id0], [p1].[CreatedAt] AS [CreatedAt0], [p1].[CreatedBy] AS [CreatedBy0], [p1].[DeletedAt] AS [DeletedAt0], [p1].[DeletedBy] AS [DeletedBy0], [p1].[Description] AS [Description0], [p1].[IsActive], [p1].[IsDeleted] AS [IsDeleted0], [p1].[LastModifiedAt] AS [LastModifiedAt0], [p1].[LastModifiedBy] AS [LastModifiedBy0], [p1].[Name], [p1].[RowVersion] AS [RowVersion0], [a0].[Id] AS [Id1], [a0].[AgencyName], [a0].[AvatarUrl], [a0].[Bio], [a0].[CreatedAt] AS [CreatedAt1], [a0].[CreatedBy] AS [CreatedBy1], [a0].[DeletedAt] AS [DeletedAt1], [a0].[DeletedBy] AS [DeletedBy1], [a0].[Email], [a0].[FullName], [a0].[IsActive] AS [IsActive0], [a0].[IsDeleted] AS [IsDeleted1], [a0].[LastModifiedAt] AS [LastModifiedAt1], [a0].[LastModifiedBy] AS [LastModifiedBy1], [a0].[LicenseNumber], [a0].[PhoneNumber], [a0].[RowVersion] AS [RowVersion1], [a0].[UserId], [t0].[Id] AS [Id2], [t0].[CreatedAt] AS [CreatedAt2], [t0].[CreatedBy] AS [CreatedBy2], [t0].[DeletedAt] AS [DeletedAt2], [t0].[DeletedBy] AS [DeletedBy2], [t0].[Description] AS [Description1], [t0].[IsActive] AS [IsActive1], [t0].[IsDeleted] AS [IsDeleted2], [t0].[LastModifiedAt] AS [LastModifiedAt2], [t0].[LastModifiedBy] AS [LastModifiedBy2], [t0].[Name] AS [Name0], [t0].[RowVersion] AS [RowVersion2]
    FROM [Properties] AS [p]
    INNER JOIN (
        SELECT [p0].[Id], [p0].[CreatedAt], [p0].[CreatedBy], [p0].[DeletedAt], [p0].[DeletedBy], [p0].[Description], [p0].[IsActive], [p0].[IsDeleted], [p0].[LastModifiedAt], [p0].[LastModifiedBy], [p0].[Name], [p0].[RowVersion]
        FROM [PropertyTypes] AS [p0]
        WHERE [p0].[IsDeleted] = CAST(0 AS bit)
    ) AS [p1] ON [p].[PropertyTypeId] = [p1].[Id]
    INNER JOIN (
        SELECT [a].[Id], [a].[AgencyName], [a].[AvatarUrl], [a].[Bio], [a].[CreatedAt], [a].[CreatedBy], [a].[DeletedAt], [a].[DeletedBy], [a].[Email], [a].[FullName], [a].[IsActive], [a].[IsDeleted], [a].[LastModifiedAt], [a].[LastModifiedBy], [a].[LicenseNumber], [a].[PhoneNumber], [a].[RowVersion], [a].[UserId]
        FROM [Agents] AS [a]
        WHERE [a].[IsDeleted] = CAST(0 AS bit)
    ) AS [a0] ON [p].[AgentId] = [a0].[Id]
    LEFT JOIN (
        SELECT [t].[Id], [t].[CreatedAt], [t].[CreatedBy], [t].[DeletedAt], [t].[DeletedBy], [t].[Description], [t].[IsActive], [t].[IsDeleted], [t].[LastModifiedAt], [t].[LastModifiedBy], [t].[Name], [t].[RowVersion]
        FROM [TransactionTypes] AS [t]
        WHERE [t].[IsDeleted] = CAST(0 AS bit)
    ) AS [t0] ON [p].[TransactionTypeId] = [t0].[Id]
    WHERE [p].[IsDeleted] = CAST(0 AS bit) AND [p].[Slug] = @__slug_0
) AS [s]
LEFT JOIN (
    SELECT [p2].[Id], [p2].[Caption], [p2].[CreatedAt], [p2].[CreatedBy], [p2].[DeletedAt], [p2].[DeletedBy], [p2].[DisplayOrder], [p2].[IsDeleted], [p2].[IsPrimary], [p2].[LastModifiedAt], [p2].[LastModifiedBy], [p2].[PropertyId], [p2].[RowVersion], [p2].[Url]
    FROM [PropertyImages] AS [p2]
    WHERE [p2].[IsDeleted] = CAST(0 AS bit)
) AS [p3] ON [s].[Id] = [p3].[PropertyId]
ORDER BY [s].[Id], [s].[Id0], [s].[Id1], [s].[Id2], [p3].[DisplayOrder]
[2026-05-22 18:42:22.570 +07:00 INF] Handled GetPropertyBySlugQuery in 130ms
[2026-05-22 18:42:22.577 +07:00 INF] Handling TrackPropertyViewCommand {"PropertyId":"55335c7c-9e95-4f61-a243-930eb5ea2bf6","UserId":"79ab50a8-ba36-497b-9b82-a73021cc3fff","IpAddress":"::1","UserAgent":"Mozilla/5.0 (Windows NT 10.0; Win64; x64) AppleWebKit/537.36 (KHTML, like Gecko) Chrome/148.0.0.0 Safari/537.36","SessionId":"f316b3e9-a48f-bd64-f0f4-d729d8398004","$type":"TrackPropertyViewCommand"}
[2026-05-22 18:42:22.630 +07:00 INF] Executing OkObjectResult, writing value of type 'VietPropEstate.Application.Features.Properties.DTOs.PropertyDetailDto'.
[2026-05-22 18:42:22.630 +07:00 INF] Executed DbCommand (4ms) [Parameters=[@__id_0='?' (DbType = Guid)], CommandType='"Text"', CommandTimeout='60']
UPDATE [p]
SET [p].[ViewCount] = [p].[ViewCount] + 1
FROM [Properties] AS [p]
WHERE [p].[IsDeleted] = CAST(0 AS bit) AND [p].[Id] = @__id_0
[2026-05-22 18:42:22.652 +07:00 INF] Executed action VietPropEstate.WebAPI.Controllers.PropertiesController.GetBySlug (VietPropEstate.WebAPI) in 214.2074ms
[2026-05-22 18:42:22.654 +07:00 INF] Executed endpoint 'VietPropEstate.WebAPI.Controllers.PropertiesController.GetBySlug (VietPropEstate.WebAPI)'
[2026-05-22 18:42:22.655 +07:00 INF] Executed DbCommand (3ms) [Parameters=[@p0='?' (DbType = Guid), @p1='?' (Size = 45), @p2='?' (DbType = Guid), @p3='?' (Size = 200), @p4='?' (Size = 500), @p5='?' (Size = 450), @p6='?' (DbType = DateTime2)], CommandType='"Text"', CommandTimeout='60']
SET IMPLICIT_TRANSACTIONS OFF;
SET NOCOUNT ON;
INSERT INTO [PropertyViews] ([Id], [IpAddress], [PropertyId], [SessionId], [UserAgent], [UserId], [ViewedAt])
VALUES (@p0, @p1, @p2, @p3, @p4, @p5, @p6);
[2026-05-22 18:42:22.655 +07:00 INF] HTTP GET /api/properties/slug/vn-phng-hng-a-ta-landmark-h-ni-55335c7c responded 200 in 227.3791 ms
[2026-05-22 18:42:22.660 +07:00 INF] Handled TrackPropertyViewCommand in 82ms
[2026-05-22 18:42:22.661 +07:00 INF] Request finished HTTP/1.1 GET http://localhost:5198/api/properties/slug/vn-phng-hng-a-ta-landmark-h-ni-55335c7c - 200 null application/json; charset=utf-8 239.1855ms
[2026-05-22 18:42:22.691 +07:00 INF] Request starting HTTP/1.1 OPTIONS http://localhost:5198/api/favorites/55335c7c-9e95-4f61-a243-930eb5ea2bf6/status - null null
[2026-05-22 18:42:22.695 +07:00 INF] CORS policy execution successful.
[2026-05-22 18:42:22.696 +07:00 INF] Request finished HTTP/1.1 OPTIONS http://localhost:5198/api/favorites/55335c7c-9e95-4f61-a243-930eb5ea2bf6/status - 204 null null 4.781ms
[2026-05-22 18:42:22.701 +07:00 INF] Request starting HTTP/1.1 GET http://localhost:5198/api/favorites/55335c7c-9e95-4f61-a243-930eb5ea2bf6/status - null null
[2026-05-22 18:42:22.704 +07:00 INF] CORS policy execution successful.
[2026-05-22 18:42:22.706 +07:00 INF] Executing endpoint 'VietPropEstate.WebAPI.Controllers.FavoritesController.GetStatus (VietPropEstate.WebAPI)'
[2026-05-22 18:42:22.711 +07:00 INF] Route matched with {action = "GetStatus", controller = "Favorites"}. Executing controller action with signature System.Threading.Tasks.Task`1[Microsoft.AspNetCore.Mvc.IActionResult] GetStatus(System.Guid, System.Threading.CancellationToken) on controller VietPropEstate.WebAPI.Controllers.FavoritesController (VietPropEstate.WebAPI).
[2026-05-22 18:42:22.720 +07:00 INF] Executed DbCommand (2ms) [Parameters=[@___currentUser_UserId_0='?' (Size = 450), @__propertyId_1='?' (DbType = Guid)], CommandType='"Text"', CommandTimeout='60']
SELECT CASE
    WHEN EXISTS (
        SELECT 1
        FROM [Favorites] AS [f]
        WHERE [f].[IsDeleted] = CAST(0 AS bit) AND [f].[UserId] = @___currentUser_UserId_0 AND [f].[PropertyId] = @__propertyId_1 AND [f].[IsDeleted] = CAST(0 AS bit)) THEN CAST(1 AS bit)
    ELSE CAST(0 AS bit)
END
[2026-05-22 18:42:22.723 +07:00 INF] Executing OkObjectResult, writing value of type '<>f__AnonymousType15`1[[System.Boolean, System.Private.CoreLib, Version=9.0.0.0, Culture=neutral, PublicKeyToken=7cec85d7bea7798e]]'.
[2026-05-22 18:42:22.727 +07:00 INF] Executed action VietPropEstate.WebAPI.Controllers.FavoritesController.GetStatus (VietPropEstate.WebAPI) in 14.3425ms
[2026-05-22 18:42:22.729 +07:00 INF] Executed endpoint 'VietPropEstate.WebAPI.Controllers.FavoritesController.GetStatus (VietPropEstate.WebAPI)'
[2026-05-22 18:42:22.731 +07:00 INF] HTTP GET /api/favorites/55335c7c-9e95-4f61-a243-930eb5ea2bf6/status responded 200 in 25.4214 ms
[2026-05-22 18:42:22.733 +07:00 INF] Request finished HTTP/1.1 GET http://localhost:5198/api/favorites/55335c7c-9e95-4f61-a243-930eb5ea2bf6/status - 200 null application/json; charset=utf-8 32.5067ms
[2026-05-22 18:42:32.063 +07:00 INF] Request starting HTTP/1.1 OPTIONS http://localhost:5198/api/properties?pageNumber=1&pageSize=12&provinceCode=1&status=1&sortBy=CreatedAt&sortOrder=Desc - null null
[2026-05-22 18:42:32.066 +07:00 INF] CORS policy execution successful.
[2026-05-22 18:42:32.068 +07:00 INF] Request finished HTTP/1.1 OPTIONS http://localhost:5198/api/properties?pageNumber=1&pageSize=12&provinceCode=1&status=1&sortBy=CreatedAt&sortOrder=Desc - 204 null null 4.9718ms
[2026-05-22 18:42:32.072 +07:00 INF] Request starting HTTP/1.1 GET http://localhost:5198/api/properties?pageNumber=1&pageSize=12&provinceCode=1&status=1&sortBy=CreatedAt&sortOrder=Desc - null null
[2026-05-22 18:42:32.076 +07:00 INF] CORS policy execution successful.
[2026-05-22 18:42:32.078 +07:00 INF] Executing endpoint 'VietPropEstate.WebAPI.Controllers.PropertiesController.GetList (VietPropEstate.WebAPI)'
[2026-05-22 18:42:32.080 +07:00 INF] Route matched with {action = "GetList", controller = "Properties"}. Executing controller action with signature System.Threading.Tasks.Task`1[Microsoft.AspNetCore.Mvc.IActionResult] GetList(Int32, Int32, System.String, System.Nullable`1[System.Guid], System.Nullable`1[System.Guid], System.Nullable`1[VietPropEstate.Domain.Enums.ListingType], System.Nullable`1[VietPropEstate.Domain.Enums.PropertyStatus], System.Nullable`1[System.Int32], System.Nullable`1[System.Int32], System.String, System.Nullable`1[System.Decimal], System.Nullable`1[System.Decimal], System.Nullable`1[System.Decimal], System.Nullable`1[System.Decimal], System.Nullable`1[System.Int32], System.Nullable`1[System.Int32], System.Nullable`1[System.Int32], System.Nullable`1[VietPropEstate.Domain.Enums.PropertyDirection], System.Nullable`1[System.Boolean], System.String, System.String, System.Threading.CancellationToken) on controller VietPropEstate.WebAPI.Controllers.PropertiesController (VietPropEstate.WebAPI).
[2026-05-22 18:42:32.085 +07:00 INF] Handling GetPropertiesListQuery {"PageNumber":1,"PageSize":12,"SearchTerm":null,"PropertyTypeId":null,"TransactionTypeId":null,"ListingType":null,"Status":"Active","ProvinceCode":1,"WardCode":null,"ProvinceName":null,"MinPrice":null,"MaxPrice":null,"MinArea":null,"MaxArea":null,"MinBedrooms":null,"MaxBedrooms":null,"Bathrooms":null,"Direction":null,"IsFeatured":null,"AllStatuses":false,"SortBy":"CreatedAt","SortOrder":"Desc","$type":"GetPropertiesListQuery"}
[2026-05-22 18:42:32.108 +07:00 INF] Executed DbCommand (1ms) [Parameters=[@__status_Value_0='?' (DbType = Int32), @__provinceCode_Value_1='?' (DbType = Int32)], CommandType='"Text"', CommandTimeout='60']
SELECT COUNT(*)
FROM [Properties] AS [p]
WHERE [p].[IsDeleted] = CAST(0 AS bit) AND [p].[Status] = @__status_Value_0 AND [p].[ProvinceCode] = @__provinceCode_Value_1
[2026-05-22 18:42:32.113 +07:00 INF] Executed DbCommand (1ms) [Parameters=[@__status_Value_0='?' (DbType = Int32), @__provinceCode_Value_1='?' (DbType = Int32), @__p_2='?' (DbType = Int32), @__p_3='?' (DbType = Int32)], CommandType='"Text"', CommandTimeout='60']
SELECT [p1].[Id], [p1].[AgentId], [p1].[Area], [p1].[CreatedAt], [p1].[CreatedBy], [p1].[DeletedAt], [p1].[DeletedBy], [p1].[Description], [p1].[Direction], [p1].[ExpiresAt], [p1].[FullAddress], [p1].[IsDeleted], [p1].[IsFeatured], [p1].[LastModifiedAt], [p1].[LastModifiedBy], [p1].[Latitude], [p1].[ListingType], [p1].[Longitude], [p1].[NumberOfBathrooms], [p1].[NumberOfBedrooms], [p1].[NumberOfFloors], [p1].[PropertyTypeId], [p1].[ProvinceCode], [p1].[ProvinceName], [p1].[PublishedAt], [p1].[RowVersion], [p1].[Slug], [p1].[Status], [p1].[Title], [p1].[TransactionTypeId], [p1].[VideoUrl], [p1].[ViewCount], [p1].[WardCode], [p1].[WardName], [p1].[AddressCountry], [p1].[AddressDistrict], [p1].[AddressLatitude], [p1].[AddressLongitude], [p1].[AddressProvince], [p1].[Street], [p1].[AddressWard], [p1].[PriceAmount], [p1].[PriceCurrency], [p2].[Id], [p2].[CreatedAt], [p2].[CreatedBy], [p2].[DeletedAt], [p2].[DeletedBy], [p2].[Description], [p2].[IsActive], [p2].[IsDeleted], [p2].[LastModifiedAt], [p2].[LastModifiedBy], [p2].[Name], [p2].[RowVersion], [a0].[Id], [a0].[AgencyName], [a0].[AvatarUrl], [a0].[Bio], [a0].[CreatedAt], [a0].[CreatedBy], [a0].[DeletedAt], [a0].[DeletedBy], [a0].[Email], [a0].[FullName], [a0].[IsActive], [a0].[IsDeleted], [a0].[LastModifiedAt], [a0].[LastModifiedBy], [a0].[LicenseNumber], [a0].[PhoneNumber], [a0].[RowVersion], [a0].[UserId], [t0].[Id], [t0].[CreatedAt], [t0].[CreatedBy], [t0].[DeletedAt], [t0].[DeletedBy], [t0].[Description], [t0].[IsActive], [t0].[IsDeleted], [t0].[LastModifiedAt], [t0].[LastModifiedBy], [t0].[Name], [t0].[RowVersion], [p4].[Id], [p4].[Caption], [p4].[CreatedAt], [p4].[CreatedBy], [p4].[DeletedAt], [p4].[DeletedBy], [p4].[DisplayOrder], [p4].[IsDeleted], [p4].[IsPrimary], [p4].[LastModifiedAt], [p4].[LastModifiedBy], [p4].[PropertyId], [p4].[RowVersion], [p4].[Url]
FROM (
    SELECT [p].[Id], [p].[AgentId], [p].[Area], [p].[CreatedAt], [p].[CreatedBy], [p].[DeletedAt], [p].[DeletedBy], [p].[Description], [p].[Direction], [p].[ExpiresAt], [p].[FullAddress], [p].[IsDeleted], [p].[IsFeatured], [p].[LastModifiedAt], [p].[LastModifiedBy], [p].[Latitude], [p].[ListingType], [p].[Longitude], [p].[NumberOfBathrooms], [p].[NumberOfBedrooms], [p].[NumberOfFloors], [p].[PropertyTypeId], [p].[ProvinceCode], [p].[ProvinceName], [p].[PublishedAt], [p].[RowVersion], [p].[Slug], [p].[Status], [p].[Title], [p].[TransactionTypeId], [p].[VideoUrl], [p].[ViewCount], [p].[WardCode], [p].[WardName], [p].[AddressCountry], [p].[AddressDistrict], [p].[AddressLatitude], [p].[AddressLongitude], [p].[AddressProvince], [p].[Street], [p].[AddressWard], [p].[PriceAmount], [p].[PriceCurrency]
    FROM [Properties] AS [p]
    WHERE [p].[IsDeleted] = CAST(0 AS bit) AND [p].[Status] = @__status_Value_0 AND [p].[ProvinceCode] = @__provinceCode_Value_1
    ORDER BY [p].[IsFeatured] DESC, [p].[CreatedAt] DESC
    OFFSET @__p_2 ROWS FETCH NEXT @__p_3 ROWS ONLY
) AS [p1]
INNER JOIN (
    SELECT [p0].[Id], [p0].[CreatedAt], [p0].[CreatedBy], [p0].[DeletedAt], [p0].[DeletedBy], [p0].[Description], [p0].[IsActive], [p0].[IsDeleted], [p0].[LastModifiedAt], [p0].[LastModifiedBy], [p0].[Name], [p0].[RowVersion]
    FROM [PropertyTypes] AS [p0]
    WHERE [p0].[IsDeleted] = CAST(0 AS bit)
) AS [p2] ON [p1].[PropertyTypeId] = [p2].[Id]
INNER JOIN (
    SELECT [a].[Id], [a].[AgencyName], [a].[AvatarUrl], [a].[Bio], [a].[CreatedAt], [a].[CreatedBy], [a].[DeletedAt], [a].[DeletedBy], [a].[Email], [a].[FullName], [a].[IsActive], [a].[IsDeleted], [a].[LastModifiedAt], [a].[LastModifiedBy], [a].[LicenseNumber], [a].[PhoneNumber], [a].[RowVersion], [a].[UserId]
    FROM [Agents] AS [a]
    WHERE [a].[IsDeleted] = CAST(0 AS bit)
) AS [a0] ON [p1].[AgentId] = [a0].[Id]
LEFT JOIN (
    SELECT [t].[Id], [t].[CreatedAt], [t].[CreatedBy], [t].[DeletedAt], [t].[DeletedBy], [t].[Description], [t].[IsActive], [t].[IsDeleted], [t].[LastModifiedAt], [t].[LastModifiedBy], [t].[Name], [t].[RowVersion]
    FROM [TransactionTypes] AS [t]
    WHERE [t].[IsDeleted] = CAST(0 AS bit)
) AS [t0] ON [p1].[TransactionTypeId] = [t0].[Id]
LEFT JOIN (
    SELECT [p3].[Id], [p3].[Caption], [p3].[CreatedAt], [p3].[CreatedBy], [p3].[DeletedAt], [p3].[DeletedBy], [p3].[DisplayOrder], [p3].[IsDeleted], [p3].[IsPrimary], [p3].[LastModifiedAt], [p3].[LastModifiedBy], [p3].[PropertyId], [p3].[RowVersion], [p3].[Url]
    FROM [PropertyImages] AS [p3]
    WHERE [p3].[IsDeleted] = CAST(0 AS bit)
) AS [p4] ON [p1].[Id] = [p4].[PropertyId]
ORDER BY [p1].[IsFeatured] DESC, [p1].[CreatedAt] DESC, [p1].[Id], [p2].[Id], [a0].[Id], [t0].[Id]
[2026-05-22 18:42:32.119 +07:00 INF] Handled GetPropertiesListQuery in 33ms
[2026-05-22 18:42:32.120 +07:00 INF] Executing OkObjectResult, writing value of type 'VietPropEstate.Application.Common.Models.PaginatedList`1[[VietPropEstate.Application.Features.Properties.DTOs.PropertyDto, VietPropEstate.Application, Version=1.0.0.0, Culture=neutral, PublicKeyToken=null]]'.
[2026-05-22 18:42:32.123 +07:00 INF] Executed action VietPropEstate.WebAPI.Controllers.PropertiesController.GetList (VietPropEstate.WebAPI) in 39.5051ms
[2026-05-22 18:42:32.125 +07:00 INF] Executed endpoint 'VietPropEstate.WebAPI.Controllers.PropertiesController.GetList (VietPropEstate.WebAPI)'
[2026-05-22 18:42:32.126 +07:00 INF] HTTP GET /api/properties responded 200 in 48.4236 ms
[2026-05-22 18:42:32.129 +07:00 INF] Request finished HTTP/1.1 GET http://localhost:5198/api/properties?pageNumber=1&pageSize=12&provinceCode=1&status=1&sortBy=CreatedAt&sortOrder=Desc - 200 null application/json; charset=utf-8 56.6639ms
[2026-05-22 18:42:34.669 +07:00 INF] Request starting HTTP/1.1 OPTIONS http://localhost:5198/api/properties?pageNumber=1&pageSize=3&isFeatured=True&status=1&sortBy=CreatedAt&sortOrder=Desc - null null
[2026-05-22 18:42:34.669 +07:00 INF] Request starting HTTP/1.1 OPTIONS http://localhost:5198/api/properties?pageNumber=1&pageSize=6&status=1&sortBy=CreatedAt&sortOrder=Desc - null null
[2026-05-22 18:42:34.672 +07:00 INF] CORS policy execution successful.
[2026-05-22 18:42:34.675 +07:00 INF] CORS policy execution successful.
[2026-05-22 18:42:34.676 +07:00 INF] Request finished HTTP/1.1 OPTIONS http://localhost:5198/api/properties?pageNumber=1&pageSize=3&isFeatured=True&status=1&sortBy=CreatedAt&sortOrder=Desc - 204 null null 7.0634ms
[2026-05-22 18:42:34.677 +07:00 INF] Request finished HTTP/1.1 OPTIONS http://localhost:5198/api/properties?pageNumber=1&pageSize=6&status=1&sortBy=CreatedAt&sortOrder=Desc - 204 null null 7.9359ms
[2026-05-22 18:42:34.682 +07:00 INF] Request starting HTTP/1.1 GET http://localhost:5198/api/properties?pageNumber=1&pageSize=3&isFeatured=True&status=1&sortBy=CreatedAt&sortOrder=Desc - null null
[2026-05-22 18:42:34.687 +07:00 INF] Request starting HTTP/1.1 GET http://localhost:5198/api/properties?pageNumber=1&pageSize=6&status=1&sortBy=CreatedAt&sortOrder=Desc - null null
[2026-05-22 18:42:34.690 +07:00 INF] CORS policy execution successful.
[2026-05-22 18:42:34.694 +07:00 INF] CORS policy execution successful.
[2026-05-22 18:42:34.696 +07:00 INF] Executing endpoint 'VietPropEstate.WebAPI.Controllers.PropertiesController.GetList (VietPropEstate.WebAPI)'
[2026-05-22 18:42:34.697 +07:00 INF] Executing endpoint 'VietPropEstate.WebAPI.Controllers.PropertiesController.GetList (VietPropEstate.WebAPI)'
[2026-05-22 18:42:34.698 +07:00 INF] Route matched with {action = "GetList", controller = "Properties"}. Executing controller action with signature System.Threading.Tasks.Task`1[Microsoft.AspNetCore.Mvc.IActionResult] GetList(Int32, Int32, System.String, System.Nullable`1[System.Guid], System.Nullable`1[System.Guid], System.Nullable`1[VietPropEstate.Domain.Enums.ListingType], System.Nullable`1[VietPropEstate.Domain.Enums.PropertyStatus], System.Nullable`1[System.Int32], System.Nullable`1[System.Int32], System.String, System.Nullable`1[System.Decimal], System.Nullable`1[System.Decimal], System.Nullable`1[System.Decimal], System.Nullable`1[System.Decimal], System.Nullable`1[System.Int32], System.Nullable`1[System.Int32], System.Nullable`1[System.Int32], System.Nullable`1[VietPropEstate.Domain.Enums.PropertyDirection], System.Nullable`1[System.Boolean], System.String, System.String, System.Threading.CancellationToken) on controller VietPropEstate.WebAPI.Controllers.PropertiesController (VietPropEstate.WebAPI).
[2026-05-22 18:42:34.700 +07:00 INF] Route matched with {action = "GetList", controller = "Properties"}. Executing controller action with signature System.Threading.Tasks.Task`1[Microsoft.AspNetCore.Mvc.IActionResult] GetList(Int32, Int32, System.String, System.Nullable`1[System.Guid], System.Nullable`1[System.Guid], System.Nullable`1[VietPropEstate.Domain.Enums.ListingType], System.Nullable`1[VietPropEstate.Domain.Enums.PropertyStatus], System.Nullable`1[System.Int32], System.Nullable`1[System.Int32], System.String, System.Nullable`1[System.Decimal], System.Nullable`1[System.Decimal], System.Nullable`1[System.Decimal], System.Nullable`1[System.Decimal], System.Nullable`1[System.Int32], System.Nullable`1[System.Int32], System.Nullable`1[System.Int32], System.Nullable`1[VietPropEstate.Domain.Enums.PropertyDirection], System.Nullable`1[System.Boolean], System.String, System.String, System.Threading.CancellationToken) on controller VietPropEstate.WebAPI.Controllers.PropertiesController (VietPropEstate.WebAPI).
[2026-05-22 18:42:34.705 +07:00 INF] Handling GetPropertiesListQuery {"PageNumber":1,"PageSize":3,"SearchTerm":null,"PropertyTypeId":null,"TransactionTypeId":null,"ListingType":null,"Status":"Active","ProvinceCode":null,"WardCode":null,"ProvinceName":null,"MinPrice":null,"MaxPrice":null,"MinArea":null,"MaxArea":null,"MinBedrooms":null,"MaxBedrooms":null,"Bathrooms":null,"Direction":null,"IsFeatured":true,"AllStatuses":false,"SortBy":"CreatedAt","SortOrder":"Desc","$type":"GetPropertiesListQuery"}
[2026-05-22 18:42:34.708 +07:00 INF] Handling GetPropertiesListQuery {"PageNumber":1,"PageSize":6,"SearchTerm":null,"PropertyTypeId":null,"TransactionTypeId":null,"ListingType":null,"Status":"Active","ProvinceCode":null,"WardCode":null,"ProvinceName":null,"MinPrice":null,"MaxPrice":null,"MinArea":null,"MaxArea":null,"MinBedrooms":null,"MaxBedrooms":null,"Bathrooms":null,"Direction":null,"IsFeatured":null,"AllStatuses":false,"SortBy":"CreatedAt","SortOrder":"Desc","$type":"GetPropertiesListQuery"}
[2026-05-22 18:42:34.730 +07:00 INF] Executed DbCommand (1ms) [Parameters=[@__status_Value_0='?' (DbType = Int32), @__isFeatured_Value_1='?' (DbType = Boolean)], CommandType='"Text"', CommandTimeout='60']
SELECT COUNT(*)
FROM [Properties] AS [p]
WHERE [p].[IsDeleted] = CAST(0 AS bit) AND [p].[Status] = @__status_Value_0 AND [p].[IsFeatured] = @__isFeatured_Value_1
[2026-05-22 18:42:34.751 +07:00 INF] Executed DbCommand (1ms) [Parameters=[@__status_Value_0='?' (DbType = Int32)], CommandType='"Text"', CommandTimeout='60']
SELECT COUNT(*)
FROM [Properties] AS [p]
WHERE [p].[IsDeleted] = CAST(0 AS bit) AND [p].[Status] = @__status_Value_0
[2026-05-22 18:42:34.754 +07:00 INF] Executed DbCommand (1ms) [Parameters=[@__status_Value_0='?' (DbType = Int32), @__isFeatured_Value_1='?' (DbType = Boolean), @__p_2='?' (DbType = Int32), @__p_3='?' (DbType = Int32)], CommandType='"Text"', CommandTimeout='60']
SELECT [p1].[Id], [p1].[AgentId], [p1].[Area], [p1].[CreatedAt], [p1].[CreatedBy], [p1].[DeletedAt], [p1].[DeletedBy], [p1].[Description], [p1].[Direction], [p1].[ExpiresAt], [p1].[FullAddress], [p1].[IsDeleted], [p1].[IsFeatured], [p1].[LastModifiedAt], [p1].[LastModifiedBy], [p1].[Latitude], [p1].[ListingType], [p1].[Longitude], [p1].[NumberOfBathrooms], [p1].[NumberOfBedrooms], [p1].[NumberOfFloors], [p1].[PropertyTypeId], [p1].[ProvinceCode], [p1].[ProvinceName], [p1].[PublishedAt], [p1].[RowVersion], [p1].[Slug], [p1].[Status], [p1].[Title], [p1].[TransactionTypeId], [p1].[VideoUrl], [p1].[ViewCount], [p1].[WardCode], [p1].[WardName], [p1].[AddressCountry], [p1].[AddressDistrict], [p1].[AddressLatitude], [p1].[AddressLongitude], [p1].[AddressProvince], [p1].[Street], [p1].[AddressWard], [p1].[PriceAmount], [p1].[PriceCurrency], [p2].[Id], [p2].[CreatedAt], [p2].[CreatedBy], [p2].[DeletedAt], [p2].[DeletedBy], [p2].[Description], [p2].[IsActive], [p2].[IsDeleted], [p2].[LastModifiedAt], [p2].[LastModifiedBy], [p2].[Name], [p2].[RowVersion], [a0].[Id], [a0].[AgencyName], [a0].[AvatarUrl], [a0].[Bio], [a0].[CreatedAt], [a0].[CreatedBy], [a0].[DeletedAt], [a0].[DeletedBy], [a0].[Email], [a0].[FullName], [a0].[IsActive], [a0].[IsDeleted], [a0].[LastModifiedAt], [a0].[LastModifiedBy], [a0].[LicenseNumber], [a0].[PhoneNumber], [a0].[RowVersion], [a0].[UserId], [t0].[Id], [t0].[CreatedAt], [t0].[CreatedBy], [t0].[DeletedAt], [t0].[DeletedBy], [t0].[Description], [t0].[IsActive], [t0].[IsDeleted], [t0].[LastModifiedAt], [t0].[LastModifiedBy], [t0].[Name], [t0].[RowVersion], [p4].[Id], [p4].[Caption], [p4].[CreatedAt], [p4].[CreatedBy], [p4].[DeletedAt], [p4].[DeletedBy], [p4].[DisplayOrder], [p4].[IsDeleted], [p4].[IsPrimary], [p4].[LastModifiedAt], [p4].[LastModifiedBy], [p4].[PropertyId], [p4].[RowVersion], [p4].[Url]
FROM (
    SELECT [p].[Id], [p].[AgentId], [p].[Area], [p].[CreatedAt], [p].[CreatedBy], [p].[DeletedAt], [p].[DeletedBy], [p].[Description], [p].[Direction], [p].[ExpiresAt], [p].[FullAddress], [p].[IsDeleted], [p].[IsFeatured], [p].[LastModifiedAt], [p].[LastModifiedBy], [p].[Latitude], [p].[ListingType], [p].[Longitude], [p].[NumberOfBathrooms], [p].[NumberOfBedrooms], [p].[NumberOfFloors], [p].[PropertyTypeId], [p].[ProvinceCode], [p].[ProvinceName], [p].[PublishedAt], [p].[RowVersion], [p].[Slug], [p].[Status], [p].[Title], [p].[TransactionTypeId], [p].[VideoUrl], [p].[ViewCount], [p].[WardCode], [p].[WardName], [p].[AddressCountry], [p].[AddressDistrict], [p].[AddressLatitude], [p].[AddressLongitude], [p].[AddressProvince], [p].[Street], [p].[AddressWard], [p].[PriceAmount], [p].[PriceCurrency]
    FROM [Properties] AS [p]
    WHERE [p].[IsDeleted] = CAST(0 AS bit) AND [p].[Status] = @__status_Value_0 AND [p].[IsFeatured] = @__isFeatured_Value_1
    ORDER BY [p].[IsFeatured] DESC, [p].[CreatedAt] DESC
    OFFSET @__p_2 ROWS FETCH NEXT @__p_3 ROWS ONLY
) AS [p1]
INNER JOIN (
    SELECT [p0].[Id], [p0].[CreatedAt], [p0].[CreatedBy], [p0].[DeletedAt], [p0].[DeletedBy], [p0].[Description], [p0].[IsActive], [p0].[IsDeleted], [p0].[LastModifiedAt], [p0].[LastModifiedBy], [p0].[Name], [p0].[RowVersion]
    FROM [PropertyTypes] AS [p0]
    WHERE [p0].[IsDeleted] = CAST(0 AS bit)
) AS [p2] ON [p1].[PropertyTypeId] = [p2].[Id]
INNER JOIN (
    SELECT [a].[Id], [a].[AgencyName], [a].[AvatarUrl], [a].[Bio], [a].[CreatedAt], [a].[CreatedBy], [a].[DeletedAt], [a].[DeletedBy], [a].[Email], [a].[FullName], [a].[IsActive], [a].[IsDeleted], [a].[LastModifiedAt], [a].[LastModifiedBy], [a].[LicenseNumber], [a].[PhoneNumber], [a].[RowVersion], [a].[UserId]
    FROM [Agents] AS [a]
    WHERE [a].[IsDeleted] = CAST(0 AS bit)
) AS [a0] ON [p1].[AgentId] = [a0].[Id]
LEFT JOIN (
    SELECT [t].[Id], [t].[CreatedAt], [t].[CreatedBy], [t].[DeletedAt], [t].[DeletedBy], [t].[Description], [t].[IsActive], [t].[IsDeleted], [t].[LastModifiedAt], [t].[LastModifiedBy], [t].[Name], [t].[RowVersion]
    FROM [TransactionTypes] AS [t]
    WHERE [t].[IsDeleted] = CAST(0 AS bit)
) AS [t0] ON [p1].[TransactionTypeId] = [t0].[Id]
LEFT JOIN (
    SELECT [p3].[Id], [p3].[Caption], [p3].[CreatedAt], [p3].[CreatedBy], [p3].[DeletedAt], [p3].[DeletedBy], [p3].[DisplayOrder], [p3].[IsDeleted], [p3].[IsPrimary], [p3].[LastModifiedAt], [p3].[LastModifiedBy], [p3].[PropertyId], [p3].[RowVersion], [p3].[Url]
    FROM [PropertyImages] AS [p3]
    WHERE [p3].[IsDeleted] = CAST(0 AS bit)
) AS [p4] ON [p1].[Id] = [p4].[PropertyId]
ORDER BY [p1].[IsFeatured] DESC, [p1].[CreatedAt] DESC, [p1].[Id], [p2].[Id], [a0].[Id], [t0].[Id]
[2026-05-22 18:42:34.757 +07:00 INF] Executed DbCommand (1ms) [Parameters=[@__status_Value_0='?' (DbType = Int32), @__p_1='?' (DbType = Int32), @__p_2='?' (DbType = Int32)], CommandType='"Text"', CommandTimeout='60']
SELECT [p1].[Id], [p1].[AgentId], [p1].[Area], [p1].[CreatedAt], [p1].[CreatedBy], [p1].[DeletedAt], [p1].[DeletedBy], [p1].[Description], [p1].[Direction], [p1].[ExpiresAt], [p1].[FullAddress], [p1].[IsDeleted], [p1].[IsFeatured], [p1].[LastModifiedAt], [p1].[LastModifiedBy], [p1].[Latitude], [p1].[ListingType], [p1].[Longitude], [p1].[NumberOfBathrooms], [p1].[NumberOfBedrooms], [p1].[NumberOfFloors], [p1].[PropertyTypeId], [p1].[ProvinceCode], [p1].[ProvinceName], [p1].[PublishedAt], [p1].[RowVersion], [p1].[Slug], [p1].[Status], [p1].[Title], [p1].[TransactionTypeId], [p1].[VideoUrl], [p1].[ViewCount], [p1].[WardCode], [p1].[WardName], [p1].[AddressCountry], [p1].[AddressDistrict], [p1].[AddressLatitude], [p1].[AddressLongitude], [p1].[AddressProvince], [p1].[Street], [p1].[AddressWard], [p1].[PriceAmount], [p1].[PriceCurrency], [p2].[Id], [p2].[CreatedAt], [p2].[CreatedBy], [p2].[DeletedAt], [p2].[DeletedBy], [p2].[Description], [p2].[IsActive], [p2].[IsDeleted], [p2].[LastModifiedAt], [p2].[LastModifiedBy], [p2].[Name], [p2].[RowVersion], [a0].[Id], [a0].[AgencyName], [a0].[AvatarUrl], [a0].[Bio], [a0].[CreatedAt], [a0].[CreatedBy], [a0].[DeletedAt], [a0].[DeletedBy], [a0].[Email], [a0].[FullName], [a0].[IsActive], [a0].[IsDeleted], [a0].[LastModifiedAt], [a0].[LastModifiedBy], [a0].[LicenseNumber], [a0].[PhoneNumber], [a0].[RowVersion], [a0].[UserId], [t0].[Id], [t0].[CreatedAt], [t0].[CreatedBy], [t0].[DeletedAt], [t0].[DeletedBy], [t0].[Description], [t0].[IsActive], [t0].[IsDeleted], [t0].[LastModifiedAt], [t0].[LastModifiedBy], [t0].[Name], [t0].[RowVersion], [p4].[Id], [p4].[Caption], [p4].[CreatedAt], [p4].[CreatedBy], [p4].[DeletedAt], [p4].[DeletedBy], [p4].[DisplayOrder], [p4].[IsDeleted], [p4].[IsPrimary], [p4].[LastModifiedAt], [p4].[LastModifiedBy], [p4].[PropertyId], [p4].[RowVersion], [p4].[Url]
FROM (
    SELECT [p].[Id], [p].[AgentId], [p].[Area], [p].[CreatedAt], [p].[CreatedBy], [p].[DeletedAt], [p].[DeletedBy], [p].[Description], [p].[Direction], [p].[ExpiresAt], [p].[FullAddress], [p].[IsDeleted], [p].[IsFeatured], [p].[LastModifiedAt], [p].[LastModifiedBy], [p].[Latitude], [p].[ListingType], [p].[Longitude], [p].[NumberOfBathrooms], [p].[NumberOfBedrooms], [p].[NumberOfFloors], [p].[PropertyTypeId], [p].[ProvinceCode], [p].[ProvinceName], [p].[PublishedAt], [p].[RowVersion], [p].[Slug], [p].[Status], [p].[Title], [p].[TransactionTypeId], [p].[VideoUrl], [p].[ViewCount], [p].[WardCode], [p].[WardName], [p].[AddressCountry], [p].[AddressDistrict], [p].[AddressLatitude], [p].[AddressLongitude], [p].[AddressProvince], [p].[Street], [p].[AddressWard], [p].[PriceAmount], [p].[PriceCurrency]
    FROM [Properties] AS [p]
    WHERE [p].[IsDeleted] = CAST(0 AS bit) AND [p].[Status] = @__status_Value_0
    ORDER BY [p].[IsFeatured] DESC, [p].[CreatedAt] DESC
    OFFSET @__p_1 ROWS FETCH NEXT @__p_2 ROWS ONLY
) AS [p1]
INNER JOIN (
    SELECT [p0].[Id], [p0].[CreatedAt], [p0].[CreatedBy], [p0].[DeletedAt], [p0].[DeletedBy], [p0].[Description], [p0].[IsActive], [p0].[IsDeleted], [p0].[LastModifiedAt], [p0].[LastModifiedBy], [p0].[Name], [p0].[RowVersion]
    FROM [PropertyTypes] AS [p0]
    WHERE [p0].[IsDeleted] = CAST(0 AS bit)
) AS [p2] ON [p1].[PropertyTypeId] = [p2].[Id]
INNER JOIN (
    SELECT [a].[Id], [a].[AgencyName], [a].[AvatarUrl], [a].[Bio], [a].[CreatedAt], [a].[CreatedBy], [a].[DeletedAt], [a].[DeletedBy], [a].[Email], [a].[FullName], [a].[IsActive], [a].[IsDeleted], [a].[LastModifiedAt], [a].[LastModifiedBy], [a].[LicenseNumber], [a].[PhoneNumber], [a].[RowVersion], [a].[UserId]
    FROM [Agents] AS [a]
    WHERE [a].[IsDeleted] = CAST(0 AS bit)
) AS [a0] ON [p1].[AgentId] = [a0].[Id]
LEFT JOIN (
    SELECT [t].[Id], [t].[CreatedAt], [t].[CreatedBy], [t].[DeletedAt], [t].[DeletedBy], [t].[Description], [t].[IsActive], [t].[IsDeleted], [t].[LastModifiedAt], [t].[LastModifiedBy], [t].[Name], [t].[RowVersion]
    FROM [TransactionTypes] AS [t]
    WHERE [t].[IsDeleted] = CAST(0 AS bit)
) AS [t0] ON [p1].[TransactionTypeId] = [t0].[Id]
LEFT JOIN (
    SELECT [p3].[Id], [p3].[Caption], [p3].[CreatedAt], [p3].[CreatedBy], [p3].[DeletedAt], [p3].[DeletedBy], [p3].[DisplayOrder], [p3].[IsDeleted], [p3].[IsPrimary], [p3].[LastModifiedAt], [p3].[LastModifiedBy], [p3].[PropertyId], [p3].[RowVersion], [p3].[Url]
    FROM [PropertyImages] AS [p3]
    WHERE [p3].[IsDeleted] = CAST(0 AS bit)
) AS [p4] ON [p1].[Id] = [p4].[PropertyId]
ORDER BY [p1].[IsFeatured] DESC, [p1].[CreatedAt] DESC, [p1].[Id], [p2].[Id], [a0].[Id], [t0].[Id]
[2026-05-22 18:42:34.762 +07:00 INF] Handled GetPropertiesListQuery in 56ms
[2026-05-22 18:42:34.767 +07:00 INF] Handled GetPropertiesListQuery in 59ms
[2026-05-22 18:42:34.768 +07:00 INF] Executing OkObjectResult, writing value of type 'VietPropEstate.Application.Common.Models.PaginatedList`1[[VietPropEstate.Application.Features.Properties.DTOs.PropertyDto, VietPropEstate.Application, Version=1.0.0.0, Culture=neutral, PublicKeyToken=null]]'.
[2026-05-22 18:42:34.770 +07:00 INF] Executing OkObjectResult, writing value of type 'VietPropEstate.Application.Common.Models.PaginatedList`1[[VietPropEstate.Application.Features.Properties.DTOs.PropertyDto, VietPropEstate.Application, Version=1.0.0.0, Culture=neutral, PublicKeyToken=null]]'.
[2026-05-22 18:42:34.772 +07:00 INF] Executed action VietPropEstate.WebAPI.Controllers.PropertiesController.GetList (VietPropEstate.WebAPI) in 68.8914ms
[2026-05-22 18:42:34.773 +07:00 INF] Executed action VietPropEstate.WebAPI.Controllers.PropertiesController.GetList (VietPropEstate.WebAPI) in 67.3394ms
[2026-05-22 18:42:34.775 +07:00 INF] Executed endpoint 'VietPropEstate.WebAPI.Controllers.PropertiesController.GetList (VietPropEstate.WebAPI)'
[2026-05-22 18:42:34.777 +07:00 INF] Executed endpoint 'VietPropEstate.WebAPI.Controllers.PropertiesController.GetList (VietPropEstate.WebAPI)'
[2026-05-22 18:42:34.778 +07:00 INF] HTTP GET /api/properties responded 200 in 83.0870 ms
[2026-05-22 18:42:34.780 +07:00 INF] HTTP GET /api/properties responded 200 in 83.4044 ms
[2026-05-22 18:42:34.783 +07:00 INF] Request finished HTTP/1.1 GET http://localhost:5198/api/properties?pageNumber=1&pageSize=3&isFeatured=True&status=1&sortBy=CreatedAt&sortOrder=Desc - 200 null application/json; charset=utf-8 100.993ms
[2026-05-22 18:42:34.786 +07:00 INF] Request finished HTTP/1.1 GET http://localhost:5198/api/properties?pageNumber=1&pageSize=6&status=1&sortBy=CreatedAt&sortOrder=Desc - 200 null application/json; charset=utf-8 99.2302ms
[2026-05-22 18:42:37.482 +07:00 INF] Request starting HTTP/1.1 OPTIONS http://localhost:5198/api/properties?pageNumber=1&pageSize=12&status=1&sortBy=CreatedAt&sortOrder=Desc - null null
[2026-05-22 18:42:37.486 +07:00 INF] CORS policy execution successful.
[2026-05-22 18:42:37.487 +07:00 INF] Request finished HTTP/1.1 OPTIONS http://localhost:5198/api/properties?pageNumber=1&pageSize=12&status=1&sortBy=CreatedAt&sortOrder=Desc - 204 null null 4.6734ms
[2026-05-22 18:42:37.492 +07:00 INF] Request starting HTTP/1.1 GET http://localhost:5198/api/properties?pageNumber=1&pageSize=12&status=1&sortBy=CreatedAt&sortOrder=Desc - null null
[2026-05-22 18:42:37.496 +07:00 INF] CORS policy execution successful.
[2026-05-22 18:42:37.497 +07:00 INF] Executing endpoint 'VietPropEstate.WebAPI.Controllers.PropertiesController.GetList (VietPropEstate.WebAPI)'
[2026-05-22 18:42:37.499 +07:00 INF] Route matched with {action = "GetList", controller = "Properties"}. Executing controller action with signature System.Threading.Tasks.Task`1[Microsoft.AspNetCore.Mvc.IActionResult] GetList(Int32, Int32, System.String, System.Nullable`1[System.Guid], System.Nullable`1[System.Guid], System.Nullable`1[VietPropEstate.Domain.Enums.ListingType], System.Nullable`1[VietPropEstate.Domain.Enums.PropertyStatus], System.Nullable`1[System.Int32], System.Nullable`1[System.Int32], System.String, System.Nullable`1[System.Decimal], System.Nullable`1[System.Decimal], System.Nullable`1[System.Decimal], System.Nullable`1[System.Decimal], System.Nullable`1[System.Int32], System.Nullable`1[System.Int32], System.Nullable`1[System.Int32], System.Nullable`1[VietPropEstate.Domain.Enums.PropertyDirection], System.Nullable`1[System.Boolean], System.String, System.String, System.Threading.CancellationToken) on controller VietPropEstate.WebAPI.Controllers.PropertiesController (VietPropEstate.WebAPI).
[2026-05-22 18:42:37.504 +07:00 INF] Handling GetPropertiesListQuery {"PageNumber":1,"PageSize":12,"SearchTerm":null,"PropertyTypeId":null,"TransactionTypeId":null,"ListingType":null,"Status":"Active","ProvinceCode":null,"WardCode":null,"ProvinceName":null,"MinPrice":null,"MaxPrice":null,"MinArea":null,"MaxArea":null,"MinBedrooms":null,"MaxBedrooms":null,"Bathrooms":null,"Direction":null,"IsFeatured":null,"AllStatuses":false,"SortBy":"CreatedAt","SortOrder":"Desc","$type":"GetPropertiesListQuery"}
[2026-05-22 18:42:37.525 +07:00 INF] Executed DbCommand (1ms) [Parameters=[@__status_Value_0='?' (DbType = Int32)], CommandType='"Text"', CommandTimeout='60']
SELECT COUNT(*)
FROM [Properties] AS [p]
WHERE [p].[IsDeleted] = CAST(0 AS bit) AND [p].[Status] = @__status_Value_0
[2026-05-22 18:42:37.530 +07:00 INF] Executed DbCommand (1ms) [Parameters=[@__status_Value_0='?' (DbType = Int32), @__p_1='?' (DbType = Int32), @__p_2='?' (DbType = Int32)], CommandType='"Text"', CommandTimeout='60']
SELECT [p1].[Id], [p1].[AgentId], [p1].[Area], [p1].[CreatedAt], [p1].[CreatedBy], [p1].[DeletedAt], [p1].[DeletedBy], [p1].[Description], [p1].[Direction], [p1].[ExpiresAt], [p1].[FullAddress], [p1].[IsDeleted], [p1].[IsFeatured], [p1].[LastModifiedAt], [p1].[LastModifiedBy], [p1].[Latitude], [p1].[ListingType], [p1].[Longitude], [p1].[NumberOfBathrooms], [p1].[NumberOfBedrooms], [p1].[NumberOfFloors], [p1].[PropertyTypeId], [p1].[ProvinceCode], [p1].[ProvinceName], [p1].[PublishedAt], [p1].[RowVersion], [p1].[Slug], [p1].[Status], [p1].[Title], [p1].[TransactionTypeId], [p1].[VideoUrl], [p1].[ViewCount], [p1].[WardCode], [p1].[WardName], [p1].[AddressCountry], [p1].[AddressDistrict], [p1].[AddressLatitude], [p1].[AddressLongitude], [p1].[AddressProvince], [p1].[Street], [p1].[AddressWard], [p1].[PriceAmount], [p1].[PriceCurrency], [p2].[Id], [p2].[CreatedAt], [p2].[CreatedBy], [p2].[DeletedAt], [p2].[DeletedBy], [p2].[Description], [p2].[IsActive], [p2].[IsDeleted], [p2].[LastModifiedAt], [p2].[LastModifiedBy], [p2].[Name], [p2].[RowVersion], [a0].[Id], [a0].[AgencyName], [a0].[AvatarUrl], [a0].[Bio], [a0].[CreatedAt], [a0].[CreatedBy], [a0].[DeletedAt], [a0].[DeletedBy], [a0].[Email], [a0].[FullName], [a0].[IsActive], [a0].[IsDeleted], [a0].[LastModifiedAt], [a0].[LastModifiedBy], [a0].[LicenseNumber], [a0].[PhoneNumber], [a0].[RowVersion], [a0].[UserId], [t0].[Id], [t0].[CreatedAt], [t0].[CreatedBy], [t0].[DeletedAt], [t0].[DeletedBy], [t0].[Description], [t0].[IsActive], [t0].[IsDeleted], [t0].[LastModifiedAt], [t0].[LastModifiedBy], [t0].[Name], [t0].[RowVersion], [p4].[Id], [p4].[Caption], [p4].[CreatedAt], [p4].[CreatedBy], [p4].[DeletedAt], [p4].[DeletedBy], [p4].[DisplayOrder], [p4].[IsDeleted], [p4].[IsPrimary], [p4].[LastModifiedAt], [p4].[LastModifiedBy], [p4].[PropertyId], [p4].[RowVersion], [p4].[Url]
FROM (
    SELECT [p].[Id], [p].[AgentId], [p].[Area], [p].[CreatedAt], [p].[CreatedBy], [p].[DeletedAt], [p].[DeletedBy], [p].[Description], [p].[Direction], [p].[ExpiresAt], [p].[FullAddress], [p].[IsDeleted], [p].[IsFeatured], [p].[LastModifiedAt], [p].[LastModifiedBy], [p].[Latitude], [p].[ListingType], [p].[Longitude], [p].[NumberOfBathrooms], [p].[NumberOfBedrooms], [p].[NumberOfFloors], [p].[PropertyTypeId], [p].[ProvinceCode], [p].[ProvinceName], [p].[PublishedAt], [p].[RowVersion], [p].[Slug], [p].[Status], [p].[Title], [p].[TransactionTypeId], [p].[VideoUrl], [p].[ViewCount], [p].[WardCode], [p].[WardName], [p].[AddressCountry], [p].[AddressDistrict], [p].[AddressLatitude], [p].[AddressLongitude], [p].[AddressProvince], [p].[Street], [p].[AddressWard], [p].[PriceAmount], [p].[PriceCurrency]
    FROM [Properties] AS [p]
    WHERE [p].[IsDeleted] = CAST(0 AS bit) AND [p].[Status] = @__status_Value_0
    ORDER BY [p].[IsFeatured] DESC, [p].[CreatedAt] DESC
    OFFSET @__p_1 ROWS FETCH NEXT @__p_2 ROWS ONLY
) AS [p1]
INNER JOIN (
    SELECT [p0].[Id], [p0].[CreatedAt], [p0].[CreatedBy], [p0].[DeletedAt], [p0].[DeletedBy], [p0].[Description], [p0].[IsActive], [p0].[IsDeleted], [p0].[LastModifiedAt], [p0].[LastModifiedBy], [p0].[Name], [p0].[RowVersion]
    FROM [PropertyTypes] AS [p0]
    WHERE [p0].[IsDeleted] = CAST(0 AS bit)
) AS [p2] ON [p1].[PropertyTypeId] = [p2].[Id]
INNER JOIN (
    SELECT [a].[Id], [a].[AgencyName], [a].[AvatarUrl], [a].[Bio], [a].[CreatedAt], [a].[CreatedBy], [a].[DeletedAt], [a].[DeletedBy], [a].[Email], [a].[FullName], [a].[IsActive], [a].[IsDeleted], [a].[LastModifiedAt], [a].[LastModifiedBy], [a].[LicenseNumber], [a].[PhoneNumber], [a].[RowVersion], [a].[UserId]
    FROM [Agents] AS [a]
    WHERE [a].[IsDeleted] = CAST(0 AS bit)
) AS [a0] ON [p1].[AgentId] = [a0].[Id]
LEFT JOIN (
    SELECT [t].[Id], [t].[CreatedAt], [t].[CreatedBy], [t].[DeletedAt], [t].[DeletedBy], [t].[Description], [t].[IsActive], [t].[IsDeleted], [t].[LastModifiedAt], [t].[LastModifiedBy], [t].[Name], [t].[RowVersion]
    FROM [TransactionTypes] AS [t]
    WHERE [t].[IsDeleted] = CAST(0 AS bit)
) AS [t0] ON [p1].[TransactionTypeId] = [t0].[Id]
LEFT JOIN (
    SELECT [p3].[Id], [p3].[Caption], [p3].[CreatedAt], [p3].[CreatedBy], [p3].[DeletedAt], [p3].[DeletedBy], [p3].[DisplayOrder], [p3].[IsDeleted], [p3].[IsPrimary], [p3].[LastModifiedAt], [p3].[LastModifiedBy], [p3].[PropertyId], [p3].[RowVersion], [p3].[Url]
    FROM [PropertyImages] AS [p3]
    WHERE [p3].[IsDeleted] = CAST(0 AS bit)
) AS [p4] ON [p1].[Id] = [p4].[PropertyId]
ORDER BY [p1].[IsFeatured] DESC, [p1].[CreatedAt] DESC, [p1].[Id], [p2].[Id], [a0].[Id], [t0].[Id]
[2026-05-22 18:42:37.538 +07:00 INF] Handled GetPropertiesListQuery in 34ms
[2026-05-22 18:42:37.540 +07:00 INF] Executing OkObjectResult, writing value of type 'VietPropEstate.Application.Common.Models.PaginatedList`1[[VietPropEstate.Application.Features.Properties.DTOs.PropertyDto, VietPropEstate.Application, Version=1.0.0.0, Culture=neutral, PublicKeyToken=null]]'.
[2026-05-22 18:42:37.543 +07:00 INF] Executed action VietPropEstate.WebAPI.Controllers.PropertiesController.GetList (VietPropEstate.WebAPI) in 40.572ms
[2026-05-22 18:42:37.545 +07:00 INF] Executed endpoint 'VietPropEstate.WebAPI.Controllers.PropertiesController.GetList (VietPropEstate.WebAPI)'
[2026-05-22 18:42:37.547 +07:00 INF] HTTP GET /api/properties responded 200 in 49.4510 ms
[2026-05-22 18:42:37.549 +07:00 INF] Request finished HTTP/1.1 GET http://localhost:5198/api/properties?pageNumber=1&pageSize=12&status=1&sortBy=CreatedAt&sortOrder=Desc - 200 null application/json; charset=utf-8 57.3011ms
[2026-05-22 18:43:26.323 +07:00 INF] Request starting HTTP/1.1 OPTIONS http://localhost:5198/api/conversations/unread - null null
[2026-05-22 18:43:26.326 +07:00 INF] CORS policy execution successful.
[2026-05-22 18:43:26.328 +07:00 INF] Request finished HTTP/1.1 OPTIONS http://localhost:5198/api/conversations/unread - 204 null null 4.0191ms
[2026-05-22 18:43:26.332 +07:00 INF] Request starting HTTP/1.1 GET http://localhost:5198/api/conversations/unread - null null
[2026-05-22 18:43:26.336 +07:00 INF] CORS policy execution successful.
[2026-05-22 18:43:26.337 +07:00 INF] Executing endpoint 'VietPropEstate.WebAPI.Controllers.ConversationsController.GetUnreadCounts (VietPropEstate.WebAPI)'
[2026-05-22 18:43:26.339 +07:00 INF] Route matched with {action = "GetUnreadCounts", controller = "Conversations"}. Executing controller action with signature System.Threading.Tasks.Task`1[Microsoft.AspNetCore.Mvc.IActionResult] GetUnreadCounts(System.Threading.CancellationToken) on controller VietPropEstate.WebAPI.Controllers.ConversationsController (VietPropEstate.WebAPI).
[2026-05-22 18:43:26.341 +07:00 INF] Request starting HTTP/1.1 OPTIONS http://localhost:5198/api/notifications?pageNumber=1&pageSize=20&unreadOnly=false - null null
[2026-05-22 18:43:26.343 +07:00 INF] Request starting HTTP/1.1 OPTIONS http://localhost:5198/api/dashboard/stats - null null
[2026-05-22 18:43:26.343 +07:00 INF] Handling GetUnreadCountQuery {"UserId":"79ab50a8-ba36-497b-9b82-a73021cc3fff","$type":"GetUnreadCountQuery"}
[2026-05-22 18:43:26.344 +07:00 INF] Request starting HTTP/1.1 OPTIONS http://localhost:5198/api/properties/my-listings?pageNumber=1&pageSize=10 - null null
[2026-05-22 18:43:26.346 +07:00 INF] CORS policy execution successful.
[2026-05-22 18:43:26.349 +07:00 INF] CORS policy execution successful.
[2026-05-22 18:43:26.356 +07:00 INF] Executed DbCommand (1ms) [Parameters=[@__request_UserId_0='?' (Size = 450)], CommandType='"Text"', CommandTimeout='60']
SELECT COALESCE(SUM(CASE
    WHEN [c].[BuyerId] = @__request_UserId_0 THEN [c].[BuyerUnreadCount]
    ELSE [c].[SellerUnreadCount]
END), 0)
FROM [Conversations] AS [c]
WHERE [c].[IsDeleted] = CAST(0 AS bit) AND ([c].[BuyerId] = @__request_UserId_0 OR [c].[SellerId] = @__request_UserId_0) AND [c].[IsDeleted] = CAST(0 AS bit)
[2026-05-22 18:43:26.357 +07:00 INF] CORS policy execution successful.
[2026-05-22 18:43:26.358 +07:00 INF] Request finished HTTP/1.1 OPTIONS http://localhost:5198/api/notifications?pageNumber=1&pageSize=20&unreadOnly=false - 204 null null 16.669ms
[2026-05-22 18:43:26.359 +07:00 INF] Request finished HTTP/1.1 OPTIONS http://localhost:5198/api/dashboard/stats - 204 null null 16.3056ms
[2026-05-22 18:43:26.364 +07:00 INF] Executed DbCommand (1ms) [Parameters=[@__request_UserId_0='?' (Size = 450)], CommandType='"Text"', CommandTimeout='60']
SELECT COUNT(*)
FROM [Notifications] AS [n]
WHERE [n].[IsDeleted] = CAST(0 AS bit) AND [n].[UserId] = @__request_UserId_0 AND [n].[IsRead] = CAST(0 AS bit) AND [n].[IsDeleted] = CAST(0 AS bit)
[2026-05-22 18:43:26.364 +07:00 INF] Request finished HTTP/1.1 OPTIONS http://localhost:5198/api/properties/my-listings?pageNumber=1&pageSize=10 - 204 null null 20.0934ms
[2026-05-22 18:43:26.368 +07:00 INF] Request starting HTTP/1.1 GET http://localhost:5198/api/dashboard/stats - null null
[2026-05-22 18:43:26.375 +07:00 INF] Request starting HTTP/1.1 GET http://localhost:5198/api/notifications?pageNumber=1&pageSize=20&unreadOnly=false - null null
[2026-05-22 18:43:26.378 +07:00 INF] Handled GetUnreadCountQuery in 35ms
[2026-05-22 18:43:26.384 +07:00 INF] Request starting HTTP/1.1 GET http://localhost:5198/api/properties/my-listings?pageNumber=1&pageSize=10 - null null
[2026-05-22 18:43:26.387 +07:00 INF] CORS policy execution successful.
[2026-05-22 18:43:26.391 +07:00 INF] CORS policy execution successful.
[2026-05-22 18:43:26.394 +07:00 INF] Executing OkObjectResult, writing value of type 'VietPropEstate.Application.Features.Chat.Queries.GetUnreadCount.UnreadCountResult'.
[2026-05-22 18:43:26.398 +07:00 INF] CORS policy execution successful.
[2026-05-22 18:43:26.400 +07:00 INF] Executing endpoint 'VietPropEstate.WebAPI.Controllers.DashboardController.GetStats (VietPropEstate.WebAPI)'
[2026-05-22 18:43:26.401 +07:00 INF] Executing endpoint 'VietPropEstate.WebAPI.Controllers.NotificationsController.GetNotifications (VietPropEstate.WebAPI)'
[2026-05-22 18:43:26.403 +07:00 INF] Executed action VietPropEstate.WebAPI.Controllers.ConversationsController.GetUnreadCounts (VietPropEstate.WebAPI) in 61.554ms
[2026-05-22 18:43:26.405 +07:00 INF] Executing endpoint 'VietPropEstate.WebAPI.Controllers.PropertiesController.GetMyListings (VietPropEstate.WebAPI)'
[2026-05-22 18:43:26.406 +07:00 INF] Route matched with {action = "GetStats", controller = "Dashboard"}. Executing controller action with signature System.Threading.Tasks.Task`1[Microsoft.AspNetCore.Mvc.IActionResult] GetStats(System.Threading.CancellationToken) on controller VietPropEstate.WebAPI.Controllers.DashboardController (VietPropEstate.WebAPI).
[2026-05-22 18:43:26.408 +07:00 INF] Route matched with {action = "GetNotifications", controller = "Notifications"}. Executing controller action with signature System.Threading.Tasks.Task`1[Microsoft.AspNetCore.Mvc.IActionResult] GetNotifications(Int32, Int32, Boolean, System.Threading.CancellationToken) on controller VietPropEstate.WebAPI.Controllers.NotificationsController (VietPropEstate.WebAPI).
[2026-05-22 18:43:26.411 +07:00 INF] Executed endpoint 'VietPropEstate.WebAPI.Controllers.ConversationsController.GetUnreadCounts (VietPropEstate.WebAPI)'
[2026-05-22 18:43:26.412 +07:00 INF] Route matched with {action = "GetMyListings", controller = "Properties"}. Executing controller action with signature System.Threading.Tasks.Task`1[Microsoft.AspNetCore.Mvc.IActionResult] GetMyListings(Int32, Int32, System.Nullable`1[VietPropEstate.Domain.Enums.PropertyStatus], System.Threading.CancellationToken) on controller VietPropEstate.WebAPI.Controllers.PropertiesController (VietPropEstate.WebAPI).
[2026-05-22 18:43:26.418 +07:00 INF] Executed DbCommand (1ms) [Parameters=[@__userId_0='?' (Size = 450)], CommandType='"Text"', CommandTimeout='60']
SELECT TOP(1) [a].[Id], [a].[AgencyName], [a].[AvatarUrl], [a].[Bio], [a].[CreatedAt], [a].[CreatedBy], [a].[DeletedAt], [a].[DeletedBy], [a].[Email], [a].[FullName], [a].[IsActive], [a].[IsDeleted], [a].[LastModifiedAt], [a].[LastModifiedBy], [a].[LicenseNumber], [a].[PhoneNumber], [a].[RowVersion], [a].[UserId]
FROM [Agents] AS [a]
WHERE [a].[IsDeleted] = CAST(0 AS bit) AND [a].[UserId] = @__userId_0 AND [a].[IsDeleted] = CAST(0 AS bit)
[2026-05-22 18:43:26.420 +07:00 INF] Handling GetUserNotificationsQuery {"UserId":"79ab50a8-ba36-497b-9b82-a73021cc3fff","PageNumber":1,"PageSize":20,"UnreadOnly":false,"$type":"GetUserNotificationsQuery"}
[2026-05-22 18:43:26.421 +07:00 INF] HTTP GET /api/conversations/unread responded 200 in 84.0807 ms
[2026-05-22 18:43:26.425 +07:00 INF] Handling GetMyPropertiesQuery {"PageNumber":1,"PageSize":10,"Status":null,"$type":"GetMyPropertiesQuery"}
[2026-05-22 18:43:26.430 +07:00 INF] Executed DbCommand (1ms) [Parameters=[@__agent_Id_0='?' (DbType = Guid)], CommandType='"Text"', CommandTimeout='60']
SELECT [p].[Status], [p].[ViewCount]
FROM [Properties] AS [p]
WHERE [p].[IsDeleted] = CAST(0 AS bit) AND [p].[AgentId] = @__agent_Id_0
[2026-05-22 18:43:26.437 +07:00 INF] Executed DbCommand (1ms) [Parameters=[@__request_UserId_0='?' (Size = 450)], CommandType='"Text"', CommandTimeout='60']
SELECT COUNT(*)
FROM [Notifications] AS [n]
WHERE [n].[IsDeleted] = CAST(0 AS bit) AND [n].[UserId] = @__request_UserId_0 AND [n].[IsDeleted] = CAST(0 AS bit)
[2026-05-22 18:43:26.439 +07:00 INF] Request finished HTTP/1.1 GET http://localhost:5198/api/conversations/unread - 200 null application/json; charset=utf-8 107.1782ms
[2026-05-22 18:43:26.448 +07:00 INF] Executed DbCommand (1ms) [Parameters=[@___currentUser_UserId_0='?' (Size = 450)], CommandType='"Text"', CommandTimeout='60']
SELECT TOP(1) [a].[Id], [a].[AgencyName], [a].[AvatarUrl], [a].[Bio], [a].[CreatedAt], [a].[CreatedBy], [a].[DeletedAt], [a].[DeletedBy], [a].[Email], [a].[FullName], [a].[IsActive], [a].[IsDeleted], [a].[LastModifiedAt], [a].[LastModifiedBy], [a].[LicenseNumber], [a].[PhoneNumber], [a].[RowVersion], [a].[UserId]
FROM [Agents] AS [a]
WHERE [a].[IsDeleted] = CAST(0 AS bit) AND [a].[UserId] = @___currentUser_UserId_0 AND [a].[IsActive] = CAST(1 AS bit) AND [a].[IsDeleted] = CAST(0 AS bit)
[2026-05-22 18:43:26.449 +07:00 INF] Executed DbCommand (0ms) [Parameters=[@__userId_0='?' (Size = 450)], CommandType='"Text"', CommandTimeout='60']
SELECT COUNT(*)
FROM [Favorites] AS [f]
WHERE [f].[IsDeleted] = CAST(0 AS bit) AND [f].[UserId] = @__userId_0 AND [f].[IsDeleted] = CAST(0 AS bit)
[2026-05-22 18:43:26.453 +07:00 INF] Executed DbCommand (0ms) [Parameters=[@__request_UserId_0='?' (Size = 450), @__p_1='?' (DbType = Int32), @__p_2='?' (DbType = Int32)], CommandType='"Text"', CommandTimeout='60']
SELECT [n].[Id], [n].[UserId], [n].[Title], [n].[Content], [n].[Type], [n].[IsRead], [n].[ReadAt], [n].[ReferenceId], [n].[ActionUrl], [n].[CreatedAt]
FROM [Notifications] AS [n]
WHERE [n].[IsDeleted] = CAST(0 AS bit) AND [n].[UserId] = @__request_UserId_0 AND [n].[IsDeleted] = CAST(0 AS bit)
ORDER BY [n].[CreatedAt] DESC
OFFSET @__p_1 ROWS FETCH NEXT @__p_2 ROWS ONLY
[2026-05-22 18:43:26.463 +07:00 INF] Executed DbCommand (0ms) [Parameters=[@__agentId_0='?' (DbType = Guid)], CommandType='"Text"', CommandTimeout='60']
SELECT COUNT(*)
FROM [Properties] AS [p]
WHERE [p].[IsDeleted] = CAST(0 AS bit) AND [p].[AgentId] = @__agentId_0
[2026-05-22 18:43:26.465 +07:00 INF] Handling GetUnreadCountQuery {"UserId":"79ab50a8-ba36-497b-9b82-a73021cc3fff","$type":"GetUnreadCountQuery"}
[2026-05-22 18:43:26.469 +07:00 INF] Handled GetUserNotificationsQuery in 48ms
[2026-05-22 18:43:26.474 +07:00 INF] Executed DbCommand (1ms) [Parameters=[@__agentId_0='?' (DbType = Guid), @__p_1='?' (DbType = Int32), @__p_2='?' (DbType = Int32)], CommandType='"Text"', CommandTimeout='60']
SELECT [p1].[Id], [p1].[AgentId], [p1].[Area], [p1].[CreatedAt], [p1].[CreatedBy], [p1].[DeletedAt], [p1].[DeletedBy], [p1].[Description], [p1].[Direction], [p1].[ExpiresAt], [p1].[FullAddress], [p1].[IsDeleted], [p1].[IsFeatured], [p1].[LastModifiedAt], [p1].[LastModifiedBy], [p1].[Latitude], [p1].[ListingType], [p1].[Longitude], [p1].[NumberOfBathrooms], [p1].[NumberOfBedrooms], [p1].[NumberOfFloors], [p1].[PropertyTypeId], [p1].[ProvinceCode], [p1].[ProvinceName], [p1].[PublishedAt], [p1].[RowVersion], [p1].[Slug], [p1].[Status], [p1].[Title], [p1].[TransactionTypeId], [p1].[VideoUrl], [p1].[ViewCount], [p1].[WardCode], [p1].[WardName], [p1].[AddressCountry], [p1].[AddressDistrict], [p1].[AddressLatitude], [p1].[AddressLongitude], [p1].[AddressProvince], [p1].[Street], [p1].[AddressWard], [p1].[PriceAmount], [p1].[PriceCurrency], [p2].[Id], [p2].[CreatedAt], [p2].[CreatedBy], [p2].[DeletedAt], [p2].[DeletedBy], [p2].[Description], [p2].[IsActive], [p2].[IsDeleted], [p2].[LastModifiedAt], [p2].[LastModifiedBy], [p2].[Name], [p2].[RowVersion], [a0].[Id], [a0].[AgencyName], [a0].[AvatarUrl], [a0].[Bio], [a0].[CreatedAt], [a0].[CreatedBy], [a0].[DeletedAt], [a0].[DeletedBy], [a0].[Email], [a0].[FullName], [a0].[IsActive], [a0].[IsDeleted], [a0].[LastModifiedAt], [a0].[LastModifiedBy], [a0].[LicenseNumber], [a0].[PhoneNumber], [a0].[RowVersion], [a0].[UserId], [t0].[Id], [t0].[CreatedAt], [t0].[CreatedBy], [t0].[DeletedAt], [t0].[DeletedBy], [t0].[Description], [t0].[IsActive], [t0].[IsDeleted], [t0].[LastModifiedAt], [t0].[LastModifiedBy], [t0].[Name], [t0].[RowVersion], [p4].[Id], [p4].[Caption], [p4].[CreatedAt], [p4].[CreatedBy], [p4].[DeletedAt], [p4].[DeletedBy], [p4].[DisplayOrder], [p4].[IsDeleted], [p4].[IsPrimary], [p4].[LastModifiedAt], [p4].[LastModifiedBy], [p4].[PropertyId], [p4].[RowVersion], [p4].[Url]
FROM (
    SELECT [p].[Id], [p].[AgentId], [p].[Area], [p].[CreatedAt], [p].[CreatedBy], [p].[DeletedAt], [p].[DeletedBy], [p].[Description], [p].[Direction], [p].[ExpiresAt], [p].[FullAddress], [p].[IsDeleted], [p].[IsFeatured], [p].[LastModifiedAt], [p].[LastModifiedBy], [p].[Latitude], [p].[ListingType], [p].[Longitude], [p].[NumberOfBathrooms], [p].[NumberOfBedrooms], [p].[NumberOfFloors], [p].[PropertyTypeId], [p].[ProvinceCode], [p].[ProvinceName], [p].[PublishedAt], [p].[RowVersion], [p].[Slug], [p].[Status], [p].[Title], [p].[TransactionTypeId], [p].[VideoUrl], [p].[ViewCount], [p].[WardCode], [p].[WardName], [p].[AddressCountry], [p].[AddressDistrict], [p].[AddressLatitude], [p].[AddressLongitude], [p].[AddressProvince], [p].[Street], [p].[AddressWard], [p].[PriceAmount], [p].[PriceCurrency]
    FROM [Properties] AS [p]
    WHERE [p].[IsDeleted] = CAST(0 AS bit) AND [p].[AgentId] = @__agentId_0
    ORDER BY [p].[CreatedAt] DESC
    OFFSET @__p_1 ROWS FETCH NEXT @__p_2 ROWS ONLY
) AS [p1]
INNER JOIN (
    SELECT [p0].[Id], [p0].[CreatedAt], [p0].[CreatedBy], [p0].[DeletedAt], [p0].[DeletedBy], [p0].[Description], [p0].[IsActive], [p0].[IsDeleted], [p0].[LastModifiedAt], [p0].[LastModifiedBy], [p0].[Name], [p0].[RowVersion]
    FROM [PropertyTypes] AS [p0]
    WHERE [p0].[IsDeleted] = CAST(0 AS bit)
) AS [p2] ON [p1].[PropertyTypeId] = [p2].[Id]
INNER JOIN (
    SELECT [a].[Id], [a].[AgencyName], [a].[AvatarUrl], [a].[Bio], [a].[CreatedAt], [a].[CreatedBy], [a].[DeletedAt], [a].[DeletedBy], [a].[Email], [a].[FullName], [a].[IsActive], [a].[IsDeleted], [a].[LastModifiedAt], [a].[LastModifiedBy], [a].[LicenseNumber], [a].[PhoneNumber], [a].[RowVersion], [a].[UserId]
    FROM [Agents] AS [a]
    WHERE [a].[IsDeleted] = CAST(0 AS bit)
) AS [a0] ON [p1].[AgentId] = [a0].[Id]
LEFT JOIN (
    SELECT [t].[Id], [t].[CreatedAt], [t].[CreatedBy], [t].[DeletedAt], [t].[DeletedBy], [t].[Description], [t].[IsActive], [t].[IsDeleted], [t].[LastModifiedAt], [t].[LastModifiedBy], [t].[Name], [t].[RowVersion]
    FROM [TransactionTypes] AS [t]
    WHERE [t].[IsDeleted] = CAST(0 AS bit)
) AS [t0] ON [p1].[TransactionTypeId] = [t0].[Id]
LEFT JOIN (
    SELECT [p3].[Id], [p3].[Caption], [p3].[CreatedAt], [p3].[CreatedBy], [p3].[DeletedAt], [p3].[DeletedBy], [p3].[DisplayOrder], [p3].[IsDeleted], [p3].[IsPrimary], [p3].[LastModifiedAt], [p3].[LastModifiedBy], [p3].[PropertyId], [p3].[RowVersion], [p3].[Url]
    FROM [PropertyImages] AS [p3]
    WHERE [p3].[IsDeleted] = CAST(0 AS bit)
) AS [p4] ON [p1].[Id] = [p4].[PropertyId]
ORDER BY [p1].[CreatedAt] DESC, [p1].[Id], [p2].[Id], [a0].[Id], [t0].[Id]
[2026-05-22 18:43:26.478 +07:00 INF] Executed DbCommand (0ms) [Parameters=[@__request_UserId_0='?' (Size = 450)], CommandType='"Text"', CommandTimeout='60']
SELECT COALESCE(SUM(CASE
    WHEN [c].[BuyerId] = @__request_UserId_0 THEN [c].[BuyerUnreadCount]
    ELSE [c].[SellerUnreadCount]
END), 0)
FROM [Conversations] AS [c]
WHERE [c].[IsDeleted] = CAST(0 AS bit) AND ([c].[BuyerId] = @__request_UserId_0 OR [c].[SellerId] = @__request_UserId_0) AND [c].[IsDeleted] = CAST(0 AS bit)
[2026-05-22 18:43:26.479 +07:00 INF] Executing OkObjectResult, writing value of type 'VietPropEstate.Application.Common.Models.PaginatedList`1[[VietPropEstate.Application.Features.Notifications.DTOs.NotificationDto, VietPropEstate.Application, Version=1.0.0.0, Culture=neutral, PublicKeyToken=null]]'.
[2026-05-22 18:43:26.487 +07:00 INF] Handled GetMyPropertiesQuery in 61ms
[2026-05-22 18:43:26.489 +07:00 INF] Executed DbCommand (0ms) [Parameters=[@__request_UserId_0='?' (Size = 450)], CommandType='"Text"', CommandTimeout='60']
SELECT COUNT(*)
FROM [Notifications] AS [n]
WHERE [n].[IsDeleted] = CAST(0 AS bit) AND [n].[UserId] = @__request_UserId_0 AND [n].[IsRead] = CAST(0 AS bit) AND [n].[IsDeleted] = CAST(0 AS bit)
[2026-05-22 18:43:26.491 +07:00 INF] Executed action VietPropEstate.WebAPI.Controllers.NotificationsController.GetNotifications (VietPropEstate.WebAPI) in 71.6617ms
[2026-05-22 18:43:26.493 +07:00 INF] Executing OkObjectResult, writing value of type 'VietPropEstate.Application.Common.Models.PaginatedList`1[[VietPropEstate.Application.Features.Properties.DTOs.PropertyDto, VietPropEstate.Application, Version=1.0.0.0, Culture=neutral, PublicKeyToken=null]]'.
[2026-05-22 18:43:26.496 +07:00 INF] Handled GetUnreadCountQuery in 31ms
[2026-05-22 18:43:26.498 +07:00 INF] Executed endpoint 'VietPropEstate.WebAPI.Controllers.NotificationsController.GetNotifications (VietPropEstate.WebAPI)'
[2026-05-22 18:43:26.501 +07:00 INF] Executed action VietPropEstate.WebAPI.Controllers.PropertiesController.GetMyListings (VietPropEstate.WebAPI) in 76.6867ms
[2026-05-22 18:43:26.503 +07:00 INF] Executing OkObjectResult, writing value of type 'VietPropEstate.Application.Features.Dashboard.DTOs.DashboardStatsDto'.
[2026-05-22 18:43:26.504 +07:00 INF] HTTP GET /api/notifications responded 200 in 102.6880 ms
[2026-05-22 18:43:26.506 +07:00 INF] Executed endpoint 'VietPropEstate.WebAPI.Controllers.PropertiesController.GetMyListings (VietPropEstate.WebAPI)'
[2026-05-22 18:43:26.508 +07:00 INF] Executed action VietPropEstate.WebAPI.Controllers.DashboardController.GetStats (VietPropEstate.WebAPI) in 92.7214ms
[2026-05-22 18:43:26.511 +07:00 INF] Request finished HTTP/1.1 GET http://localhost:5198/api/notifications?pageNumber=1&pageSize=20&unreadOnly=false - 200 null application/json; charset=utf-8 136.7124ms
[2026-05-22 18:43:26.513 +07:00 INF] HTTP GET /api/properties/my-listings responded 200 in 108.2624 ms
[2026-05-22 18:43:26.515 +07:00 INF] Executed endpoint 'VietPropEstate.WebAPI.Controllers.DashboardController.GetStats (VietPropEstate.WebAPI)'
[2026-05-22 18:43:26.523 +07:00 INF] Request finished HTTP/1.1 GET http://localhost:5198/api/properties/my-listings?pageNumber=1&pageSize=10 - 200 null application/json; charset=utf-8 139.0647ms
[2026-05-22 18:43:26.525 +07:00 INF] HTTP GET /api/dashboard/stats responded 200 in 125.0134 ms
[2026-05-22 18:43:26.533 +07:00 INF] Request finished HTTP/1.1 GET http://localhost:5198/api/dashboard/stats - 200 null application/json; charset=utf-8 164.254ms
[2026-05-22 18:43:29.201 +07:00 INF] Request starting HTTP/1.1 OPTIONS http://localhost:5198/api/conversations?pageNumber=1&pageSize=20 - null null
[2026-05-22 18:43:29.204 +07:00 INF] CORS policy execution successful.
[2026-05-22 18:43:29.206 +07:00 INF] Request finished HTTP/1.1 OPTIONS http://localhost:5198/api/conversations?pageNumber=1&pageSize=20 - 204 null null 5.0358ms
[2026-05-22 18:43:29.211 +07:00 INF] Request starting HTTP/1.1 GET http://localhost:5198/api/conversations?pageNumber=1&pageSize=20 - null null
[2026-05-22 18:43:29.215 +07:00 INF] CORS policy execution successful.
[2026-05-22 18:43:29.218 +07:00 INF] Executing endpoint 'VietPropEstate.WebAPI.Controllers.ConversationsController.GetMyConversations (VietPropEstate.WebAPI)'
[2026-05-22 18:43:29.224 +07:00 INF] Route matched with {action = "GetMyConversations", controller = "Conversations"}. Executing controller action with signature System.Threading.Tasks.Task`1[Microsoft.AspNetCore.Mvc.IActionResult] GetMyConversations(Int32, Int32, Boolean, System.Threading.CancellationToken) on controller VietPropEstate.WebAPI.Controllers.ConversationsController (VietPropEstate.WebAPI).
[2026-05-22 18:43:29.229 +07:00 INF] Handling GetUserConversationsQuery {"UserId":"79ab50a8-ba36-497b-9b82-a73021cc3fff","PageNumber":1,"PageSize":20,"IncludeClosed":false,"$type":"GetUserConversationsQuery"}
[2026-05-22 18:43:29.251 +07:00 INF] Executed DbCommand (2ms) [Parameters=[@__request_UserId_0='?' (Size = 450)], CommandType='"Text"', CommandTimeout='60']
SELECT COUNT(*)
FROM [Conversations] AS [c]
WHERE [c].[IsDeleted] = CAST(0 AS bit) AND ([c].[BuyerId] = @__request_UserId_0 OR [c].[SellerId] = @__request_UserId_0) AND [c].[IsDeleted] = CAST(0 AS bit) AND [c].[IsClosed] = CAST(0 AS bit)
[2026-05-22 18:43:29.261 +07:00 WRN] The query uses a row limiting operator ('Skip'/'Take') without an 'OrderBy' operator. This may lead to unpredictable results. If the 'Distinct' operator is used after 'OrderBy', then make sure to use the 'OrderBy' operator after 'Distinct' as the ordering would otherwise get erased.
[2026-05-22 18:43:29.364 +07:00 INF] Executed DbCommand (12ms) [Parameters=[@__request_UserId_0='?' (Size = 450), @__p_1='?' (DbType = Int32), @__p_2='?' (DbType = Int32)], CommandType='"Text"', CommandTimeout='60']
SELECT [c0].[Id], [c0].[BuyerId], [c0].[BuyerUnreadCount], [c0].[ClosedAt], [c0].[CreatedAt], [c0].[CreatedBy], [c0].[DeletedAt], [c0].[DeletedBy], [c0].[IsClosed], [c0].[IsDeleted], [c0].[LastMessageAt], [c0].[LastMessagePreview], [c0].[LastModifiedAt], [c0].[LastModifiedBy], [c0].[PropertyId], [c0].[RowVersion], [c0].[SellerId], [c0].[SellerUnreadCount], [c0].[Subject], [p0].[Id], [p0].[AgentId], [p0].[Area], [p0].[CreatedAt], [p0].[CreatedBy], [p0].[DeletedAt], [p0].[DeletedBy], [p0].[Description], [p0].[Direction], [p0].[ExpiresAt], [p0].[FullAddress], [p0].[IsDeleted], [p0].[IsFeatured], [p0].[LastModifiedAt], [p0].[LastModifiedBy], [p0].[Latitude], [p0].[ListingType], [p0].[Longitude], [p0].[NumberOfBathrooms], [p0].[NumberOfBedrooms], [p0].[NumberOfFloors], [p0].[PropertyTypeId], [p0].[ProvinceCode], [p0].[ProvinceName], [p0].[PublishedAt], [p0].[RowVersion], [p0].[Slug], [p0].[Status], [p0].[Title], [p0].[TransactionTypeId], [p0].[VideoUrl], [p0].[ViewCount], [p0].[WardCode], [p0].[WardName], [p0].[AddressCountry], [p0].[AddressDistrict], [p0].[AddressLatitude], [p0].[AddressLongitude], [p0].[AddressProvince], [p0].[Street], [p0].[AddressWard], [p0].[PriceAmount], [p0].[PriceCurrency], [p3].[Id], [p3].[Caption], [p3].[CreatedAt], [p3].[CreatedBy], [p3].[DeletedAt], [p3].[DeletedBy], [p3].[DisplayOrder], [p3].[IsDeleted], [p3].[IsPrimary], [p3].[LastModifiedAt], [p3].[LastModifiedBy], [p3].[PropertyId], [p3].[RowVersion], [p3].[Url]
FROM (
    SELECT [c].[Id], [c].[BuyerId], [c].[BuyerUnreadCount], [c].[ClosedAt], [c].[CreatedAt], [c].[CreatedBy], [c].[DeletedAt], [c].[DeletedBy], [c].[IsClosed], [c].[IsDeleted], [c].[LastMessageAt], [c].[LastMessagePreview], [c].[LastModifiedAt], [c].[LastModifiedBy], [c].[PropertyId], [c].[RowVersion], [c].[SellerId], [c].[SellerUnreadCount], [c].[Subject], COALESCE([c].[LastMessageAt], [c].[CreatedAt]) AS [c]
    FROM [Conversations] AS [c]
    WHERE [c].[IsDeleted] = CAST(0 AS bit) AND ([c].[BuyerId] = @__request_UserId_0 OR [c].[SellerId] = @__request_UserId_0) AND [c].[IsDeleted] = CAST(0 AS bit) AND [c].[IsClosed] = CAST(0 AS bit)
    ORDER BY COALESCE([c].[LastMessageAt], [c].[CreatedAt]) DESC
    OFFSET @__p_1 ROWS FETCH NEXT @__p_2 ROWS ONLY
) AS [c0]
INNER JOIN (
    SELECT [p].[Id], [p].[AgentId], [p].[Area], [p].[CreatedAt], [p].[CreatedBy], [p].[DeletedAt], [p].[DeletedBy], [p].[Description], [p].[Direction], [p].[ExpiresAt], [p].[FullAddress], [p].[IsDeleted], [p].[IsFeatured], [p].[LastModifiedAt], [p].[LastModifiedBy], [p].[Latitude], [p].[ListingType], [p].[Longitude], [p].[NumberOfBathrooms], [p].[NumberOfBedrooms], [p].[NumberOfFloors], [p].[PropertyTypeId], [p].[ProvinceCode], [p].[ProvinceName], [p].[PublishedAt], [p].[RowVersion], [p].[Slug], [p].[Status], [p].[Title], [p].[TransactionTypeId], [p].[VideoUrl], [p].[ViewCount], [p].[WardCode], [p].[WardName], [p].[AddressCountry], [p].[AddressDistrict], [p].[AddressLatitude], [p].[AddressLongitude], [p].[AddressProvince], [p].[Street], [p].[AddressWard], [p].[PriceAmount], [p].[PriceCurrency]
    FROM [Properties] AS [p]
    WHERE [p].[IsDeleted] = CAST(0 AS bit)
) AS [p0] ON [c0].[PropertyId] = [p0].[Id]
LEFT JOIN (
    SELECT [p2].[Id], [p2].[Caption], [p2].[CreatedAt], [p2].[CreatedBy], [p2].[DeletedAt], [p2].[DeletedBy], [p2].[DisplayOrder], [p2].[IsDeleted], [p2].[IsPrimary], [p2].[LastModifiedAt], [p2].[LastModifiedBy], [p2].[PropertyId], [p2].[RowVersion], [p2].[Url]
    FROM (
        SELECT [p1].[Id], [p1].[Caption], [p1].[CreatedAt], [p1].[CreatedBy], [p1].[DeletedAt], [p1].[DeletedBy], [p1].[DisplayOrder], [p1].[IsDeleted], [p1].[IsPrimary], [p1].[LastModifiedAt], [p1].[LastModifiedBy], [p1].[PropertyId], [p1].[RowVersion], [p1].[Url], ROW_NUMBER() OVER(PARTITION BY [p1].[PropertyId] ORDER BY [p1].[Id]) AS [row]
        FROM [PropertyImages] AS [p1]
        WHERE [p1].[IsDeleted] = CAST(0 AS bit) AND [p1].[IsPrimary] = CAST(1 AS bit)
    ) AS [p2]
    WHERE [p2].[row] <= 1
) AS [p3] ON [p0].[Id] = [p3].[PropertyId]
ORDER BY [c0].[c] DESC, [c0].[Id], [p0].[Id]
[2026-05-22 18:43:29.627 +07:00 INF] Executed DbCommand (4ms) [Parameters=[@__ids_0='?' (Size = 4000)], CommandType='"Text"', CommandTimeout='60']
SELECT [a].[UserId], [a].[FullName]
FROM [Agents] AS [a]
WHERE [a].[IsDeleted] = CAST(0 AS bit) AND [a].[UserId] IS NOT NULL AND [a].[UserId] IN (
    SELECT [i].[value]
    FROM OPENJSON(@__ids_0) WITH ([value] nvarchar(450) '$') AS [i]
)
[2026-05-22 18:43:29.641 +07:00 INF] Executed DbCommand (5ms) [Parameters=[@__ids_0='?' (Size = 4000)], CommandType='"Text"', CommandTimeout='60']
SELECT [c].[UserId], [c].[FullName]
FROM [Customers] AS [c]
WHERE [c].[IsDeleted] = CAST(0 AS bit) AND [c].[UserId] IS NOT NULL AND [c].[UserId] IN (
    SELECT [i].[value]
    FROM OPENJSON(@__ids_0) WITH ([value] nvarchar(450) '$') AS [i]
)
[2026-05-22 18:43:29.647 +07:00 INF] Handled GetUserConversationsQuery in 417ms
[2026-05-22 18:43:29.649 +07:00 INF] Executing OkObjectResult, writing value of type 'VietPropEstate.Application.Common.Models.PaginatedList`1[[VietPropEstate.Application.Features.Chat.DTOs.ConversationDto, VietPropEstate.Application, Version=1.0.0.0, Culture=neutral, PublicKeyToken=null]]'.
[2026-05-22 18:43:29.657 +07:00 INF] Executed action VietPropEstate.WebAPI.Controllers.ConversationsController.GetMyConversations (VietPropEstate.WebAPI) in 430.5412ms
[2026-05-22 18:43:29.659 +07:00 INF] Executed endpoint 'VietPropEstate.WebAPI.Controllers.ConversationsController.GetMyConversations (VietPropEstate.WebAPI)'
[2026-05-22 18:43:29.660 +07:00 INF] HTTP GET /api/conversations responded 200 in 443.3235 ms
[2026-05-22 18:43:29.663 +07:00 INF] Request finished HTTP/1.1 GET http://localhost:5198/api/conversations?pageNumber=1&pageSize=20 - 200 null application/json; charset=utf-8 452.3242ms
[2026-05-22 18:43:29.701 +07:00 INF] Request starting HTTP/1.1 OPTIONS http://localhost:5198/api/conversations/46913b0a-abb0-4101-ab78-d197582c179a/messages?pageNumber=1&pageSize=50 - null null
[2026-05-22 18:43:29.705 +07:00 INF] CORS policy execution successful.
[2026-05-22 18:43:29.706 +07:00 INF] Request finished HTTP/1.1 OPTIONS http://localhost:5198/api/conversations/46913b0a-abb0-4101-ab78-d197582c179a/messages?pageNumber=1&pageSize=50 - 204 null null 4.7522ms
[2026-05-22 18:43:29.710 +07:00 INF] Request starting HTTP/1.1 GET http://localhost:5198/api/conversations/46913b0a-abb0-4101-ab78-d197582c179a/messages?pageNumber=1&pageSize=50 - null null
[2026-05-22 18:43:29.715 +07:00 INF] CORS policy execution successful.
[2026-05-22 18:43:29.716 +07:00 INF] Executing endpoint 'VietPropEstate.WebAPI.Controllers.ConversationsController.GetMessages (VietPropEstate.WebAPI)'
[2026-05-22 18:43:29.721 +07:00 INF] Route matched with {action = "GetMessages", controller = "Conversations"}. Executing controller action with signature System.Threading.Tasks.Task`1[Microsoft.AspNetCore.Mvc.IActionResult] GetMessages(System.Guid, Int32, Int32, System.Nullable`1[System.DateTime], System.Threading.CancellationToken) on controller VietPropEstate.WebAPI.Controllers.ConversationsController (VietPropEstate.WebAPI).
[2026-05-22 18:43:29.727 +07:00 INF] Handling GetConversationMessagesQuery {"ConversationId":"46913b0a-abb0-4101-ab78-d197582c179a","RequestingUserId":"79ab50a8-ba36-497b-9b82-a73021cc3fff","PageNumber":1,"PageSize":50,"Before":null,"$type":"GetConversationMessagesQuery"}
[2026-05-22 18:43:29.756 +07:00 INF] Executed DbCommand (2ms) [Parameters=[@__request_ConversationId_0='?' (DbType = Guid)], CommandType='"Text"', CommandTimeout='60']
SELECT TOP(1) [c].[Id], [c].[BuyerId], [c].[BuyerUnreadCount], [c].[ClosedAt], [c].[CreatedAt], [c].[CreatedBy], [c].[DeletedAt], [c].[DeletedBy], [c].[IsClosed], [c].[IsDeleted], [c].[LastMessageAt], [c].[LastMessagePreview], [c].[LastModifiedAt], [c].[LastModifiedBy], [c].[PropertyId], [c].[RowVersion], [c].[SellerId], [c].[SellerUnreadCount], [c].[Subject]
FROM [Conversations] AS [c]
WHERE [c].[IsDeleted] = CAST(0 AS bit) AND [c].[Id] = @__request_ConversationId_0 AND [c].[IsDeleted] = CAST(0 AS bit)
[2026-05-22 18:43:29.769 +07:00 INF] Executed DbCommand (4ms) [Parameters=[@__request_ConversationId_0='?' (DbType = Guid)], CommandType='"Text"', CommandTimeout='60']
SELECT COUNT(*)
FROM [Messages] AS [m]
WHERE [m].[IsDeleted] = CAST(0 AS bit) AND [m].[ConversationId] = @__request_ConversationId_0 AND [m].[IsDeleted] = CAST(0 AS bit)
[2026-05-22 18:43:29.793 +07:00 INF] Executed DbCommand (3ms) [Parameters=[@__request_ConversationId_0='?' (DbType = Guid), @__p_1='?' (DbType = Int32), @__p_2='?' (DbType = Int32)], CommandType='"Text"', CommandTimeout='60']
SELECT [m].[Id], [m].[AttachmentUrl], [m].[Content], [m].[ConversationId], [m].[CreatedAt], [m].[CreatedBy], [m].[DeletedAt], [m].[DeletedBy], [m].[IsDeleted], [m].[LastModifiedAt], [m].[LastModifiedBy], [m].[ReadAt], [m].[RowVersion], [m].[SenderId], [m].[Status]
FROM [Messages] AS [m]
WHERE [m].[IsDeleted] = CAST(0 AS bit) AND [m].[ConversationId] = @__request_ConversationId_0 AND [m].[IsDeleted] = CAST(0 AS bit)
ORDER BY [m].[CreatedAt] DESC
OFFSET @__p_1 ROWS FETCH NEXT @__p_2 ROWS ONLY
[2026-05-22 18:43:29.836 +07:00 INF] Executed DbCommand (1ms) [Parameters=[@__ids_0='?' (Size = 4000)], CommandType='"Text"', CommandTimeout='60']
SELECT [a].[UserId], [a].[FullName]
FROM [Agents] AS [a]
WHERE [a].[IsDeleted] = CAST(0 AS bit) AND [a].[UserId] IS NOT NULL AND [a].[UserId] IN (
    SELECT [i].[value]
    FROM OPENJSON(@__ids_0) WITH ([value] nvarchar(450) '$') AS [i]
)
[2026-05-22 18:43:29.840 +07:00 INF] Executed DbCommand (0ms) [Parameters=[@__ids_0='?' (Size = 4000)], CommandType='"Text"', CommandTimeout='60']
SELECT [c].[UserId], [c].[FullName]
FROM [Customers] AS [c]
WHERE [c].[IsDeleted] = CAST(0 AS bit) AND [c].[UserId] IS NOT NULL AND [c].[UserId] IN (
    SELECT [i].[value]
    FROM OPENJSON(@__ids_0) WITH ([value] nvarchar(450) '$') AS [i]
)
[2026-05-22 18:43:29.847 +07:00 INF] Handled GetConversationMessagesQuery in 120ms
[2026-05-22 18:43:29.850 +07:00 INF] Executing OkObjectResult, writing value of type 'VietPropEstate.Application.Common.Models.PaginatedList`1[[VietPropEstate.Application.Features.Chat.DTOs.MessageDto, VietPropEstate.Application, Version=1.0.0.0, Culture=neutral, PublicKeyToken=null]]'.
[2026-05-22 18:43:29.865 +07:00 INF] Executed action VietPropEstate.WebAPI.Controllers.ConversationsController.GetMessages (VietPropEstate.WebAPI) in 141.0341ms
[2026-05-22 18:43:29.868 +07:00 INF] Executed endpoint 'VietPropEstate.WebAPI.Controllers.ConversationsController.GetMessages (VietPropEstate.WebAPI)'
[2026-05-22 18:43:29.870 +07:00 INF] HTTP GET /api/conversations/46913b0a-abb0-4101-ab78-d197582c179a/messages responded 200 in 153.4636 ms
[2026-05-22 18:43:29.873 +07:00 INF] Request finished HTTP/1.1 GET http://localhost:5198/api/conversations/46913b0a-abb0-4101-ab78-d197582c179a/messages?pageNumber=1&pageSize=50 - 200 null application/json; charset=utf-8 162.8054ms
[2026-05-22 18:43:29.894 +07:00 INF] Request starting HTTP/1.1 OPTIONS http://localhost:5198/api/conversations/46913b0a-abb0-4101-ab78-d197582c179a/read - null null
[2026-05-22 18:43:29.898 +07:00 INF] CORS policy execution successful.
[2026-05-22 18:43:29.899 +07:00 INF] Request finished HTTP/1.1 OPTIONS http://localhost:5198/api/conversations/46913b0a-abb0-4101-ab78-d197582c179a/read - 204 null null 5.7074ms
[2026-05-22 18:43:29.904 +07:00 INF] Request starting HTTP/1.1 POST http://localhost:5198/api/conversations/46913b0a-abb0-4101-ab78-d197582c179a/read - null 0
[2026-05-22 18:43:29.908 +07:00 INF] CORS policy execution successful.
[2026-05-22 18:43:29.910 +07:00 INF] Executing endpoint 'VietPropEstate.WebAPI.Controllers.ConversationsController.MarkAsRead (VietPropEstate.WebAPI)'
[2026-05-22 18:43:29.914 +07:00 INF] Route matched with {action = "MarkAsRead", controller = "Conversations"}. Executing controller action with signature System.Threading.Tasks.Task`1[Microsoft.AspNetCore.Mvc.IActionResult] MarkAsRead(System.Guid, System.Threading.CancellationToken) on controller VietPropEstate.WebAPI.Controllers.ConversationsController (VietPropEstate.WebAPI).
[2026-05-22 18:43:29.920 +07:00 INF] Handling MarkMessagesAsReadCommand {"ConversationId":"46913b0a-abb0-4101-ab78-d197582c179a","UserId":"79ab50a8-ba36-497b-9b82-a73021cc3fff","$type":"MarkMessagesAsReadCommand"}
[2026-05-22 18:43:29.941 +07:00 INF] Executed DbCommand (0ms) [Parameters=[@__request_ConversationId_0='?' (DbType = Guid)], CommandType='"Text"', CommandTimeout='60']
SELECT TOP(1) [c].[Id], [c].[BuyerId], [c].[BuyerUnreadCount], [c].[ClosedAt], [c].[CreatedAt], [c].[CreatedBy], [c].[DeletedAt], [c].[DeletedBy], [c].[IsClosed], [c].[IsDeleted], [c].[LastMessageAt], [c].[LastMessagePreview], [c].[LastModifiedAt], [c].[LastModifiedBy], [c].[PropertyId], [c].[RowVersion], [c].[SellerId], [c].[SellerUnreadCount], [c].[Subject]
FROM [Conversations] AS [c]
WHERE [c].[IsDeleted] = CAST(0 AS bit) AND [c].[Id] = @__request_ConversationId_0 AND [c].[IsDeleted] = CAST(0 AS bit)
[2026-05-22 18:43:29.964 +07:00 INF] Executed DbCommand (3ms) [Parameters=[@__request_ConversationId_0='?' (DbType = Guid), @__request_UserId_1='?' (Size = 450)], CommandType='"Text"', CommandTimeout='60']
SELECT [m].[Id], [m].[AttachmentUrl], [m].[Content], [m].[ConversationId], [m].[CreatedAt], [m].[CreatedBy], [m].[DeletedAt], [m].[DeletedBy], [m].[IsDeleted], [m].[LastModifiedAt], [m].[LastModifiedBy], [m].[ReadAt], [m].[RowVersion], [m].[SenderId], [m].[Status]
FROM [Messages] AS [m]
WHERE [m].[IsDeleted] = CAST(0 AS bit) AND [m].[ConversationId] = @__request_ConversationId_0 AND [m].[SenderId] <> @__request_UserId_1 AND [m].[Status] IN (0, 1) AND [m].[IsDeleted] = CAST(0 AS bit)
[2026-05-22 18:43:29.968 +07:00 INF] Handled MarkMessagesAsReadCommand in 48ms
[2026-05-22 18:43:29.973 +07:00 INF] Executing StatusCodeResult, setting HTTP status code 204
[2026-05-22 18:43:29.974 +07:00 INF] Executed action VietPropEstate.WebAPI.Controllers.ConversationsController.MarkAsRead (VietPropEstate.WebAPI) in 57.8709ms
[2026-05-22 18:43:29.976 +07:00 INF] Executed endpoint 'VietPropEstate.WebAPI.Controllers.ConversationsController.MarkAsRead (VietPropEstate.WebAPI)'
[2026-05-22 18:43:29.977 +07:00 INF] HTTP POST /api/conversations/46913b0a-abb0-4101-ab78-d197582c179a/read responded 204 in 68.0227 ms
[2026-05-22 18:43:29.980 +07:00 INF] Request finished HTTP/1.1 POST http://localhost:5198/api/conversations/46913b0a-abb0-4101-ab78-d197582c179a/read - 204 null null 75.4861ms
[2026-05-22 18:43:31.113 +07:00 INF] Request starting HTTP/1.1 GET http://localhost:5198/api/conversations/46913b0a-abb0-4101-ab78-d197582c179a/messages?pageNumber=1&pageSize=50 - null null
[2026-05-22 18:43:31.117 +07:00 INF] CORS policy execution successful.
[2026-05-22 18:43:31.118 +07:00 INF] Executing endpoint 'VietPropEstate.WebAPI.Controllers.ConversationsController.GetMessages (VietPropEstate.WebAPI)'
[2026-05-22 18:43:31.120 +07:00 INF] Route matched with {action = "GetMessages", controller = "Conversations"}. Executing controller action with signature System.Threading.Tasks.Task`1[Microsoft.AspNetCore.Mvc.IActionResult] GetMessages(System.Guid, Int32, Int32, System.Nullable`1[System.DateTime], System.Threading.CancellationToken) on controller VietPropEstate.WebAPI.Controllers.ConversationsController (VietPropEstate.WebAPI).
[2026-05-22 18:43:31.124 +07:00 INF] Handling GetConversationMessagesQuery {"ConversationId":"46913b0a-abb0-4101-ab78-d197582c179a","RequestingUserId":"79ab50a8-ba36-497b-9b82-a73021cc3fff","PageNumber":1,"PageSize":50,"Before":null,"$type":"GetConversationMessagesQuery"}
[2026-05-22 18:43:31.134 +07:00 INF] Executed DbCommand (0ms) [Parameters=[@__request_ConversationId_0='?' (DbType = Guid)], CommandType='"Text"', CommandTimeout='60']
SELECT TOP(1) [c].[Id], [c].[BuyerId], [c].[BuyerUnreadCount], [c].[ClosedAt], [c].[CreatedAt], [c].[CreatedBy], [c].[DeletedAt], [c].[DeletedBy], [c].[IsClosed], [c].[IsDeleted], [c].[LastMessageAt], [c].[LastMessagePreview], [c].[LastModifiedAt], [c].[LastModifiedBy], [c].[PropertyId], [c].[RowVersion], [c].[SellerId], [c].[SellerUnreadCount], [c].[Subject]
FROM [Conversations] AS [c]
WHERE [c].[IsDeleted] = CAST(0 AS bit) AND [c].[Id] = @__request_ConversationId_0 AND [c].[IsDeleted] = CAST(0 AS bit)
[2026-05-22 18:43:31.138 +07:00 INF] Executed DbCommand (0ms) [Parameters=[@__request_ConversationId_0='?' (DbType = Guid)], CommandType='"Text"', CommandTimeout='60']
SELECT COUNT(*)
FROM [Messages] AS [m]
WHERE [m].[IsDeleted] = CAST(0 AS bit) AND [m].[ConversationId] = @__request_ConversationId_0 AND [m].[IsDeleted] = CAST(0 AS bit)
[2026-05-22 18:43:31.143 +07:00 INF] Executed DbCommand (1ms) [Parameters=[@__request_ConversationId_0='?' (DbType = Guid), @__p_1='?' (DbType = Int32), @__p_2='?' (DbType = Int32)], CommandType='"Text"', CommandTimeout='60']
SELECT [m].[Id], [m].[AttachmentUrl], [m].[Content], [m].[ConversationId], [m].[CreatedAt], [m].[CreatedBy], [m].[DeletedAt], [m].[DeletedBy], [m].[IsDeleted], [m].[LastModifiedAt], [m].[LastModifiedBy], [m].[ReadAt], [m].[RowVersion], [m].[SenderId], [m].[Status]
FROM [Messages] AS [m]
WHERE [m].[IsDeleted] = CAST(0 AS bit) AND [m].[ConversationId] = @__request_ConversationId_0 AND [m].[IsDeleted] = CAST(0 AS bit)
ORDER BY [m].[CreatedAt] DESC
OFFSET @__p_1 ROWS FETCH NEXT @__p_2 ROWS ONLY
[2026-05-22 18:43:31.148 +07:00 INF] Executed DbCommand (1ms) [Parameters=[@__ids_0='?' (Size = 4000)], CommandType='"Text"', CommandTimeout='60']
SELECT [a].[UserId], [a].[FullName]
FROM [Agents] AS [a]
WHERE [a].[IsDeleted] = CAST(0 AS bit) AND [a].[UserId] IS NOT NULL AND [a].[UserId] IN (
    SELECT [i].[value]
    FROM OPENJSON(@__ids_0) WITH ([value] nvarchar(450) '$') AS [i]
)
[2026-05-22 18:43:31.152 +07:00 INF] Executed DbCommand (1ms) [Parameters=[@__ids_0='?' (Size = 4000)], CommandType='"Text"', CommandTimeout='60']
SELECT [c].[UserId], [c].[FullName]
FROM [Customers] AS [c]
WHERE [c].[IsDeleted] = CAST(0 AS bit) AND [c].[UserId] IS NOT NULL AND [c].[UserId] IN (
    SELECT [i].[value]
    FROM OPENJSON(@__ids_0) WITH ([value] nvarchar(450) '$') AS [i]
)
[2026-05-22 18:43:31.154 +07:00 INF] Handled GetConversationMessagesQuery in 30ms
[2026-05-22 18:43:31.157 +07:00 INF] Executing OkObjectResult, writing value of type 'VietPropEstate.Application.Common.Models.PaginatedList`1[[VietPropEstate.Application.Features.Chat.DTOs.MessageDto, VietPropEstate.Application, Version=1.0.0.0, Culture=neutral, PublicKeyToken=null]]'.
[2026-05-22 18:43:31.160 +07:00 INF] Executed action VietPropEstate.WebAPI.Controllers.ConversationsController.GetMessages (VietPropEstate.WebAPI) in 36.7267ms
[2026-05-22 18:43:31.162 +07:00 INF] Executed endpoint 'VietPropEstate.WebAPI.Controllers.ConversationsController.GetMessages (VietPropEstate.WebAPI)'
[2026-05-22 18:43:31.164 +07:00 INF] HTTP GET /api/conversations/46913b0a-abb0-4101-ab78-d197582c179a/messages responded 200 in 46.1165 ms
[2026-05-22 18:43:31.168 +07:00 INF] Request finished HTTP/1.1 GET http://localhost:5198/api/conversations/46913b0a-abb0-4101-ab78-d197582c179a/messages?pageNumber=1&pageSize=50 - 200 null application/json; charset=utf-8 54.8934ms
[2026-05-22 18:43:31.174 +07:00 INF] Request starting HTTP/1.1 POST http://localhost:5198/api/conversations/46913b0a-abb0-4101-ab78-d197582c179a/read - null 0
[2026-05-22 18:43:31.178 +07:00 INF] CORS policy execution successful.
[2026-05-22 18:43:31.181 +07:00 INF] Executing endpoint 'VietPropEstate.WebAPI.Controllers.ConversationsController.MarkAsRead (VietPropEstate.WebAPI)'
[2026-05-22 18:43:31.183 +07:00 INF] Route matched with {action = "MarkAsRead", controller = "Conversations"}. Executing controller action with signature System.Threading.Tasks.Task`1[Microsoft.AspNetCore.Mvc.IActionResult] MarkAsRead(System.Guid, System.Threading.CancellationToken) on controller VietPropEstate.WebAPI.Controllers.ConversationsController (VietPropEstate.WebAPI).
[2026-05-22 18:43:31.187 +07:00 INF] Handling MarkMessagesAsReadCommand {"ConversationId":"46913b0a-abb0-4101-ab78-d197582c179a","UserId":"79ab50a8-ba36-497b-9b82-a73021cc3fff","$type":"MarkMessagesAsReadCommand"}
[2026-05-22 18:43:31.195 +07:00 INF] Executed DbCommand (0ms) [Parameters=[@__request_ConversationId_0='?' (DbType = Guid)], CommandType='"Text"', CommandTimeout='60']
SELECT TOP(1) [c].[Id], [c].[BuyerId], [c].[BuyerUnreadCount], [c].[ClosedAt], [c].[CreatedAt], [c].[CreatedBy], [c].[DeletedAt], [c].[DeletedBy], [c].[IsClosed], [c].[IsDeleted], [c].[LastMessageAt], [c].[LastMessagePreview], [c].[LastModifiedAt], [c].[LastModifiedBy], [c].[PropertyId], [c].[RowVersion], [c].[SellerId], [c].[SellerUnreadCount], [c].[Subject]
FROM [Conversations] AS [c]
WHERE [c].[IsDeleted] = CAST(0 AS bit) AND [c].[Id] = @__request_ConversationId_0 AND [c].[IsDeleted] = CAST(0 AS bit)
[2026-05-22 18:43:31.200 +07:00 INF] Executed DbCommand (0ms) [Parameters=[@__request_ConversationId_0='?' (DbType = Guid), @__request_UserId_1='?' (Size = 450)], CommandType='"Text"', CommandTimeout='60']
SELECT [m].[Id], [m].[AttachmentUrl], [m].[Content], [m].[ConversationId], [m].[CreatedAt], [m].[CreatedBy], [m].[DeletedAt], [m].[DeletedBy], [m].[IsDeleted], [m].[LastModifiedAt], [m].[LastModifiedBy], [m].[ReadAt], [m].[RowVersion], [m].[SenderId], [m].[Status]
FROM [Messages] AS [m]
WHERE [m].[IsDeleted] = CAST(0 AS bit) AND [m].[ConversationId] = @__request_ConversationId_0 AND [m].[SenderId] <> @__request_UserId_1 AND [m].[Status] IN (0, 1) AND [m].[IsDeleted] = CAST(0 AS bit)
[2026-05-22 18:43:31.204 +07:00 INF] Handled MarkMessagesAsReadCommand in 17ms
[2026-05-22 18:43:31.207 +07:00 INF] Executing StatusCodeResult, setting HTTP status code 204
[2026-05-22 18:43:31.208 +07:00 INF] Executed action VietPropEstate.WebAPI.Controllers.ConversationsController.MarkAsRead (VietPropEstate.WebAPI) in 22.2547ms
[2026-05-22 18:43:31.210 +07:00 INF] Executed endpoint 'VietPropEstate.WebAPI.Controllers.ConversationsController.MarkAsRead (VietPropEstate.WebAPI)'
[2026-05-22 18:43:31.212 +07:00 INF] HTTP POST /api/conversations/46913b0a-abb0-4101-ab78-d197582c179a/read responded 204 in 31.9544 ms
[2026-05-22 18:43:31.215 +07:00 INF] Request finished HTTP/1.1 POST http://localhost:5198/api/conversations/46913b0a-abb0-4101-ab78-d197582c179a/read - 204 null null 41.2534ms
[2026-05-22 18:43:31.840 +07:00 INF] Request starting HTTP/1.1 OPTIONS http://localhost:5198/api/conversations/50485e95-f9b3-4f84-b358-15cb6981b64f/messages?pageNumber=1&pageSize=50 - null null
[2026-05-22 18:43:31.844 +07:00 INF] CORS policy execution successful.
[2026-05-22 18:43:31.845 +07:00 INF] Request finished HTTP/1.1 OPTIONS http://localhost:5198/api/conversations/50485e95-f9b3-4f84-b358-15cb6981b64f/messages?pageNumber=1&pageSize=50 - 204 null null 4.4617ms
[2026-05-22 18:43:31.849 +07:00 INF] Request starting HTTP/1.1 GET http://localhost:5198/api/conversations/50485e95-f9b3-4f84-b358-15cb6981b64f/messages?pageNumber=1&pageSize=50 - null null
[2026-05-22 18:43:31.853 +07:00 INF] CORS policy execution successful.
[2026-05-22 18:43:31.854 +07:00 INF] Executing endpoint 'VietPropEstate.WebAPI.Controllers.ConversationsController.GetMessages (VietPropEstate.WebAPI)'
[2026-05-22 18:43:31.856 +07:00 INF] Route matched with {action = "GetMessages", controller = "Conversations"}. Executing controller action with signature System.Threading.Tasks.Task`1[Microsoft.AspNetCore.Mvc.IActionResult] GetMessages(System.Guid, Int32, Int32, System.Nullable`1[System.DateTime], System.Threading.CancellationToken) on controller VietPropEstate.WebAPI.Controllers.ConversationsController (VietPropEstate.WebAPI).
[2026-05-22 18:43:31.859 +07:00 INF] Handling GetConversationMessagesQuery {"ConversationId":"50485e95-f9b3-4f84-b358-15cb6981b64f","RequestingUserId":"79ab50a8-ba36-497b-9b82-a73021cc3fff","PageNumber":1,"PageSize":50,"Before":null,"$type":"GetConversationMessagesQuery"}
[2026-05-22 18:43:31.866 +07:00 INF] Executed DbCommand (0ms) [Parameters=[@__request_ConversationId_0='?' (DbType = Guid)], CommandType='"Text"', CommandTimeout='60']
SELECT TOP(1) [c].[Id], [c].[BuyerId], [c].[BuyerUnreadCount], [c].[ClosedAt], [c].[CreatedAt], [c].[CreatedBy], [c].[DeletedAt], [c].[DeletedBy], [c].[IsClosed], [c].[IsDeleted], [c].[LastMessageAt], [c].[LastMessagePreview], [c].[LastModifiedAt], [c].[LastModifiedBy], [c].[PropertyId], [c].[RowVersion], [c].[SellerId], [c].[SellerUnreadCount], [c].[Subject]
FROM [Conversations] AS [c]
WHERE [c].[IsDeleted] = CAST(0 AS bit) AND [c].[Id] = @__request_ConversationId_0 AND [c].[IsDeleted] = CAST(0 AS bit)
[2026-05-22 18:43:31.871 +07:00 INF] Executed DbCommand (0ms) [Parameters=[@__request_ConversationId_0='?' (DbType = Guid)], CommandType='"Text"', CommandTimeout='60']
SELECT COUNT(*)
FROM [Messages] AS [m]
WHERE [m].[IsDeleted] = CAST(0 AS bit) AND [m].[ConversationId] = @__request_ConversationId_0 AND [m].[IsDeleted] = CAST(0 AS bit)
[2026-05-22 18:43:31.875 +07:00 INF] Executed DbCommand (1ms) [Parameters=[@__request_ConversationId_0='?' (DbType = Guid), @__p_1='?' (DbType = Int32), @__p_2='?' (DbType = Int32)], CommandType='"Text"', CommandTimeout='60']
SELECT [m].[Id], [m].[AttachmentUrl], [m].[Content], [m].[ConversationId], [m].[CreatedAt], [m].[CreatedBy], [m].[DeletedAt], [m].[DeletedBy], [m].[IsDeleted], [m].[LastModifiedAt], [m].[LastModifiedBy], [m].[ReadAt], [m].[RowVersion], [m].[SenderId], [m].[Status]
FROM [Messages] AS [m]
WHERE [m].[IsDeleted] = CAST(0 AS bit) AND [m].[ConversationId] = @__request_ConversationId_0 AND [m].[IsDeleted] = CAST(0 AS bit)
ORDER BY [m].[CreatedAt] DESC
OFFSET @__p_1 ROWS FETCH NEXT @__p_2 ROWS ONLY
[2026-05-22 18:43:31.880 +07:00 INF] Executed DbCommand (1ms) [Parameters=[@__ids_0='?' (Size = 4000)], CommandType='"Text"', CommandTimeout='60']
SELECT [a].[UserId], [a].[FullName]
FROM [Agents] AS [a]
WHERE [a].[IsDeleted] = CAST(0 AS bit) AND [a].[UserId] IS NOT NULL AND [a].[UserId] IN (
    SELECT [i].[value]
    FROM OPENJSON(@__ids_0) WITH ([value] nvarchar(450) '$') AS [i]
)
[2026-05-22 18:43:31.885 +07:00 INF] Executed DbCommand (1ms) [Parameters=[@__ids_0='?' (Size = 4000)], CommandType='"Text"', CommandTimeout='60']
SELECT [c].[UserId], [c].[FullName]
FROM [Customers] AS [c]
WHERE [c].[IsDeleted] = CAST(0 AS bit) AND [c].[UserId] IS NOT NULL AND [c].[UserId] IN (
    SELECT [i].[value]
    FROM OPENJSON(@__ids_0) WITH ([value] nvarchar(450) '$') AS [i]
)
[2026-05-22 18:43:31.888 +07:00 INF] Handled GetConversationMessagesQuery in 29ms
[2026-05-22 18:43:31.890 +07:00 INF] Executing OkObjectResult, writing value of type 'VietPropEstate.Application.Common.Models.PaginatedList`1[[VietPropEstate.Application.Features.Chat.DTOs.MessageDto, VietPropEstate.Application, Version=1.0.0.0, Culture=neutral, PublicKeyToken=null]]'.
[2026-05-22 18:43:31.893 +07:00 INF] Executed action VietPropEstate.WebAPI.Controllers.ConversationsController.GetMessages (VietPropEstate.WebAPI) in 34.5769ms
[2026-05-22 18:43:31.894 +07:00 INF] Executed endpoint 'VietPropEstate.WebAPI.Controllers.ConversationsController.GetMessages (VietPropEstate.WebAPI)'
[2026-05-22 18:43:31.896 +07:00 INF] HTTP GET /api/conversations/50485e95-f9b3-4f84-b358-15cb6981b64f/messages responded 200 in 41.7489 ms
[2026-05-22 18:43:31.898 +07:00 INF] Request finished HTTP/1.1 GET http://localhost:5198/api/conversations/50485e95-f9b3-4f84-b358-15cb6981b64f/messages?pageNumber=1&pageSize=50 - 200 null application/json; charset=utf-8 48.9654ms
[2026-05-22 18:43:31.903 +07:00 INF] Request starting HTTP/1.1 OPTIONS http://localhost:5198/api/conversations/50485e95-f9b3-4f84-b358-15cb6981b64f/read - null null
[2026-05-22 18:43:31.907 +07:00 INF] CORS policy execution successful.
[2026-05-22 18:43:31.908 +07:00 INF] Request finished HTTP/1.1 OPTIONS http://localhost:5198/api/conversations/50485e95-f9b3-4f84-b358-15cb6981b64f/read - 204 null null 4.6793ms
[2026-05-22 18:43:31.913 +07:00 INF] Request starting HTTP/1.1 POST http://localhost:5198/api/conversations/50485e95-f9b3-4f84-b358-15cb6981b64f/read - null 0
[2026-05-22 18:43:31.917 +07:00 INF] CORS policy execution successful.
[2026-05-22 18:43:31.918 +07:00 INF] Executing endpoint 'VietPropEstate.WebAPI.Controllers.ConversationsController.MarkAsRead (VietPropEstate.WebAPI)'
[2026-05-22 18:43:31.920 +07:00 INF] Route matched with {action = "MarkAsRead", controller = "Conversations"}. Executing controller action with signature System.Threading.Tasks.Task`1[Microsoft.AspNetCore.Mvc.IActionResult] MarkAsRead(System.Guid, System.Threading.CancellationToken) on controller VietPropEstate.WebAPI.Controllers.ConversationsController (VietPropEstate.WebAPI).
[2026-05-22 18:43:31.923 +07:00 INF] Handling MarkMessagesAsReadCommand {"ConversationId":"50485e95-f9b3-4f84-b358-15cb6981b64f","UserId":"79ab50a8-ba36-497b-9b82-a73021cc3fff","$type":"MarkMessagesAsReadCommand"}
[2026-05-22 18:43:31.931 +07:00 INF] Executed DbCommand (1ms) [Parameters=[@__request_ConversationId_0='?' (DbType = Guid)], CommandType='"Text"', CommandTimeout='60']
SELECT TOP(1) [c].[Id], [c].[BuyerId], [c].[BuyerUnreadCount], [c].[ClosedAt], [c].[CreatedAt], [c].[CreatedBy], [c].[DeletedAt], [c].[DeletedBy], [c].[IsClosed], [c].[IsDeleted], [c].[LastMessageAt], [c].[LastMessagePreview], [c].[LastModifiedAt], [c].[LastModifiedBy], [c].[PropertyId], [c].[RowVersion], [c].[SellerId], [c].[SellerUnreadCount], [c].[Subject]
FROM [Conversations] AS [c]
WHERE [c].[IsDeleted] = CAST(0 AS bit) AND [c].[Id] = @__request_ConversationId_0 AND [c].[IsDeleted] = CAST(0 AS bit)
[2026-05-22 18:43:31.935 +07:00 INF] Executed DbCommand (1ms) [Parameters=[@__request_ConversationId_0='?' (DbType = Guid), @__request_UserId_1='?' (Size = 450)], CommandType='"Text"', CommandTimeout='60']
SELECT [m].[Id], [m].[AttachmentUrl], [m].[Content], [m].[ConversationId], [m].[CreatedAt], [m].[CreatedBy], [m].[DeletedAt], [m].[DeletedBy], [m].[IsDeleted], [m].[LastModifiedAt], [m].[LastModifiedBy], [m].[ReadAt], [m].[RowVersion], [m].[SenderId], [m].[Status]
FROM [Messages] AS [m]
WHERE [m].[IsDeleted] = CAST(0 AS bit) AND [m].[ConversationId] = @__request_ConversationId_0 AND [m].[SenderId] <> @__request_UserId_1 AND [m].[Status] IN (0, 1) AND [m].[IsDeleted] = CAST(0 AS bit)
[2026-05-22 18:43:31.938 +07:00 INF] Handled MarkMessagesAsReadCommand in 14ms
[2026-05-22 18:43:31.940 +07:00 INF] Executing StatusCodeResult, setting HTTP status code 204
[2026-05-22 18:43:31.941 +07:00 INF] Executed action VietPropEstate.WebAPI.Controllers.ConversationsController.MarkAsRead (VietPropEstate.WebAPI) in 18.5619ms
[2026-05-22 18:43:31.943 +07:00 INF] Executed endpoint 'VietPropEstate.WebAPI.Controllers.ConversationsController.MarkAsRead (VietPropEstate.WebAPI)'
[2026-05-22 18:43:31.945 +07:00 INF] HTTP POST /api/conversations/50485e95-f9b3-4f84-b358-15cb6981b64f/read responded 204 in 26.9653 ms
[2026-05-22 18:43:31.948 +07:00 INF] Request finished HTTP/1.1 POST http://localhost:5198/api/conversations/50485e95-f9b3-4f84-b358-15cb6981b64f/read - 204 null null 34.969ms
[2026-05-22 18:43:32.319 +07:00 INF] Request starting HTTP/1.1 GET http://localhost:5198/api/conversations/46913b0a-abb0-4101-ab78-d197582c179a/messages?pageNumber=1&pageSize=50 - null null
[2026-05-22 18:43:32.323 +07:00 INF] CORS policy execution successful.
[2026-05-22 18:43:32.324 +07:00 INF] Executing endpoint 'VietPropEstate.WebAPI.Controllers.ConversationsController.GetMessages (VietPropEstate.WebAPI)'
[2026-05-22 18:43:32.326 +07:00 INF] Route matched with {action = "GetMessages", controller = "Conversations"}. Executing controller action with signature System.Threading.Tasks.Task`1[Microsoft.AspNetCore.Mvc.IActionResult] GetMessages(System.Guid, Int32, Int32, System.Nullable`1[System.DateTime], System.Threading.CancellationToken) on controller VietPropEstate.WebAPI.Controllers.ConversationsController (VietPropEstate.WebAPI).
[2026-05-22 18:43:32.329 +07:00 INF] Handling GetConversationMessagesQuery {"ConversationId":"46913b0a-abb0-4101-ab78-d197582c179a","RequestingUserId":"79ab50a8-ba36-497b-9b82-a73021cc3fff","PageNumber":1,"PageSize":50,"Before":null,"$type":"GetConversationMessagesQuery"}
[2026-05-22 18:43:32.339 +07:00 INF] Executed DbCommand (1ms) [Parameters=[@__request_ConversationId_0='?' (DbType = Guid)], CommandType='"Text"', CommandTimeout='60']
SELECT TOP(1) [c].[Id], [c].[BuyerId], [c].[BuyerUnreadCount], [c].[ClosedAt], [c].[CreatedAt], [c].[CreatedBy], [c].[DeletedAt], [c].[DeletedBy], [c].[IsClosed], [c].[IsDeleted], [c].[LastMessageAt], [c].[LastMessagePreview], [c].[LastModifiedAt], [c].[LastModifiedBy], [c].[PropertyId], [c].[RowVersion], [c].[SellerId], [c].[SellerUnreadCount], [c].[Subject]
FROM [Conversations] AS [c]
WHERE [c].[IsDeleted] = CAST(0 AS bit) AND [c].[Id] = @__request_ConversationId_0 AND [c].[IsDeleted] = CAST(0 AS bit)
[2026-05-22 18:43:32.343 +07:00 INF] Executed DbCommand (1ms) [Parameters=[@__request_ConversationId_0='?' (DbType = Guid)], CommandType='"Text"', CommandTimeout='60']
SELECT COUNT(*)
FROM [Messages] AS [m]
WHERE [m].[IsDeleted] = CAST(0 AS bit) AND [m].[ConversationId] = @__request_ConversationId_0 AND [m].[IsDeleted] = CAST(0 AS bit)
[2026-05-22 18:43:32.348 +07:00 INF] Executed DbCommand (1ms) [Parameters=[@__request_ConversationId_0='?' (DbType = Guid), @__p_1='?' (DbType = Int32), @__p_2='?' (DbType = Int32)], CommandType='"Text"', CommandTimeout='60']
SELECT [m].[Id], [m].[AttachmentUrl], [m].[Content], [m].[ConversationId], [m].[CreatedAt], [m].[CreatedBy], [m].[DeletedAt], [m].[DeletedBy], [m].[IsDeleted], [m].[LastModifiedAt], [m].[LastModifiedBy], [m].[ReadAt], [m].[RowVersion], [m].[SenderId], [m].[Status]
FROM [Messages] AS [m]
WHERE [m].[IsDeleted] = CAST(0 AS bit) AND [m].[ConversationId] = @__request_ConversationId_0 AND [m].[IsDeleted] = CAST(0 AS bit)
ORDER BY [m].[CreatedAt] DESC
OFFSET @__p_1 ROWS FETCH NEXT @__p_2 ROWS ONLY
[2026-05-22 18:43:32.352 +07:00 INF] Executed DbCommand (1ms) [Parameters=[@__ids_0='?' (Size = 4000)], CommandType='"Text"', CommandTimeout='60']
SELECT [a].[UserId], [a].[FullName]
FROM [Agents] AS [a]
WHERE [a].[IsDeleted] = CAST(0 AS bit) AND [a].[UserId] IS NOT NULL AND [a].[UserId] IN (
    SELECT [i].[value]
    FROM OPENJSON(@__ids_0) WITH ([value] nvarchar(450) '$') AS [i]
)
[2026-05-22 18:43:32.356 +07:00 INF] Executed DbCommand (0ms) [Parameters=[@__ids_0='?' (Size = 4000)], CommandType='"Text"', CommandTimeout='60']
SELECT [c].[UserId], [c].[FullName]
FROM [Customers] AS [c]
WHERE [c].[IsDeleted] = CAST(0 AS bit) AND [c].[UserId] IS NOT NULL AND [c].[UserId] IN (
    SELECT [i].[value]
    FROM OPENJSON(@__ids_0) WITH ([value] nvarchar(450) '$') AS [i]
)
[2026-05-22 18:43:32.360 +07:00 INF] Handled GetConversationMessagesQuery in 30ms
[2026-05-22 18:43:32.362 +07:00 INF] Executing OkObjectResult, writing value of type 'VietPropEstate.Application.Common.Models.PaginatedList`1[[VietPropEstate.Application.Features.Chat.DTOs.MessageDto, VietPropEstate.Application, Version=1.0.0.0, Culture=neutral, PublicKeyToken=null]]'.
[2026-05-22 18:43:32.364 +07:00 INF] Executed action VietPropEstate.WebAPI.Controllers.ConversationsController.GetMessages (VietPropEstate.WebAPI) in 34.9246ms
[2026-05-22 18:43:32.366 +07:00 INF] Executed endpoint 'VietPropEstate.WebAPI.Controllers.ConversationsController.GetMessages (VietPropEstate.WebAPI)'
[2026-05-22 18:43:32.368 +07:00 INF] HTTP GET /api/conversations/46913b0a-abb0-4101-ab78-d197582c179a/messages responded 200 in 43.7466 ms
[2026-05-22 18:43:32.371 +07:00 INF] Request finished HTTP/1.1 GET http://localhost:5198/api/conversations/46913b0a-abb0-4101-ab78-d197582c179a/messages?pageNumber=1&pageSize=50 - 200 null application/json; charset=utf-8 51.2109ms
[2026-05-22 18:43:32.375 +07:00 INF] Request starting HTTP/1.1 POST http://localhost:5198/api/conversations/46913b0a-abb0-4101-ab78-d197582c179a/read - null 0
[2026-05-22 18:43:32.379 +07:00 INF] CORS policy execution successful.
[2026-05-22 18:43:32.381 +07:00 INF] Executing endpoint 'VietPropEstate.WebAPI.Controllers.ConversationsController.MarkAsRead (VietPropEstate.WebAPI)'
[2026-05-22 18:43:32.383 +07:00 INF] Route matched with {action = "MarkAsRead", controller = "Conversations"}. Executing controller action with signature System.Threading.Tasks.Task`1[Microsoft.AspNetCore.Mvc.IActionResult] MarkAsRead(System.Guid, System.Threading.CancellationToken) on controller VietPropEstate.WebAPI.Controllers.ConversationsController (VietPropEstate.WebAPI).
[2026-05-22 18:43:32.386 +07:00 INF] Handling MarkMessagesAsReadCommand {"ConversationId":"46913b0a-abb0-4101-ab78-d197582c179a","UserId":"79ab50a8-ba36-497b-9b82-a73021cc3fff","$type":"MarkMessagesAsReadCommand"}
[2026-05-22 18:43:32.392 +07:00 INF] Executed DbCommand (0ms) [Parameters=[@__request_ConversationId_0='?' (DbType = Guid)], CommandType='"Text"', CommandTimeout='60']
SELECT TOP(1) [c].[Id], [c].[BuyerId], [c].[BuyerUnreadCount], [c].[ClosedAt], [c].[CreatedAt], [c].[CreatedBy], [c].[DeletedAt], [c].[DeletedBy], [c].[IsClosed], [c].[IsDeleted], [c].[LastMessageAt], [c].[LastMessagePreview], [c].[LastModifiedAt], [c].[LastModifiedBy], [c].[PropertyId], [c].[RowVersion], [c].[SellerId], [c].[SellerUnreadCount], [c].[Subject]
FROM [Conversations] AS [c]
WHERE [c].[IsDeleted] = CAST(0 AS bit) AND [c].[Id] = @__request_ConversationId_0 AND [c].[IsDeleted] = CAST(0 AS bit)
[2026-05-22 18:43:32.396 +07:00 INF] Executed DbCommand (0ms) [Parameters=[@__request_ConversationId_0='?' (DbType = Guid), @__request_UserId_1='?' (Size = 450)], CommandType='"Text"', CommandTimeout='60']
SELECT [m].[Id], [m].[AttachmentUrl], [m].[Content], [m].[ConversationId], [m].[CreatedAt], [m].[CreatedBy], [m].[DeletedAt], [m].[DeletedBy], [m].[IsDeleted], [m].[LastModifiedAt], [m].[LastModifiedBy], [m].[ReadAt], [m].[RowVersion], [m].[SenderId], [m].[Status]
FROM [Messages] AS [m]
WHERE [m].[IsDeleted] = CAST(0 AS bit) AND [m].[ConversationId] = @__request_ConversationId_0 AND [m].[SenderId] <> @__request_UserId_1 AND [m].[Status] IN (0, 1) AND [m].[IsDeleted] = CAST(0 AS bit)
[2026-05-22 18:43:32.399 +07:00 INF] Handled MarkMessagesAsReadCommand in 13ms
[2026-05-22 18:43:32.401 +07:00 INF] Executing StatusCodeResult, setting HTTP status code 204
[2026-05-22 18:43:32.403 +07:00 INF] Executed action VietPropEstate.WebAPI.Controllers.ConversationsController.MarkAsRead (VietPropEstate.WebAPI) in 17.3902ms
[2026-05-22 18:43:32.405 +07:00 INF] Executed endpoint 'VietPropEstate.WebAPI.Controllers.ConversationsController.MarkAsRead (VietPropEstate.WebAPI)'
[2026-05-22 18:43:32.406 +07:00 INF] HTTP POST /api/conversations/46913b0a-abb0-4101-ab78-d197582c179a/read responded 204 in 25.3980 ms
[2026-05-22 18:43:32.409 +07:00 INF] Request finished HTTP/1.1 POST http://localhost:5198/api/conversations/46913b0a-abb0-4101-ab78-d197582c179a/read - 204 null null 33.2671ms
[2026-05-22 18:43:32.833 +07:00 INF] Request starting HTTP/1.1 GET http://localhost:5198/api/conversations/50485e95-f9b3-4f84-b358-15cb6981b64f/messages?pageNumber=1&pageSize=50 - null null
[2026-05-22 18:43:32.837 +07:00 INF] CORS policy execution successful.
[2026-05-22 18:43:32.838 +07:00 INF] Executing endpoint 'VietPropEstate.WebAPI.Controllers.ConversationsController.GetMessages (VietPropEstate.WebAPI)'
[2026-05-22 18:43:32.840 +07:00 INF] Route matched with {action = "GetMessages", controller = "Conversations"}. Executing controller action with signature System.Threading.Tasks.Task`1[Microsoft.AspNetCore.Mvc.IActionResult] GetMessages(System.Guid, Int32, Int32, System.Nullable`1[System.DateTime], System.Threading.CancellationToken) on controller VietPropEstate.WebAPI.Controllers.ConversationsController (VietPropEstate.WebAPI).
[2026-05-22 18:43:32.843 +07:00 INF] Handling GetConversationMessagesQuery {"ConversationId":"50485e95-f9b3-4f84-b358-15cb6981b64f","RequestingUserId":"79ab50a8-ba36-497b-9b82-a73021cc3fff","PageNumber":1,"PageSize":50,"Before":null,"$type":"GetConversationMessagesQuery"}
[2026-05-22 18:43:32.851 +07:00 INF] Executed DbCommand (0ms) [Parameters=[@__request_ConversationId_0='?' (DbType = Guid)], CommandType='"Text"', CommandTimeout='60']
SELECT TOP(1) [c].[Id], [c].[BuyerId], [c].[BuyerUnreadCount], [c].[ClosedAt], [c].[CreatedAt], [c].[CreatedBy], [c].[DeletedAt], [c].[DeletedBy], [c].[IsClosed], [c].[IsDeleted], [c].[LastMessageAt], [c].[LastMessagePreview], [c].[LastModifiedAt], [c].[LastModifiedBy], [c].[PropertyId], [c].[RowVersion], [c].[SellerId], [c].[SellerUnreadCount], [c].[Subject]
FROM [Conversations] AS [c]
WHERE [c].[IsDeleted] = CAST(0 AS bit) AND [c].[Id] = @__request_ConversationId_0 AND [c].[IsDeleted] = CAST(0 AS bit)
[2026-05-22 18:43:32.855 +07:00 INF] Executed DbCommand (1ms) [Parameters=[@__request_ConversationId_0='?' (DbType = Guid)], CommandType='"Text"', CommandTimeout='60']
SELECT COUNT(*)
FROM [Messages] AS [m]
WHERE [m].[IsDeleted] = CAST(0 AS bit) AND [m].[ConversationId] = @__request_ConversationId_0 AND [m].[IsDeleted] = CAST(0 AS bit)
[2026-05-22 18:43:32.859 +07:00 INF] Executed DbCommand (1ms) [Parameters=[@__request_ConversationId_0='?' (DbType = Guid), @__p_1='?' (DbType = Int32), @__p_2='?' (DbType = Int32)], CommandType='"Text"', CommandTimeout='60']
SELECT [m].[Id], [m].[AttachmentUrl], [m].[Content], [m].[ConversationId], [m].[CreatedAt], [m].[CreatedBy], [m].[DeletedAt], [m].[DeletedBy], [m].[IsDeleted], [m].[LastModifiedAt], [m].[LastModifiedBy], [m].[ReadAt], [m].[RowVersion], [m].[SenderId], [m].[Status]
FROM [Messages] AS [m]
WHERE [m].[IsDeleted] = CAST(0 AS bit) AND [m].[ConversationId] = @__request_ConversationId_0 AND [m].[IsDeleted] = CAST(0 AS bit)
ORDER BY [m].[CreatedAt] DESC
OFFSET @__p_1 ROWS FETCH NEXT @__p_2 ROWS ONLY
[2026-05-22 18:43:32.863 +07:00 INF] Executed DbCommand (1ms) [Parameters=[@__ids_0='?' (Size = 4000)], CommandType='"Text"', CommandTimeout='60']
SELECT [a].[UserId], [a].[FullName]
FROM [Agents] AS [a]
WHERE [a].[IsDeleted] = CAST(0 AS bit) AND [a].[UserId] IS NOT NULL AND [a].[UserId] IN (
    SELECT [i].[value]
    FROM OPENJSON(@__ids_0) WITH ([value] nvarchar(450) '$') AS [i]
)
[2026-05-22 18:43:32.870 +07:00 INF] Executed DbCommand (3ms) [Parameters=[@__ids_0='?' (Size = 4000)], CommandType='"Text"', CommandTimeout='60']
SELECT [c].[UserId], [c].[FullName]
FROM [Customers] AS [c]
WHERE [c].[IsDeleted] = CAST(0 AS bit) AND [c].[UserId] IS NOT NULL AND [c].[UserId] IN (
    SELECT [i].[value]
    FROM OPENJSON(@__ids_0) WITH ([value] nvarchar(450) '$') AS [i]
)
[2026-05-22 18:43:32.872 +07:00 INF] Handled GetConversationMessagesQuery in 29ms
[2026-05-22 18:43:32.874 +07:00 INF] Executing OkObjectResult, writing value of type 'VietPropEstate.Application.Common.Models.PaginatedList`1[[VietPropEstate.Application.Features.Chat.DTOs.MessageDto, VietPropEstate.Application, Version=1.0.0.0, Culture=neutral, PublicKeyToken=null]]'.
[2026-05-22 18:43:32.876 +07:00 INF] Executed action VietPropEstate.WebAPI.Controllers.ConversationsController.GetMessages (VietPropEstate.WebAPI) in 33.5556ms
[2026-05-22 18:43:32.878 +07:00 INF] Executed endpoint 'VietPropEstate.WebAPI.Controllers.ConversationsController.GetMessages (VietPropEstate.WebAPI)'
[2026-05-22 18:43:32.879 +07:00 INF] HTTP GET /api/conversations/50485e95-f9b3-4f84-b358-15cb6981b64f/messages responded 200 in 40.9452 ms
[2026-05-22 18:43:32.882 +07:00 INF] Request finished HTTP/1.1 GET http://localhost:5198/api/conversations/50485e95-f9b3-4f84-b358-15cb6981b64f/messages?pageNumber=1&pageSize=50 - 200 null application/json; charset=utf-8 49.1569ms
[2026-05-22 18:43:32.887 +07:00 INF] Request starting HTTP/1.1 POST http://localhost:5198/api/conversations/50485e95-f9b3-4f84-b358-15cb6981b64f/read - null 0
[2026-05-22 18:43:32.891 +07:00 INF] CORS policy execution successful.
[2026-05-22 18:43:32.893 +07:00 INF] Executing endpoint 'VietPropEstate.WebAPI.Controllers.ConversationsController.MarkAsRead (VietPropEstate.WebAPI)'
[2026-05-22 18:43:32.894 +07:00 INF] Route matched with {action = "MarkAsRead", controller = "Conversations"}. Executing controller action with signature System.Threading.Tasks.Task`1[Microsoft.AspNetCore.Mvc.IActionResult] MarkAsRead(System.Guid, System.Threading.CancellationToken) on controller VietPropEstate.WebAPI.Controllers.ConversationsController (VietPropEstate.WebAPI).
[2026-05-22 18:43:32.898 +07:00 INF] Handling MarkMessagesAsReadCommand {"ConversationId":"50485e95-f9b3-4f84-b358-15cb6981b64f","UserId":"79ab50a8-ba36-497b-9b82-a73021cc3fff","$type":"MarkMessagesAsReadCommand"}
[2026-05-22 18:43:32.903 +07:00 INF] Executed DbCommand (0ms) [Parameters=[@__request_ConversationId_0='?' (DbType = Guid)], CommandType='"Text"', CommandTimeout='60']
SELECT TOP(1) [c].[Id], [c].[BuyerId], [c].[BuyerUnreadCount], [c].[ClosedAt], [c].[CreatedAt], [c].[CreatedBy], [c].[DeletedAt], [c].[DeletedBy], [c].[IsClosed], [c].[IsDeleted], [c].[LastMessageAt], [c].[LastMessagePreview], [c].[LastModifiedAt], [c].[LastModifiedBy], [c].[PropertyId], [c].[RowVersion], [c].[SellerId], [c].[SellerUnreadCount], [c].[Subject]
FROM [Conversations] AS [c]
WHERE [c].[IsDeleted] = CAST(0 AS bit) AND [c].[Id] = @__request_ConversationId_0 AND [c].[IsDeleted] = CAST(0 AS bit)
[2026-05-22 18:43:32.907 +07:00 INF] Executed DbCommand (0ms) [Parameters=[@__request_ConversationId_0='?' (DbType = Guid), @__request_UserId_1='?' (Size = 450)], CommandType='"Text"', CommandTimeout='60']
SELECT [m].[Id], [m].[AttachmentUrl], [m].[Content], [m].[ConversationId], [m].[CreatedAt], [m].[CreatedBy], [m].[DeletedAt], [m].[DeletedBy], [m].[IsDeleted], [m].[LastModifiedAt], [m].[LastModifiedBy], [m].[ReadAt], [m].[RowVersion], [m].[SenderId], [m].[Status]
FROM [Messages] AS [m]
WHERE [m].[IsDeleted] = CAST(0 AS bit) AND [m].[ConversationId] = @__request_ConversationId_0 AND [m].[SenderId] <> @__request_UserId_1 AND [m].[Status] IN (0, 1) AND [m].[IsDeleted] = CAST(0 AS bit)
[2026-05-22 18:43:32.911 +07:00 INF] Handled MarkMessagesAsReadCommand in 12ms
[2026-05-22 18:43:32.913 +07:00 INF] Executing StatusCodeResult, setting HTTP status code 204
[2026-05-22 18:43:32.914 +07:00 INF] Executed action VietPropEstate.WebAPI.Controllers.ConversationsController.MarkAsRead (VietPropEstate.WebAPI) in 16.3854ms
[2026-05-22 18:43:32.916 +07:00 INF] Executed endpoint 'VietPropEstate.WebAPI.Controllers.ConversationsController.MarkAsRead (VietPropEstate.WebAPI)'
[2026-05-22 18:43:32.918 +07:00 INF] HTTP POST /api/conversations/50485e95-f9b3-4f84-b358-15cb6981b64f/read responded 204 in 25.8295 ms
[2026-05-22 18:43:32.920 +07:00 INF] Request finished HTTP/1.1 POST http://localhost:5198/api/conversations/50485e95-f9b3-4f84-b358-15cb6981b64f/read - 204 null null 33.4021ms
[2026-05-22 18:43:33.215 +07:00 INF] Request starting HTTP/1.1 GET http://localhost:5198/api/conversations/46913b0a-abb0-4101-ab78-d197582c179a/messages?pageNumber=1&pageSize=50 - null null
[2026-05-22 18:43:33.219 +07:00 INF] CORS policy execution successful.
[2026-05-22 18:43:33.220 +07:00 INF] Executing endpoint 'VietPropEstate.WebAPI.Controllers.ConversationsController.GetMessages (VietPropEstate.WebAPI)'
[2026-05-22 18:43:33.222 +07:00 INF] Route matched with {action = "GetMessages", controller = "Conversations"}. Executing controller action with signature System.Threading.Tasks.Task`1[Microsoft.AspNetCore.Mvc.IActionResult] GetMessages(System.Guid, Int32, Int32, System.Nullable`1[System.DateTime], System.Threading.CancellationToken) on controller VietPropEstate.WebAPI.Controllers.ConversationsController (VietPropEstate.WebAPI).
[2026-05-22 18:43:33.225 +07:00 INF] Handling GetConversationMessagesQuery {"ConversationId":"46913b0a-abb0-4101-ab78-d197582c179a","RequestingUserId":"79ab50a8-ba36-497b-9b82-a73021cc3fff","PageNumber":1,"PageSize":50,"Before":null,"$type":"GetConversationMessagesQuery"}
[2026-05-22 18:43:33.234 +07:00 INF] Executed DbCommand (0ms) [Parameters=[@__request_ConversationId_0='?' (DbType = Guid)], CommandType='"Text"', CommandTimeout='60']
SELECT TOP(1) [c].[Id], [c].[BuyerId], [c].[BuyerUnreadCount], [c].[ClosedAt], [c].[CreatedAt], [c].[CreatedBy], [c].[DeletedAt], [c].[DeletedBy], [c].[IsClosed], [c].[IsDeleted], [c].[LastMessageAt], [c].[LastMessagePreview], [c].[LastModifiedAt], [c].[LastModifiedBy], [c].[PropertyId], [c].[RowVersion], [c].[SellerId], [c].[SellerUnreadCount], [c].[Subject]
FROM [Conversations] AS [c]
WHERE [c].[IsDeleted] = CAST(0 AS bit) AND [c].[Id] = @__request_ConversationId_0 AND [c].[IsDeleted] = CAST(0 AS bit)
[2026-05-22 18:43:33.238 +07:00 INF] Executed DbCommand (0ms) [Parameters=[@__request_ConversationId_0='?' (DbType = Guid)], CommandType='"Text"', CommandTimeout='60']
SELECT COUNT(*)
FROM [Messages] AS [m]
WHERE [m].[IsDeleted] = CAST(0 AS bit) AND [m].[ConversationId] = @__request_ConversationId_0 AND [m].[IsDeleted] = CAST(0 AS bit)
[2026-05-22 18:43:33.242 +07:00 INF] Executed DbCommand (0ms) [Parameters=[@__request_ConversationId_0='?' (DbType = Guid), @__p_1='?' (DbType = Int32), @__p_2='?' (DbType = Int32)], CommandType='"Text"', CommandTimeout='60']
SELECT [m].[Id], [m].[AttachmentUrl], [m].[Content], [m].[ConversationId], [m].[CreatedAt], [m].[CreatedBy], [m].[DeletedAt], [m].[DeletedBy], [m].[IsDeleted], [m].[LastModifiedAt], [m].[LastModifiedBy], [m].[ReadAt], [m].[RowVersion], [m].[SenderId], [m].[Status]
FROM [Messages] AS [m]
WHERE [m].[IsDeleted] = CAST(0 AS bit) AND [m].[ConversationId] = @__request_ConversationId_0 AND [m].[IsDeleted] = CAST(0 AS bit)
ORDER BY [m].[CreatedAt] DESC
OFFSET @__p_1 ROWS FETCH NEXT @__p_2 ROWS ONLY
[2026-05-22 18:43:33.247 +07:00 INF] Executed DbCommand (0ms) [Parameters=[@__ids_0='?' (Size = 4000)], CommandType='"Text"', CommandTimeout='60']
SELECT [a].[UserId], [a].[FullName]
FROM [Agents] AS [a]
WHERE [a].[IsDeleted] = CAST(0 AS bit) AND [a].[UserId] IS NOT NULL AND [a].[UserId] IN (
    SELECT [i].[value]
    FROM OPENJSON(@__ids_0) WITH ([value] nvarchar(450) '$') AS [i]
)
[2026-05-22 18:43:33.251 +07:00 INF] Executed DbCommand (0ms) [Parameters=[@__ids_0='?' (Size = 4000)], CommandType='"Text"', CommandTimeout='60']
SELECT [c].[UserId], [c].[FullName]
FROM [Customers] AS [c]
WHERE [c].[IsDeleted] = CAST(0 AS bit) AND [c].[UserId] IS NOT NULL AND [c].[UserId] IN (
    SELECT [i].[value]
    FROM OPENJSON(@__ids_0) WITH ([value] nvarchar(450) '$') AS [i]
)
[2026-05-22 18:43:33.254 +07:00 INF] Handled GetConversationMessagesQuery in 28ms
[2026-05-22 18:43:33.256 +07:00 INF] Executing OkObjectResult, writing value of type 'VietPropEstate.Application.Common.Models.PaginatedList`1[[VietPropEstate.Application.Features.Chat.DTOs.MessageDto, VietPropEstate.Application, Version=1.0.0.0, Culture=neutral, PublicKeyToken=null]]'.
[2026-05-22 18:43:33.259 +07:00 INF] Executed action VietPropEstate.WebAPI.Controllers.ConversationsController.GetMessages (VietPropEstate.WebAPI) in 34.0267ms
[2026-05-22 18:43:33.261 +07:00 INF] Executed endpoint 'VietPropEstate.WebAPI.Controllers.ConversationsController.GetMessages (VietPropEstate.WebAPI)'
[2026-05-22 18:43:33.262 +07:00 INF] HTTP GET /api/conversations/46913b0a-abb0-4101-ab78-d197582c179a/messages responded 200 in 42.2186 ms
[2026-05-22 18:43:33.265 +07:00 INF] Request finished HTTP/1.1 GET http://localhost:5198/api/conversations/46913b0a-abb0-4101-ab78-d197582c179a/messages?pageNumber=1&pageSize=50 - 200 null application/json; charset=utf-8 49.681ms
[2026-05-22 18:43:33.270 +07:00 INF] Request starting HTTP/1.1 POST http://localhost:5198/api/conversations/46913b0a-abb0-4101-ab78-d197582c179a/read - null 0
[2026-05-22 18:43:33.274 +07:00 INF] CORS policy execution successful.
[2026-05-22 18:43:33.275 +07:00 INF] Executing endpoint 'VietPropEstate.WebAPI.Controllers.ConversationsController.MarkAsRead (VietPropEstate.WebAPI)'
[2026-05-22 18:43:33.277 +07:00 INF] Route matched with {action = "MarkAsRead", controller = "Conversations"}. Executing controller action with signature System.Threading.Tasks.Task`1[Microsoft.AspNetCore.Mvc.IActionResult] MarkAsRead(System.Guid, System.Threading.CancellationToken) on controller VietPropEstate.WebAPI.Controllers.ConversationsController (VietPropEstate.WebAPI).
[2026-05-22 18:43:33.280 +07:00 INF] Handling MarkMessagesAsReadCommand {"ConversationId":"46913b0a-abb0-4101-ab78-d197582c179a","UserId":"79ab50a8-ba36-497b-9b82-a73021cc3fff","$type":"MarkMessagesAsReadCommand"}
[2026-05-22 18:43:33.286 +07:00 INF] Executed DbCommand (0ms) [Parameters=[@__request_ConversationId_0='?' (DbType = Guid)], CommandType='"Text"', CommandTimeout='60']
SELECT TOP(1) [c].[Id], [c].[BuyerId], [c].[BuyerUnreadCount], [c].[ClosedAt], [c].[CreatedAt], [c].[CreatedBy], [c].[DeletedAt], [c].[DeletedBy], [c].[IsClosed], [c].[IsDeleted], [c].[LastMessageAt], [c].[LastMessagePreview], [c].[LastModifiedAt], [c].[LastModifiedBy], [c].[PropertyId], [c].[RowVersion], [c].[SellerId], [c].[SellerUnreadCount], [c].[Subject]
FROM [Conversations] AS [c]
WHERE [c].[IsDeleted] = CAST(0 AS bit) AND [c].[Id] = @__request_ConversationId_0 AND [c].[IsDeleted] = CAST(0 AS bit)
[2026-05-22 18:43:33.289 +07:00 INF] Executed DbCommand (0ms) [Parameters=[@__request_ConversationId_0='?' (DbType = Guid), @__request_UserId_1='?' (Size = 450)], CommandType='"Text"', CommandTimeout='60']
SELECT [m].[Id], [m].[AttachmentUrl], [m].[Content], [m].[ConversationId], [m].[CreatedAt], [m].[CreatedBy], [m].[DeletedAt], [m].[DeletedBy], [m].[IsDeleted], [m].[LastModifiedAt], [m].[LastModifiedBy], [m].[ReadAt], [m].[RowVersion], [m].[SenderId], [m].[Status]
FROM [Messages] AS [m]
WHERE [m].[IsDeleted] = CAST(0 AS bit) AND [m].[ConversationId] = @__request_ConversationId_0 AND [m].[SenderId] <> @__request_UserId_1 AND [m].[Status] IN (0, 1) AND [m].[IsDeleted] = CAST(0 AS bit)
[2026-05-22 18:43:33.293 +07:00 INF] Handled MarkMessagesAsReadCommand in 13ms
[2026-05-22 18:43:33.295 +07:00 INF] Executing StatusCodeResult, setting HTTP status code 204
[2026-05-22 18:43:33.296 +07:00 INF] Executed action VietPropEstate.WebAPI.Controllers.ConversationsController.MarkAsRead (VietPropEstate.WebAPI) in 16.4973ms
[2026-05-22 18:43:33.298 +07:00 INF] Executed endpoint 'VietPropEstate.WebAPI.Controllers.ConversationsController.MarkAsRead (VietPropEstate.WebAPI)'
[2026-05-22 18:43:33.300 +07:00 INF] HTTP POST /api/conversations/46913b0a-abb0-4101-ab78-d197582c179a/read responded 204 in 24.3723 ms
[2026-05-22 18:43:33.302 +07:00 INF] Request finished HTTP/1.1 POST http://localhost:5198/api/conversations/46913b0a-abb0-4101-ab78-d197582c179a/read - 204 null null 32.6379ms
