[2026-05-24 10:08:57.712 +07:00 INF] Swagger UI: /swagger
[2026-05-24 10:08:58.457 +07:00 WRN] Entity 'Property' has a global query filter defined and is the required end of a relationship with the entity 'PropertyView'. This may lead to unexpected results when the required entity is filtered out. Either configure the navigation as optional, or define matching query filters for both entities in the navigation. See https://go.microsoft.com/fwlink/?linkid=2131316 for more information.
[2026-05-24 10:08:59.192 +07:00 INF] Executed DbCommand (19ms) [Parameters=[], CommandType='"Text"', CommandTimeout='60']
SELECT 1
[2026-05-24 10:08:59.223 +07:00 INF] Executed DbCommand (19ms) [Parameters=[], CommandType='"Text"', CommandTimeout='60']
DECLARE @result int;
EXEC @result = sp_getapplock @Resource = '__EFMigrationsLock', @LockOwner = 'Session', @LockMode = 'Exclusive';
SELECT @result
[2026-05-24 10:08:59.279 +07:00 INF] Executed DbCommand (2ms) [Parameters=[], CommandType='"Text"', CommandTimeout='60']
IF OBJECT_ID(N'[__EFMigrationsHistory]') IS NULL
BEGIN
    CREATE TABLE [__EFMigrationsHistory] (
        [MigrationId] nvarchar(150) NOT NULL,
        [ProductVersion] nvarchar(32) NOT NULL,
        CONSTRAINT [PK___EFMigrationsHistory] PRIMARY KEY ([MigrationId])
    );
END;
[2026-05-24 10:08:59.297 +07:00 INF] Executed DbCommand (1ms) [Parameters=[], CommandType='"Text"', CommandTimeout='60']
SELECT 1
[2026-05-24 10:08:59.300 +07:00 INF] Executed DbCommand (0ms) [Parameters=[], CommandType='"Text"', CommandTimeout='60']
SELECT OBJECT_ID(N'[__EFMigrationsHistory]');
[2026-05-24 10:08:59.306 +07:00 INF] Executed DbCommand (2ms) [Parameters=[], CommandType='"Text"', CommandTimeout='60']
SELECT [MigrationId], [ProductVersion]
FROM [__EFMigrationsHistory]
ORDER BY [MigrationId];
[2026-05-24 10:08:59.320 +07:00 INF] Executed DbCommand (4ms) [Parameters=[], CommandType='"Text"', CommandTimeout='60']
DECLARE @result int;
EXEC @result = sp_releaseapplock @Resource = '__EFMigrationsLock', @LockOwner = 'Session';
SELECT @result
[2026-05-24 10:08:59.342 +07:00 INF] User profile is available. Using 'C:\Users\Le Quoc Khanh\AppData\Local\ASP.NET\DataProtection-Keys' as key repository and Windows DPAPI to encrypt keys at rest.
[2026-05-24 10:08:59.579 +07:00 INF] Executed DbCommand (10ms) [Parameters=[@__normalizedName_0='?' (Size = 256)], CommandType='"Text"', CommandTimeout='60']
SELECT TOP(1) [a].[Id], [a].[ConcurrencyStamp], [a].[Name], [a].[NormalizedName]
FROM [AspNetRoles] AS [a]
WHERE [a].[NormalizedName] = @__normalizedName_0
[2026-05-24 10:08:59.619 +07:00 INF] Executed DbCommand (1ms) [Parameters=[@__normalizedName_0='?' (Size = 256)], CommandType='"Text"', CommandTimeout='60']
SELECT TOP(1) [a].[Id], [a].[ConcurrencyStamp], [a].[Name], [a].[NormalizedName]
FROM [AspNetRoles] AS [a]
WHERE [a].[NormalizedName] = @__normalizedName_0
[2026-05-24 10:08:59.621 +07:00 INF] Executed DbCommand (0ms) [Parameters=[@__normalizedName_0='?' (Size = 256)], CommandType='"Text"', CommandTimeout='60']
SELECT TOP(1) [a].[Id], [a].[ConcurrencyStamp], [a].[Name], [a].[NormalizedName]
FROM [AspNetRoles] AS [a]
WHERE [a].[NormalizedName] = @__normalizedName_0
[2026-05-24 10:08:59.624 +07:00 INF] Executed DbCommand (0ms) [Parameters=[@__normalizedName_0='?' (Size = 256)], CommandType='"Text"', CommandTimeout='60']
SELECT TOP(1) [a].[Id], [a].[ConcurrencyStamp], [a].[Name], [a].[NormalizedName]
FROM [AspNetRoles] AS [a]
WHERE [a].[NormalizedName] = @__normalizedName_0
[2026-05-24 10:08:59.648 +07:00 INF] Executed DbCommand (4ms) [Parameters=[@__normalizedEmail_0='?' (Size = 256)], CommandType='"Text"', CommandTimeout='60']
SELECT TOP(2) [a].[Id], [a].[AccessFailedCount], [a].[AddressLine], [a].[AvatarUrl], [a].[ConcurrencyStamp], [a].[CreatedAt], [a].[Email], [a].[EmailConfirmed], [a].[FirstName], [a].[IsActive], [a].[LastLoginAt], [a].[LastName], [a].[LockoutEnabled], [a].[LockoutEnd], [a].[NormalizedEmail], [a].[NormalizedUserName], [a].[PasswordHash], [a].[PhoneNumber], [a].[PhoneNumberConfirmed], [a].[ProvinceCode], [a].[ProvinceName], [a].[SecurityStamp], [a].[TwoFactorEnabled], [a].[UserName], [a].[WardCode], [a].[WardName]
FROM [AspNetUsers] AS [a]
WHERE [a].[NormalizedEmail] = @__normalizedEmail_0
[2026-05-24 10:08:59.699 +07:00 INF] Executed DbCommand (1ms) [Parameters=[@__normalizedRoleName_0='?' (Size = 256)], CommandType='"Text"', CommandTimeout='60']
SELECT TOP(2) [a].[Id], [a].[ConcurrencyStamp], [a].[Name], [a].[NormalizedName]
FROM [AspNetRoles] AS [a]
WHERE [a].[NormalizedName] = @__normalizedRoleName_0
[2026-05-24 10:08:59.727 +07:00 INF] Executed DbCommand (3ms) [Parameters=[@__p_0='?' (Size = 450), @__p_1='?' (Size = 450)], CommandType='"Text"', CommandTimeout='60']
SELECT TOP(1) [a].[UserId], [a].[RoleId]
FROM [AspNetUserRoles] AS [a]
WHERE [a].[UserId] = @__p_0 AND [a].[RoleId] = @__p_1
[2026-05-24 10:08:59.793 +07:00 INF] Admin account verified: admin@vietpropestate.vn, confirmed=true, active=true.
[2026-05-24 10:08:59.960 +07:00 INF] Executed DbCommand (3ms) [Parameters=[], CommandType='"Text"', CommandTimeout='60']
SELECT CASE
    WHEN EXISTS (
        SELECT 1
        FROM [Provinces] AS [p]) THEN CAST(1 AS bit)
    ELSE CAST(0 AS bit)
END
[2026-05-24 10:08:59.963 +07:00 INF] Vietnam address data already seeded. Skipping.
[2026-05-24 10:08:59.972 +07:00 INF] Executed DbCommand (0ms) [Parameters=[@__normalizedEmail_0='?' (Size = 256)], CommandType='"Text"', CommandTimeout='60']
SELECT TOP(2) [a].[Id], [a].[AccessFailedCount], [a].[AddressLine], [a].[AvatarUrl], [a].[ConcurrencyStamp], [a].[CreatedAt], [a].[Email], [a].[EmailConfirmed], [a].[FirstName], [a].[IsActive], [a].[LastLoginAt], [a].[LastName], [a].[LockoutEnabled], [a].[LockoutEnd], [a].[NormalizedEmail], [a].[NormalizedUserName], [a].[PasswordHash], [a].[PhoneNumber], [a].[PhoneNumberConfirmed], [a].[ProvinceCode], [a].[ProvinceName], [a].[SecurityStamp], [a].[TwoFactorEnabled], [a].[UserName], [a].[WardCode], [a].[WardName]
FROM [AspNetUsers] AS [a]
WHERE [a].[NormalizedEmail] = @__normalizedEmail_0
[2026-05-24 10:08:59.975 +07:00 INF] Executed DbCommand (0ms) [Parameters=[@__normalizedRoleName_0='?' (Size = 256)], CommandType='"Text"', CommandTimeout='60']
SELECT TOP(2) [a].[Id], [a].[ConcurrencyStamp], [a].[Name], [a].[NormalizedName]
FROM [AspNetRoles] AS [a]
WHERE [a].[NormalizedName] = @__normalizedRoleName_0
[2026-05-24 10:08:59.978 +07:00 INF] Executed DbCommand (0ms) [Parameters=[@__p_0='?' (Size = 450), @__p_1='?' (Size = 450)], CommandType='"Text"', CommandTimeout='60']
SELECT TOP(1) [a].[UserId], [a].[RoleId]
FROM [AspNetUserRoles] AS [a]
WHERE [a].[UserId] = @__p_0 AND [a].[RoleId] = @__p_1
[2026-05-24 10:08:59.982 +07:00 INF] Executed DbCommand (0ms) [Parameters=[@__normalizedEmail_0='?' (Size = 256)], CommandType='"Text"', CommandTimeout='60']
SELECT TOP(2) [a].[Id], [a].[AccessFailedCount], [a].[AddressLine], [a].[AvatarUrl], [a].[ConcurrencyStamp], [a].[CreatedAt], [a].[Email], [a].[EmailConfirmed], [a].[FirstName], [a].[IsActive], [a].[LastLoginAt], [a].[LastName], [a].[LockoutEnabled], [a].[LockoutEnd], [a].[NormalizedEmail], [a].[NormalizedUserName], [a].[PasswordHash], [a].[PhoneNumber], [a].[PhoneNumberConfirmed], [a].[ProvinceCode], [a].[ProvinceName], [a].[SecurityStamp], [a].[TwoFactorEnabled], [a].[UserName], [a].[WardCode], [a].[WardName]
FROM [AspNetUsers] AS [a]
WHERE [a].[NormalizedEmail] = @__normalizedEmail_0
[2026-05-24 10:08:59.988 +07:00 INF] Executed DbCommand (0ms) [Parameters=[@__normalizedRoleName_0='?' (Size = 256)], CommandType='"Text"', CommandTimeout='60']
SELECT TOP(2) [a].[Id], [a].[ConcurrencyStamp], [a].[Name], [a].[NormalizedName]
FROM [AspNetRoles] AS [a]
WHERE [a].[NormalizedName] = @__normalizedRoleName_0
[2026-05-24 10:08:59.991 +07:00 INF] Executed DbCommand (0ms) [Parameters=[@__p_0='?' (Size = 450), @__p_1='?' (Size = 450)], CommandType='"Text"', CommandTimeout='60']
SELECT TOP(1) [a].[UserId], [a].[RoleId]
FROM [AspNetUserRoles] AS [a]
WHERE [a].[UserId] = @__p_0 AND [a].[RoleId] = @__p_1
[2026-05-24 10:08:59.993 +07:00 INF] Executed DbCommand (0ms) [Parameters=[@__normalizedEmail_0='?' (Size = 256)], CommandType='"Text"', CommandTimeout='60']
SELECT TOP(2) [a].[Id], [a].[AccessFailedCount], [a].[AddressLine], [a].[AvatarUrl], [a].[ConcurrencyStamp], [a].[CreatedAt], [a].[Email], [a].[EmailConfirmed], [a].[FirstName], [a].[IsActive], [a].[LastLoginAt], [a].[LastName], [a].[LockoutEnabled], [a].[LockoutEnd], [a].[NormalizedEmail], [a].[NormalizedUserName], [a].[PasswordHash], [a].[PhoneNumber], [a].[PhoneNumberConfirmed], [a].[ProvinceCode], [a].[ProvinceName], [a].[SecurityStamp], [a].[TwoFactorEnabled], [a].[UserName], [a].[WardCode], [a].[WardName]
FROM [AspNetUsers] AS [a]
WHERE [a].[NormalizedEmail] = @__normalizedEmail_0
[2026-05-24 10:08:59.996 +07:00 INF] Executed DbCommand (0ms) [Parameters=[@__normalizedRoleName_0='?' (Size = 256)], CommandType='"Text"', CommandTimeout='60']
SELECT TOP(2) [a].[Id], [a].[ConcurrencyStamp], [a].[Name], [a].[NormalizedName]
FROM [AspNetRoles] AS [a]
WHERE [a].[NormalizedName] = @__normalizedRoleName_0
[2026-05-24 10:08:59.998 +07:00 INF] Executed DbCommand (0ms) [Parameters=[@__p_0='?' (Size = 450), @__p_1='?' (Size = 450)], CommandType='"Text"', CommandTimeout='60']
SELECT TOP(1) [a].[UserId], [a].[RoleId]
FROM [AspNetUserRoles] AS [a]
WHERE [a].[UserId] = @__p_0 AND [a].[RoleId] = @__p_1
[2026-05-24 10:09:00.001 +07:00 INF] Executed DbCommand (0ms) [Parameters=[@__normalizedEmail_0='?' (Size = 256)], CommandType='"Text"', CommandTimeout='60']
SELECT TOP(2) [a].[Id], [a].[AccessFailedCount], [a].[AddressLine], [a].[AvatarUrl], [a].[ConcurrencyStamp], [a].[CreatedAt], [a].[Email], [a].[EmailConfirmed], [a].[FirstName], [a].[IsActive], [a].[LastLoginAt], [a].[LastName], [a].[LockoutEnabled], [a].[LockoutEnd], [a].[NormalizedEmail], [a].[NormalizedUserName], [a].[PasswordHash], [a].[PhoneNumber], [a].[PhoneNumberConfirmed], [a].[ProvinceCode], [a].[ProvinceName], [a].[SecurityStamp], [a].[TwoFactorEnabled], [a].[UserName], [a].[WardCode], [a].[WardName]
FROM [AspNetUsers] AS [a]
WHERE [a].[NormalizedEmail] = @__normalizedEmail_0
[2026-05-24 10:09:00.022 +07:00 INF] Executed DbCommand (4ms) [Parameters=[@__user_Id_0='?' (Size = 450)], CommandType='"Text"', CommandTimeout='60']
SELECT TOP(1) [a].[Id], [a].[AgencyName], [a].[AvatarUrl], [a].[Bio], [a].[CreatedAt], [a].[CreatedBy], [a].[DeletedAt], [a].[DeletedBy], [a].[Email], [a].[FullName], [a].[IsActive], [a].[IsDeleted], [a].[LastModifiedAt], [a].[LastModifiedBy], [a].[LicenseNumber], [a].[PhoneNumber], [a].[RowVersion], [a].[UserId]
FROM [Agents] AS [a]
WHERE [a].[IsDeleted] = CAST(0 AS bit) AND [a].[UserId] = @__user_Id_0 AND [a].[IsDeleted] = CAST(0 AS bit)
[2026-05-24 10:09:00.051 +07:00 INF] Executed DbCommand (1ms) [Parameters=[@__user_Id_0='?' (Size = 450)], CommandType='"Text"', CommandTimeout='60']
SELECT TOP(1) [a].[Id], [a].[AgencyName], [a].[AvatarUrl], [a].[Bio], [a].[CreatedAt], [a].[CreatedBy], [a].[DeletedAt], [a].[DeletedBy], [a].[Email], [a].[FullName], [a].[IsActive], [a].[IsDeleted], [a].[LastModifiedAt], [a].[LastModifiedBy], [a].[LicenseNumber], [a].[PhoneNumber], [a].[RowVersion], [a].[UserId]
FROM [Agents] AS [a]
WHERE [a].[IsDeleted] = CAST(0 AS bit) AND [a].[UserId] = @__user_Id_0 AND [a].[IsDeleted] = CAST(0 AS bit)
[2026-05-24 10:09:00.069 +07:00 INF] Executed DbCommand (7ms) [Parameters=[], CommandType='"Text"', CommandTimeout='60']
SELECT CASE
    WHEN EXISTS (
        SELECT 1
        FROM [Properties] AS [p]
        WHERE [p].[IsDeleted] = CAST(0 AS bit) AND [p].[Title] = N'Căn hộ 2PN cao cấp Vinhomes Central Park') THEN CAST(1 AS bit)
    ELSE CAST(0 AS bit)
END
[2026-05-24 10:09:00.071 +07:00 INF] Core test data already present ('Căn hộ 2PN cao cấp Vinhomes Central Park'). Skipping.
[2026-05-24 10:09:00.079 +07:00 INF] Executed DbCommand (3ms) [Parameters=[], CommandType='"Text"', CommandTimeout='60']
SELECT CASE
    WHEN EXISTS (
        SELECT 1
        FROM [Properties] AS [p]
        WHERE [p].[IsDeleted] = CAST(0 AS bit) AND [p].[Title] = N'Penthouse Landmark 81 view toàn cảnh Sài Gòn') THEN CAST(1 AS bit)
    ELSE CAST(0 AS bit)
END
[2026-05-24 10:09:00.081 +07:00 INF] Regional demo data already present ('Penthouse Landmark 81 view toàn cảnh Sài Gòn'). Skipping.
[2026-05-24 10:09:00.190 +07:00 INF] Now listening on: http://localhost:5198
[2026-05-24 10:09:00.191 +07:00 INF] Application started. Press Ctrl+C to shut down.
[2026-05-24 10:09:00.191 +07:00 INF] Hosting environment: Development
[2026-05-24 10:09:00.192 +07:00 INF] Content root path: C:\Dev\VietPropEstate\src\VietPropEstate.WebAPI
[2026-05-24 10:09:19.407 +07:00 INF] Request starting HTTP/1.1 GET http://localhost:5198/api/addresses/provinces - null null
[2026-05-24 10:09:19.406 +07:00 INF] Request starting HTTP/1.1 GET http://localhost:5198/api/properties?pageNumber=1&pageSize=3&isFeatured=True&status=1&sortBy=CreatedAt&sortOrder=Desc - null null
[2026-05-24 10:09:19.407 +07:00 INF] Request starting HTTP/1.1 GET http://localhost:5198/api/properties?pageNumber=1&pageSize=6&status=1&sortBy=CreatedAt&sortOrder=Desc - null null
[2026-05-24 10:09:19.484 +07:00 WRN] Failed to determine the https port for redirect.
[2026-05-24 10:09:19.487 +07:00 INF] CORS policy execution successful.
[2026-05-24 10:09:19.487 +07:00 INF] CORS policy execution successful.
[2026-05-24 10:09:19.487 +07:00 INF] CORS policy execution successful.
[2026-05-24 10:09:19.545 +07:00 INF] Executing endpoint 'VietPropEstate.WebAPI.Controllers.PropertiesController.GetList (VietPropEstate.WebAPI)'
[2026-05-24 10:09:19.545 +07:00 INF] Executing endpoint 'VietPropEstate.WebAPI.Controllers.AddressesController.GetProvinces (VietPropEstate.WebAPI)'
[2026-05-24 10:09:19.546 +07:00 INF] Executing endpoint 'VietPropEstate.WebAPI.Controllers.PropertiesController.GetList (VietPropEstate.WebAPI)'
[2026-05-24 10:09:19.569 +07:00 INF] Route matched with {action = "GetProvinces", controller = "Addresses"}. Executing controller action with signature System.Threading.Tasks.Task`1[Microsoft.AspNetCore.Mvc.IActionResult] GetProvinces(System.Threading.CancellationToken) on controller VietPropEstate.WebAPI.Controllers.AddressesController (VietPropEstate.WebAPI).
[2026-05-24 10:09:19.569 +07:00 INF] Route matched with {action = "GetList", controller = "Properties"}. Executing controller action with signature System.Threading.Tasks.Task`1[Microsoft.AspNetCore.Mvc.IActionResult] GetList(Int32, Int32, System.String, System.Nullable`1[System.Guid], System.Nullable`1[System.Guid], System.Nullable`1[VietPropEstate.Domain.Enums.ListingType], System.Nullable`1[VietPropEstate.Domain.Enums.PropertyStatus], System.Nullable`1[System.Int32], System.Nullable`1[System.Int32], System.String, System.Nullable`1[System.Decimal], System.Nullable`1[System.Decimal], System.Nullable`1[System.Decimal], System.Nullable`1[System.Decimal], System.Nullable`1[System.Int32], System.Nullable`1[System.Int32], System.Nullable`1[System.Int32], System.Nullable`1[VietPropEstate.Domain.Enums.PropertyDirection], System.Nullable`1[System.Boolean], System.String, System.String, System.Threading.CancellationToken) on controller VietPropEstate.WebAPI.Controllers.PropertiesController (VietPropEstate.WebAPI).
[2026-05-24 10:09:19.569 +07:00 INF] Route matched with {action = "GetList", controller = "Properties"}. Executing controller action with signature System.Threading.Tasks.Task`1[Microsoft.AspNetCore.Mvc.IActionResult] GetList(Int32, Int32, System.String, System.Nullable`1[System.Guid], System.Nullable`1[System.Guid], System.Nullable`1[VietPropEstate.Domain.Enums.ListingType], System.Nullable`1[VietPropEstate.Domain.Enums.PropertyStatus], System.Nullable`1[System.Int32], System.Nullable`1[System.Int32], System.String, System.Nullable`1[System.Decimal], System.Nullable`1[System.Decimal], System.Nullable`1[System.Decimal], System.Nullable`1[System.Decimal], System.Nullable`1[System.Int32], System.Nullable`1[System.Int32], System.Nullable`1[System.Int32], System.Nullable`1[VietPropEstate.Domain.Enums.PropertyDirection], System.Nullable`1[System.Boolean], System.String, System.String, System.Threading.CancellationToken) on controller VietPropEstate.WebAPI.Controllers.PropertiesController (VietPropEstate.WebAPI).
[2026-05-24 10:09:19.587 +07:00 INF] Handling GetProvincesQuery {"$type":"GetProvincesQuery"}
[2026-05-24 10:09:19.616 +07:00 INF] Handling GetPropertiesListQuery {"PageNumber":1,"PageSize":6,"SearchTerm":null,"PropertyTypeId":null,"TransactionTypeId":null,"ListingType":null,"Status":"Active","ProvinceCode":null,"WardCode":null,"ProvinceName":null,"MinPrice":null,"MaxPrice":null,"MinArea":null,"MaxArea":null,"MinBedrooms":null,"MaxBedrooms":null,"Bathrooms":null,"Direction":null,"IsFeatured":null,"AllStatuses":false,"SortBy":"CreatedAt","SortOrder":"Desc","$type":"GetPropertiesListQuery"}
[2026-05-24 10:09:19.617 +07:00 INF] Handling GetPropertiesListQuery {"PageNumber":1,"PageSize":3,"SearchTerm":null,"PropertyTypeId":null,"TransactionTypeId":null,"ListingType":null,"Status":"Active","ProvinceCode":null,"WardCode":null,"ProvinceName":null,"MinPrice":null,"MaxPrice":null,"MinArea":null,"MaxArea":null,"MinBedrooms":null,"MaxBedrooms":null,"Bathrooms":null,"Direction":null,"IsFeatured":true,"AllStatuses":false,"SortBy":"CreatedAt","SortOrder":"Desc","$type":"GetPropertiesListQuery"}
[2026-05-24 10:09:19.629 +07:00 INF] Executed DbCommand (3ms) [Parameters=[], CommandType='"Text"', CommandTimeout='60']
SELECT [p].[Code], [p].[Name], [p].[Codename], [p].[DivisionType]
FROM [Provinces] AS [p]
WHERE [p].[IsActive] = CAST(1 AS bit)
ORDER BY [p].[Name]
[2026-05-24 10:09:19.686 +07:00 INF] Handled GetProvincesQuery in 100ms
[2026-05-24 10:09:19.692 +07:00 INF] Executing OkObjectResult, writing value of type 'System.Collections.Generic.List`1[[VietPropEstate.Application.Features.Addresses.DTOs.ProvinceLookupDto, VietPropEstate.Application, Version=1.0.0.0, Culture=neutral, PublicKeyToken=null]]'.
[2026-05-24 10:09:19.716 +07:00 INF] Executed action VietPropEstate.WebAPI.Controllers.AddressesController.GetProvinces (VietPropEstate.WebAPI) in 141.8365ms
[2026-05-24 10:09:19.721 +07:00 INF] Executed endpoint 'VietPropEstate.WebAPI.Controllers.AddressesController.GetProvinces (VietPropEstate.WebAPI)'
[2026-05-24 10:09:19.725 +07:00 INF] HTTP GET /api/addresses/provinces responded 200 in 230.3195 ms
[2026-05-24 10:09:19.730 +07:00 INF] Request finished HTTP/1.1 GET http://localhost:5198/api/addresses/provinces - 200 null application/json; charset=utf-8 325.546ms
[2026-05-24 10:09:19.783 +07:00 INF] Executed DbCommand (4ms) [Parameters=[@__status_Value_0='?' (DbType = Int32), @__isFeatured_Value_1='?' (DbType = Boolean)], CommandType='"Text"', CommandTimeout='60']
SELECT COUNT(*)
FROM [Properties] AS [p]
WHERE [p].[IsDeleted] = CAST(0 AS bit) AND [p].[Status] = @__status_Value_0 AND [p].[IsFeatured] = @__isFeatured_Value_1
[2026-05-24 10:09:19.789 +07:00 INF] Executed DbCommand (2ms) [Parameters=[@__status_Value_0='?' (DbType = Int32)], CommandType='"Text"', CommandTimeout='60']
SELECT COUNT(*)
FROM [Properties] AS [p]
WHERE [p].[IsDeleted] = CAST(0 AS bit) AND [p].[Status] = @__status_Value_0
[2026-05-24 10:09:19.992 +07:00 INF] Executed DbCommand (21ms) [Parameters=[@__status_Value_0='?' (DbType = Int32), @__p_1='?' (DbType = Int32), @__p_2='?' (DbType = Int32)], CommandType='"Text"', CommandTimeout='60']
SELECT [p1].[Id], [p1].[AgentId], [p1].[Area], [p1].[CreatedAt], [p1].[CreatedBy], [p1].[DeletedAt], [p1].[DeletedBy], [p1].[Description], [p1].[Direction], [p1].[ExpiresAt], [p1].[FullAddress], [p1].[IsDeleted], [p1].[IsFeatured], [p1].[LastModifiedAt], [p1].[LastModifiedBy], [p1].[Latitude], [p1].[ListingType], [p1].[Longitude], [p1].[NumberOfBathrooms], [p1].[NumberOfBedrooms], [p1].[NumberOfFloors], [p1].[PropertyTypeId], [p1].[ProvinceCode], [p1].[ProvinceName], [p1].[PublishedAt], [p1].[RowVersion], [p1].[Slug], [p1].[Status], [p1].[Title], [p1].[TransactionTypeId], [p1].[VideoUrl], [p1].[ViewCount], [p1].[WardCode], [p1].[WardName], [p1].[AddressCountry], [p1].[AddressDistrict], [p1].[AddressLatitude], [p1].[AddressLongitude], [p1].[AddressProvince], [p1].[Street], [p1].[AddressWard], [p1].[PriceAmount], [p1].[PriceCurrency], [p2].[Id], [p2].[CreatedAt], [p2].[CreatedBy], [p2].[DeletedAt], [p2].[DeletedBy], [p2].[Description], [p2].[IsActive], [p2].[IsDeleted], [p2].[LastModifiedAt], [p2].[LastModifiedBy], [p2].[Name], [p2].[RowVersion], [a0].[Id], [a0].[AgencyName], [a0].[AvatarUrl], [a0].[Bio], [a0].[CreatedAt], [a0].[CreatedBy], [a0].[DeletedAt], [a0].[DeletedBy], [a0].[Email], [a0].[FullName], [a0].[IsActive], [a0].[IsDeleted], [a0].[LastModifiedAt], [a0].[LastModifiedBy], [a0].[LicenseNumber], [a0].[PhoneNumber], [a0].[RowVersion], [a0].[UserId], [t0].[Id], [t0].[CreatedAt], [t0].[CreatedBy], [t0].[DeletedAt], [t0].[DeletedBy], [t0].[Description], [t0].[IsActive], [t0].[IsDeleted], [t0].[LastModifiedAt], [t0].[LastModifiedBy], [t0].[Name], [t0].[RowVersion], [p4].[Id], [p4].[Caption], [p4].[CreatedAt], [p4].[CreatedBy], [p4].[DeletedAt], [p4].[DeletedBy], [p4].[DisplayOrder], [p4].[IsDeleted], [p4].[IsPrimary], [p4].[LastModifiedAt], [p4].[LastModifiedBy], [p4].[PropertyId], [p4].[RowVersion], [p4].[Url]
FROM (
    SELECT [p].[Id], [p].[AgentId], [p].[Area], [p].[CreatedAt], [p].[CreatedBy], [p].[DeletedAt], [p].[DeletedBy], [p].[Description], [p].[Direction], [p].[ExpiresAt], [p].[FullAddress], [p].[IsDeleted], [p].[IsFeatured], [p].[LastModifiedAt], [p].[LastModifiedBy], [p].[Latitude], [p].[ListingType], [p].[Longitude], [p].[NumberOfBathrooms], [p].[NumberOfBedrooms], [p].[NumberOfFloors], [p].[PropertyTypeId], [p].[ProvinceCode], [p].[ProvinceName], [p].[PublishedAt], [p].[RowVersion], [p].[Slug], [p].[Status], [p].[Title], [p].[TransactionTypeId], [p].[VideoUrl], [p].[ViewCount], [p].[WardCode], [p].[WardName], [p].[AddressCountry], [p].[AddressDistrict], [p].[AddressLatitude], [p].[AddressLongitude], [p].[AddressProvince], [p].[Street], [p].[AddressWard], [p].[PriceAmount], [p].[PriceCurrency]
    FROM [Properties] AS [p]
    WHERE [p].[IsDeleted] = CAST(0 AS bit) AND [p].[Status] = @__status_Value_0
    ORDER BY [p].[IsFeatured] DESC, [p].[CreatedAt] DESC
    OFFSET @__p_1 ROWS FETCH NEXT @__p_2 ROWS ONLY
) AS [p1]
INNER JOIN (
    SELECT [p0].[Id], [p0].[CreatedAt], [p0].[CreatedBy], [p0].[DeletedAt], [p0].[DeletedBy], [p0].[Description], [p0].[IsActive], [p0].[IsDeleted], [p0].[LastModifiedAt], [p0].[LastModifiedBy], [p0].[Name], [p0].[RowVersion]
    FROM [PropertyTypes] AS [p0]
    WHERE [p0].[IsDeleted] = CAST(0 AS bit)
) AS [p2] ON [p1].[PropertyTypeId] = [p2].[Id]
INNER JOIN (
    SELECT [a].[Id], [a].[AgencyName], [a].[AvatarUrl], [a].[Bio], [a].[CreatedAt], [a].[CreatedBy], [a].[DeletedAt], [a].[DeletedBy], [a].[Email], [a].[FullName], [a].[IsActive], [a].[IsDeleted], [a].[LastModifiedAt], [a].[LastModifiedBy], [a].[LicenseNumber], [a].[PhoneNumber], [a].[RowVersion], [a].[UserId]
    FROM [Agents] AS [a]
    WHERE [a].[IsDeleted] = CAST(0 AS bit)
) AS [a0] ON [p1].[AgentId] = [a0].[Id]
LEFT JOIN (
    SELECT [t].[Id], [t].[CreatedAt], [t].[CreatedBy], [t].[DeletedAt], [t].[DeletedBy], [t].[Description], [t].[IsActive], [t].[IsDeleted], [t].[LastModifiedAt], [t].[LastModifiedBy], [t].[Name], [t].[RowVersion]
    FROM [TransactionTypes] AS [t]
    WHERE [t].[IsDeleted] = CAST(0 AS bit)
) AS [t0] ON [p1].[TransactionTypeId] = [t0].[Id]
LEFT JOIN (
    SELECT [p3].[Id], [p3].[Caption], [p3].[CreatedAt], [p3].[CreatedBy], [p3].[DeletedAt], [p3].[DeletedBy], [p3].[DisplayOrder], [p3].[IsDeleted], [p3].[IsPrimary], [p3].[LastModifiedAt], [p3].[LastModifiedBy], [p3].[PropertyId], [p3].[RowVersion], [p3].[Url]
    FROM [PropertyImages] AS [p3]
    WHERE [p3].[IsDeleted] = CAST(0 AS bit)
) AS [p4] ON [p1].[Id] = [p4].[PropertyId]
ORDER BY [p1].[IsFeatured] DESC, [p1].[CreatedAt] DESC, [p1].[Id], [p2].[Id], [a0].[Id], [t0].[Id]
[2026-05-24 10:09:19.992 +07:00 INF] Executed DbCommand (21ms) [Parameters=[@__status_Value_0='?' (DbType = Int32), @__isFeatured_Value_1='?' (DbType = Boolean), @__p_2='?' (DbType = Int32), @__p_3='?' (DbType = Int32)], CommandType='"Text"', CommandTimeout='60']
SELECT [p1].[Id], [p1].[AgentId], [p1].[Area], [p1].[CreatedAt], [p1].[CreatedBy], [p1].[DeletedAt], [p1].[DeletedBy], [p1].[Description], [p1].[Direction], [p1].[ExpiresAt], [p1].[FullAddress], [p1].[IsDeleted], [p1].[IsFeatured], [p1].[LastModifiedAt], [p1].[LastModifiedBy], [p1].[Latitude], [p1].[ListingType], [p1].[Longitude], [p1].[NumberOfBathrooms], [p1].[NumberOfBedrooms], [p1].[NumberOfFloors], [p1].[PropertyTypeId], [p1].[ProvinceCode], [p1].[ProvinceName], [p1].[PublishedAt], [p1].[RowVersion], [p1].[Slug], [p1].[Status], [p1].[Title], [p1].[TransactionTypeId], [p1].[VideoUrl], [p1].[ViewCount], [p1].[WardCode], [p1].[WardName], [p1].[AddressCountry], [p1].[AddressDistrict], [p1].[AddressLatitude], [p1].[AddressLongitude], [p1].[AddressProvince], [p1].[Street], [p1].[AddressWard], [p1].[PriceAmount], [p1].[PriceCurrency], [p2].[Id], [p2].[CreatedAt], [p2].[CreatedBy], [p2].[DeletedAt], [p2].[DeletedBy], [p2].[Description], [p2].[IsActive], [p2].[IsDeleted], [p2].[LastModifiedAt], [p2].[LastModifiedBy], [p2].[Name], [p2].[RowVersion], [a0].[Id], [a0].[AgencyName], [a0].[AvatarUrl], [a0].[Bio], [a0].[CreatedAt], [a0].[CreatedBy], [a0].[DeletedAt], [a0].[DeletedBy], [a0].[Email], [a0].[FullName], [a0].[IsActive], [a0].[IsDeleted], [a0].[LastModifiedAt], [a0].[LastModifiedBy], [a0].[LicenseNumber], [a0].[PhoneNumber], [a0].[RowVersion], [a0].[UserId], [t0].[Id], [t0].[CreatedAt], [t0].[CreatedBy], [t0].[DeletedAt], [t0].[DeletedBy], [t0].[Description], [t0].[IsActive], [t0].[IsDeleted], [t0].[LastModifiedAt], [t0].[LastModifiedBy], [t0].[Name], [t0].[RowVersion], [p4].[Id], [p4].[Caption], [p4].[CreatedAt], [p4].[CreatedBy], [p4].[DeletedAt], [p4].[DeletedBy], [p4].[DisplayOrder], [p4].[IsDeleted], [p4].[IsPrimary], [p4].[LastModifiedAt], [p4].[LastModifiedBy], [p4].[PropertyId], [p4].[RowVersion], [p4].[Url]
FROM (
    SELECT [p].[Id], [p].[AgentId], [p].[Area], [p].[CreatedAt], [p].[CreatedBy], [p].[DeletedAt], [p].[DeletedBy], [p].[Description], [p].[Direction], [p].[ExpiresAt], [p].[FullAddress], [p].[IsDeleted], [p].[IsFeatured], [p].[LastModifiedAt], [p].[LastModifiedBy], [p].[Latitude], [p].[ListingType], [p].[Longitude], [p].[NumberOfBathrooms], [p].[NumberOfBedrooms], [p].[NumberOfFloors], [p].[PropertyTypeId], [p].[ProvinceCode], [p].[ProvinceName], [p].[PublishedAt], [p].[RowVersion], [p].[Slug], [p].[Status], [p].[Title], [p].[TransactionTypeId], [p].[VideoUrl], [p].[ViewCount], [p].[WardCode], [p].[WardName], [p].[AddressCountry], [p].[AddressDistrict], [p].[AddressLatitude], [p].[AddressLongitude], [p].[AddressProvince], [p].[Street], [p].[AddressWard], [p].[PriceAmount], [p].[PriceCurrency]
    FROM [Properties] AS [p]
    WHERE [p].[IsDeleted] = CAST(0 AS bit) AND [p].[Status] = @__status_Value_0 AND [p].[IsFeatured] = @__isFeatured_Value_1
    ORDER BY [p].[IsFeatured] DESC, [p].[CreatedAt] DESC
    OFFSET @__p_2 ROWS FETCH NEXT @__p_3 ROWS ONLY
) AS [p1]
INNER JOIN (
    SELECT [p0].[Id], [p0].[CreatedAt], [p0].[CreatedBy], [p0].[DeletedAt], [p0].[DeletedBy], [p0].[Description], [p0].[IsActive], [p0].[IsDeleted], [p0].[LastModifiedAt], [p0].[LastModifiedBy], [p0].[Name], [p0].[RowVersion]
    FROM [PropertyTypes] AS [p0]
    WHERE [p0].[IsDeleted] = CAST(0 AS bit)
) AS [p2] ON [p1].[PropertyTypeId] = [p2].[Id]
INNER JOIN (
    SELECT [a].[Id], [a].[AgencyName], [a].[AvatarUrl], [a].[Bio], [a].[CreatedAt], [a].[CreatedBy], [a].[DeletedAt], [a].[DeletedBy], [a].[Email], [a].[FullName], [a].[IsActive], [a].[IsDeleted], [a].[LastModifiedAt], [a].[LastModifiedBy], [a].[LicenseNumber], [a].[PhoneNumber], [a].[RowVersion], [a].[UserId]
    FROM [Agents] AS [a]
    WHERE [a].[IsDeleted] = CAST(0 AS bit)
) AS [a0] ON [p1].[AgentId] = [a0].[Id]
LEFT JOIN (
    SELECT [t].[Id], [t].[CreatedAt], [t].[CreatedBy], [t].[DeletedAt], [t].[DeletedBy], [t].[Description], [t].[IsActive], [t].[IsDeleted], [t].[LastModifiedAt], [t].[LastModifiedBy], [t].[Name], [t].[RowVersion]
    FROM [TransactionTypes] AS [t]
    WHERE [t].[IsDeleted] = CAST(0 AS bit)
) AS [t0] ON [p1].[TransactionTypeId] = [t0].[Id]
LEFT JOIN (
    SELECT [p3].[Id], [p3].[Caption], [p3].[CreatedAt], [p3].[CreatedBy], [p3].[DeletedAt], [p3].[DeletedBy], [p3].[DisplayOrder], [p3].[IsDeleted], [p3].[IsPrimary], [p3].[LastModifiedAt], [p3].[LastModifiedBy], [p3].[PropertyId], [p3].[RowVersion], [p3].[Url]
    FROM [PropertyImages] AS [p3]
    WHERE [p3].[IsDeleted] = CAST(0 AS bit)
) AS [p4] ON [p1].[Id] = [p4].[PropertyId]
ORDER BY [p1].[IsFeatured] DESC, [p1].[CreatedAt] DESC, [p1].[Id], [p2].[Id], [a0].[Id], [t0].[Id]
[2026-05-24 10:09:20.028 +07:00 INF] Handled GetPropertiesListQuery in 412ms
[2026-05-24 10:09:20.028 +07:00 INF] Handled GetPropertiesListQuery in 412ms
[2026-05-24 10:09:20.030 +07:00 INF] Executing OkObjectResult, writing value of type 'VietPropEstate.Application.Common.Models.PaginatedList`1[[VietPropEstate.Application.Features.Properties.DTOs.PropertyDto, VietPropEstate.Application, Version=1.0.0.0, Culture=neutral, PublicKeyToken=null]]'.
[2026-05-24 10:09:20.031 +07:00 INF] Executing OkObjectResult, writing value of type 'VietPropEstate.Application.Common.Models.PaginatedList`1[[VietPropEstate.Application.Features.Properties.DTOs.PropertyDto, VietPropEstate.Application, Version=1.0.0.0, Culture=neutral, PublicKeyToken=null]]'.
[2026-05-24 10:09:20.081 +07:00 INF] Executed action VietPropEstate.WebAPI.Controllers.PropertiesController.GetList (VietPropEstate.WebAPI) in 505.8458ms
[2026-05-24 10:09:20.081 +07:00 INF] Executed action VietPropEstate.WebAPI.Controllers.PropertiesController.GetList (VietPropEstate.WebAPI) in 507.7233ms
[2026-05-24 10:09:20.083 +07:00 INF] Executed endpoint 'VietPropEstate.WebAPI.Controllers.PropertiesController.GetList (VietPropEstate.WebAPI)'
[2026-05-24 10:09:20.084 +07:00 INF] Executed endpoint 'VietPropEstate.WebAPI.Controllers.PropertiesController.GetList (VietPropEstate.WebAPI)'
[2026-05-24 10:09:20.085 +07:00 INF] HTTP GET /api/properties responded 200 in 591.7395 ms
[2026-05-24 10:09:20.086 +07:00 INF] HTTP GET /api/properties responded 200 in 592.5460 ms
[2026-05-24 10:09:20.088 +07:00 INF] Request finished HTTP/1.1 GET http://localhost:5198/api/properties?pageNumber=1&pageSize=3&isFeatured=True&status=1&sortBy=CreatedAt&sortOrder=Desc - 200 null application/json; charset=utf-8 683.5961ms
[2026-05-24 10:09:20.089 +07:00 INF] Request finished HTTP/1.1 GET http://localhost:5198/api/properties?pageNumber=1&pageSize=6&status=1&sortBy=CreatedAt&sortOrder=Desc - 200 null application/json; charset=utf-8 684.2626ms
[2026-05-24 10:09:46.226 +07:00 INF] Request starting HTTP/1.1 OPTIONS http://localhost:5198/api/auth/login - null null
[2026-05-24 10:09:46.233 +07:00 INF] CORS policy execution successful.
[2026-05-24 10:09:46.236 +07:00 INF] Request finished HTTP/1.1 OPTIONS http://localhost:5198/api/auth/login - 204 null null 9.7268ms
[2026-05-24 10:09:46.241 +07:00 INF] Request starting HTTP/1.1 POST http://localhost:5198/api/auth/login - application/json; charset=utf-8 53
[2026-05-24 10:09:46.245 +07:00 INF] CORS policy execution successful.
[2026-05-24 10:09:46.250 +07:00 INF] Executing endpoint 'VietPropEstate.WebAPI.Controllers.AuthController.Login (VietPropEstate.WebAPI)'
[2026-05-24 10:09:46.256 +07:00 INF] Route matched with {action = "Login", controller = "Auth"}. Executing controller action with signature System.Threading.Tasks.Task`1[Microsoft.AspNetCore.Mvc.IActionResult] Login(VietPropEstate.Application.Features.Auth.Commands.LoginUser.LoginUserCommand, System.Threading.CancellationToken) on controller VietPropEstate.WebAPI.Controllers.AuthController (VietPropEstate.WebAPI).
[2026-05-24 10:09:46.282 +07:00 INF] Handling LoginUserCommand {"Email":"trinhhoa@gmail.com","Password":"Trinhhoa1","IpAddress":"::1","$type":"LoginUserCommand"}
[2026-05-24 10:09:46.300 +07:00 INF] Executed DbCommand (3ms) [Parameters=[@__normalizedEmail_0='?' (Size = 256)], CommandType='"Text"', CommandTimeout='60']
SELECT TOP(2) [a].[Id], [a].[AccessFailedCount], [a].[AddressLine], [a].[AvatarUrl], [a].[ConcurrencyStamp], [a].[CreatedAt], [a].[Email], [a].[EmailConfirmed], [a].[FirstName], [a].[IsActive], [a].[LastLoginAt], [a].[LastName], [a].[LockoutEnabled], [a].[LockoutEnd], [a].[NormalizedEmail], [a].[NormalizedUserName], [a].[PasswordHash], [a].[PhoneNumber], [a].[PhoneNumberConfirmed], [a].[ProvinceCode], [a].[ProvinceName], [a].[SecurityStamp], [a].[TwoFactorEnabled], [a].[UserName], [a].[WardCode], [a].[WardName]
FROM [AspNetUsers] AS [a]
WHERE [a].[NormalizedEmail] = @__normalizedEmail_0
[2026-05-24 10:09:46.444 +07:00 INF] Executed DbCommand (2ms) [Parameters=[@__normalizedUserName_0='?' (Size = 256)], CommandType='"Text"', CommandTimeout='60']
SELECT TOP(1) [a].[Id], [a].[AccessFailedCount], [a].[AddressLine], [a].[AvatarUrl], [a].[ConcurrencyStamp], [a].[CreatedAt], [a].[Email], [a].[EmailConfirmed], [a].[FirstName], [a].[IsActive], [a].[LastLoginAt], [a].[LastName], [a].[LockoutEnabled], [a].[LockoutEnd], [a].[NormalizedEmail], [a].[NormalizedUserName], [a].[PasswordHash], [a].[PhoneNumber], [a].[PhoneNumberConfirmed], [a].[ProvinceCode], [a].[ProvinceName], [a].[SecurityStamp], [a].[TwoFactorEnabled], [a].[UserName], [a].[WardCode], [a].[WardName]
FROM [AspNetUsers] AS [a]
WHERE [a].[NormalizedUserName] = @__normalizedUserName_0
[2026-05-24 10:09:46.456 +07:00 INF] Executed DbCommand (1ms) [Parameters=[@__normalizedEmail_0='?' (Size = 256)], CommandType='"Text"', CommandTimeout='60']
SELECT TOP(2) [a].[Id], [a].[AccessFailedCount], [a].[AddressLine], [a].[AvatarUrl], [a].[ConcurrencyStamp], [a].[CreatedAt], [a].[Email], [a].[EmailConfirmed], [a].[FirstName], [a].[IsActive], [a].[LastLoginAt], [a].[LastName], [a].[LockoutEnabled], [a].[LockoutEnd], [a].[NormalizedEmail], [a].[NormalizedUserName], [a].[PasswordHash], [a].[PhoneNumber], [a].[PhoneNumberConfirmed], [a].[ProvinceCode], [a].[ProvinceName], [a].[SecurityStamp], [a].[TwoFactorEnabled], [a].[UserName], [a].[WardCode], [a].[WardName]
FROM [AspNetUsers] AS [a]
WHERE [a].[NormalizedEmail] = @__normalizedEmail_0
[2026-05-24 10:09:46.553 +07:00 INF] Executed DbCommand (5ms) [Parameters=[@p25='?' (Size = 450), @p0='?' (DbType = Int32), @p1='?' (Size = 4000), @p2='?' (Size = 4000), @p3='?' (Size = 4000), @p26='?' (Size = 4000), @p4='?' (DbType = DateTime2), @p5='?' (Size = 256), @p6='?' (DbType = Boolean), @p7='?' (Size = 4000), @p8='?' (DbType = Boolean), @p9='?' (DbType = DateTime2), @p10='?' (Size = 4000), @p11='?' (DbType = Boolean), @p12='?' (DbType = DateTimeOffset), @p13='?' (Size = 256), @p14='?' (Size = 256), @p15='?' (Size = 4000), @p16='?' (Size = 4000), @p17='?' (DbType = Boolean), @p18='?' (DbType = Int32), @p19='?' (Size = 4000), @p20='?' (Size = 4000), @p21='?' (DbType = Boolean), @p22='?' (Size = 256), @p23='?' (DbType = Int32), @p24='?' (Size = 4000)], CommandType='"Text"', CommandTimeout='60']
SET IMPLICIT_TRANSACTIONS OFF;
SET NOCOUNT ON;
UPDATE [AspNetUsers] SET [AccessFailedCount] = @p0, [AddressLine] = @p1, [AvatarUrl] = @p2, [ConcurrencyStamp] = @p3, [CreatedAt] = @p4, [Email] = @p5, [EmailConfirmed] = @p6, [FirstName] = @p7, [IsActive] = @p8, [LastLoginAt] = @p9, [LastName] = @p10, [LockoutEnabled] = @p11, [LockoutEnd] = @p12, [NormalizedEmail] = @p13, [NormalizedUserName] = @p14, [PasswordHash] = @p15, [PhoneNumber] = @p16, [PhoneNumberConfirmed] = @p17, [ProvinceCode] = @p18, [ProvinceName] = @p19, [SecurityStamp] = @p20, [TwoFactorEnabled] = @p21, [UserName] = @p22, [WardCode] = @p23, [WardName] = @p24
OUTPUT 1
WHERE [Id] = @p25 AND [ConcurrencyStamp] = @p26;
[2026-05-24 10:09:46.591 +07:00 INF] Executed DbCommand (3ms) [Parameters=[@__userId_0='?' (Size = 450)], CommandType='"Text"', CommandTimeout='60']
SELECT [a0].[Name]
FROM [AspNetUserRoles] AS [a]
INNER JOIN [AspNetRoles] AS [a0] ON [a].[RoleId] = [a0].[Id]
WHERE [a].[UserId] = @__userId_0
[2026-05-24 10:09:46.641 +07:00 INF] Executed DbCommand (3ms) [Parameters=[@__userId_0='?' (Size = 450)], CommandType='"Text"', CommandTimeout='60']
SELECT [r].[Id], [r].[CreatedAt], [r].[CreatedByIp], [r].[ExpiresAt], [r].[IsRevoked], [r].[ReplacedByToken], [r].[RevokedAt], [r].[RevokedByIp], [r].[RevokedReason], [r].[Token], [r].[UserId]
FROM [RefreshTokens] AS [r]
WHERE [r].[UserId] = @__userId_0 AND ([r].[IsRevoked] = CAST(1 AS bit) OR [r].[ExpiresAt] < GETUTCDATE())
[2026-05-24 10:09:46.703 +07:00 INF] Executed DbCommand (2ms) [Parameters=[@p0='?' (DbType = Guid), @p1='?' (DbType = DateTime2), @p2='?' (Size = 45), @p3='?' (DbType = DateTime2), @p4='?' (DbType = Boolean), @p5='?' (Size = 500), @p6='?' (DbType = DateTime2), @p7='?' (Size = 45), @p8='?' (Size = 500), @p9='?' (Size = 500), @p10='?' (Size = 450)], CommandType='"Text"', CommandTimeout='60']
SET IMPLICIT_TRANSACTIONS OFF;
SET NOCOUNT ON;
INSERT INTO [RefreshTokens] ([Id], [CreatedAt], [CreatedByIp], [ExpiresAt], [IsRevoked], [ReplacedByToken], [RevokedAt], [RevokedByIp], [RevokedReason], [Token], [UserId])
VALUES (@p0, @p1, @p2, @p3, @p4, @p5, @p6, @p7, @p8, @p9, @p10);
[2026-05-24 10:09:46.709 +07:00 INF] User trinhhoa@gmail.com logged in from ::1.
[2026-05-24 10:09:46.713 +07:00 INF] Executed DbCommand (1ms) [Parameters=[@__userId_0='?' (Size = 450)], CommandType='"Text"', CommandTimeout='60']
SELECT [a0].[Name]
FROM [AspNetUserRoles] AS [a]
INNER JOIN [AspNetRoles] AS [a0] ON [a].[RoleId] = [a0].[Id]
WHERE [a].[UserId] = @__userId_0
[2026-05-24 10:09:46.718 +07:00 INF] Handled LoginUserCommand in 436ms
[2026-05-24 10:09:46.724 +07:00 INF] Executing OkObjectResult, writing value of type 'VietPropEstate.Application.Features.Auth.DTOs.LoginApiResponse'.
[2026-05-24 10:09:46.732 +07:00 INF] Executed action VietPropEstate.WebAPI.Controllers.AuthController.Login (VietPropEstate.WebAPI) in 472.268ms
[2026-05-24 10:09:46.734 +07:00 INF] Executed endpoint 'VietPropEstate.WebAPI.Controllers.AuthController.Login (VietPropEstate.WebAPI)'
[2026-05-24 10:09:46.735 +07:00 INF] HTTP POST /api/auth/login responded 200 in 488.4058 ms
[2026-05-24 10:09:46.739 +07:00 INF] Request finished HTTP/1.1 POST http://localhost:5198/api/auth/login - 200 null application/json; charset=utf-8 497.615ms
[2026-05-24 10:09:46.810 +07:00 INF] Request starting HTTP/1.1 OPTIONS http://localhost:5198/api/conversations/unread - null null
[2026-05-24 10:09:46.813 +07:00 INF] CORS policy execution successful.
[2026-05-24 10:09:46.814 +07:00 INF] Request finished HTTP/1.1 OPTIONS http://localhost:5198/api/conversations/unread - 204 null null 4.1722ms
[2026-05-24 10:09:46.818 +07:00 INF] Request starting HTTP/1.1 GET http://localhost:5198/api/conversations/unread - null null
[2026-05-24 10:09:46.822 +07:00 INF] CORS policy execution successful.
[2026-05-24 10:09:46.835 +07:00 INF] Request starting HTTP/1.1 OPTIONS http://localhost:5198/api/notifications?pageNumber=1&pageSize=20&unreadOnly=false - null null
[2026-05-24 10:09:46.840 +07:00 INF] CORS policy execution successful.
[2026-05-24 10:09:46.842 +07:00 INF] Request finished HTTP/1.1 OPTIONS http://localhost:5198/api/notifications?pageNumber=1&pageSize=20&unreadOnly=false - 204 null null 6.2485ms
[2026-05-24 10:09:46.842 +07:00 INF] Request starting HTTP/1.1 OPTIONS http://localhost:5198/api/dashboard/stats - null null
[2026-05-24 10:09:46.844 +07:00 INF] Request starting HTTP/1.1 OPTIONS http://localhost:5198/api/properties/my-listings?pageNumber=1&pageSize=10 - null null
[2026-05-24 10:09:46.847 +07:00 INF] Request starting HTTP/1.1 GET http://localhost:5198/api/notifications?pageNumber=1&pageSize=20&unreadOnly=false - null null
[2026-05-24 10:09:46.850 +07:00 INF] CORS policy execution successful.
[2026-05-24 10:09:46.853 +07:00 INF] CORS policy execution successful.
[2026-05-24 10:09:46.857 +07:00 INF] CORS policy execution successful.
[2026-05-24 10:09:46.858 +07:00 INF] Request finished HTTP/1.1 OPTIONS http://localhost:5198/api/dashboard/stats - 204 null null 15.6868ms
[2026-05-24 10:09:46.859 +07:00 INF] Request finished HTTP/1.1 OPTIONS http://localhost:5198/api/properties/my-listings?pageNumber=1&pageSize=10 - 204 null null 15.0241ms
[2026-05-24 10:09:46.865 +07:00 INF] Request starting HTTP/1.1 GET http://localhost:5198/api/properties/my-listings?pageNumber=1&pageSize=10 - null null
[2026-05-24 10:09:46.869 +07:00 INF] Request starting HTTP/1.1 GET http://localhost:5198/api/dashboard/stats - null null
[2026-05-24 10:09:46.874 +07:00 INF] CORS policy execution successful.
[2026-05-24 10:09:46.874 +07:00 INF] Executing endpoint 'VietPropEstate.WebAPI.Controllers.NotificationsController.GetNotifications (VietPropEstate.WebAPI)'
[2026-05-24 10:09:46.874 +07:00 INF] Executing endpoint 'VietPropEstate.WebAPI.Controllers.ConversationsController.GetUnreadCounts (VietPropEstate.WebAPI)'
[2026-05-24 10:09:46.876 +07:00 INF] CORS policy execution successful.
[2026-05-24 10:09:46.880 +07:00 INF] Executing endpoint 'VietPropEstate.WebAPI.Controllers.PropertiesController.GetMyListings (VietPropEstate.WebAPI)'
[2026-05-24 10:09:46.882 +07:00 INF] Executing endpoint 'VietPropEstate.WebAPI.Controllers.DashboardController.GetStats (VietPropEstate.WebAPI)'
[2026-05-24 10:09:46.883 +07:00 INF] Route matched with {action = "GetNotifications", controller = "Notifications"}. Executing controller action with signature System.Threading.Tasks.Task`1[Microsoft.AspNetCore.Mvc.IActionResult] GetNotifications(Int32, Int32, Boolean, System.Threading.CancellationToken) on controller VietPropEstate.WebAPI.Controllers.NotificationsController (VietPropEstate.WebAPI).
[2026-05-24 10:09:46.888 +07:00 INF] Route matched with {action = "GetMyListings", controller = "Properties"}. Executing controller action with signature System.Threading.Tasks.Task`1[Microsoft.AspNetCore.Mvc.IActionResult] GetMyListings(Int32, Int32, System.Nullable`1[VietPropEstate.Domain.Enums.PropertyStatus], System.Threading.CancellationToken) on controller VietPropEstate.WebAPI.Controllers.PropertiesController (VietPropEstate.WebAPI).
[2026-05-24 10:09:46.884 +07:00 INF] Route matched with {action = "GetUnreadCounts", controller = "Conversations"}. Executing controller action with signature System.Threading.Tasks.Task`1[Microsoft.AspNetCore.Mvc.IActionResult] GetUnreadCounts(System.Threading.CancellationToken) on controller VietPropEstate.WebAPI.Controllers.ConversationsController (VietPropEstate.WebAPI).
[2026-05-24 10:09:46.888 +07:00 INF] Route matched with {action = "GetStats", controller = "Dashboard"}. Executing controller action with signature System.Threading.Tasks.Task`1[Microsoft.AspNetCore.Mvc.IActionResult] GetStats(System.Threading.CancellationToken) on controller VietPropEstate.WebAPI.Controllers.DashboardController (VietPropEstate.WebAPI).
[2026-05-24 10:09:46.893 +07:00 INF] Handling GetUserNotificationsQuery {"UserId":"b0d7f7d4-26e4-447e-8c5b-8702835f658c","PageNumber":1,"PageSize":20,"UnreadOnly":false,"$type":"GetUserNotificationsQuery"}
[2026-05-24 10:09:46.896 +07:00 INF] Handling GetMyPropertiesQuery {"PageNumber":1,"PageSize":10,"Status":null,"$type":"GetMyPropertiesQuery"}
[2026-05-24 10:09:46.898 +07:00 INF] Handling GetUnreadCountQuery {"UserId":"b0d7f7d4-26e4-447e-8c5b-8702835f658c","$type":"GetUnreadCountQuery"}
[2026-05-24 10:09:46.917 +07:00 INF] Request starting HTTP/1.1 GET http://localhost:5198/uploads/avatars/b0d7f7d4-26e4-447e-8c5b-8702835f658c/a945c7f265f049fcb597068febb11fe4.jpg - null null
[2026-05-24 10:09:46.920 +07:00 INF] Executed DbCommand (4ms) [Parameters=[@__request_UserId_0='?' (Size = 450)], CommandType='"Text"', CommandTimeout='60']
SELECT COUNT(*)
FROM [Notifications] AS [n]
WHERE [n].[IsDeleted] = CAST(0 AS bit) AND [n].[UserId] = @__request_UserId_0 AND [n].[IsDeleted] = CAST(0 AS bit)
[2026-05-24 10:09:46.925 +07:00 INF] Executed DbCommand (3ms) [Parameters=[@__userId_0='?' (Size = 450)], CommandType='"Text"', CommandTimeout='60']
SELECT TOP(1) [a].[Id], [a].[AgencyName], [a].[AvatarUrl], [a].[Bio], [a].[CreatedAt], [a].[CreatedBy], [a].[DeletedAt], [a].[DeletedBy], [a].[Email], [a].[FullName], [a].[IsActive], [a].[IsDeleted], [a].[LastModifiedAt], [a].[LastModifiedBy], [a].[LicenseNumber], [a].[PhoneNumber], [a].[RowVersion], [a].[UserId]
FROM [Agents] AS [a]
WHERE [a].[IsDeleted] = CAST(0 AS bit) AND [a].[UserId] = @__userId_0 AND [a].[IsDeleted] = CAST(0 AS bit)
[2026-05-24 10:09:46.926 +07:00 INF] The file /uploads/avatars/b0d7f7d4-26e4-447e-8c5b-8702835f658c/a945c7f265f049fcb597068febb11fe4.jpg was not modified
[2026-05-24 10:09:46.931 +07:00 INF] Request finished HTTP/1.1 GET http://localhost:5198/uploads/avatars/b0d7f7d4-26e4-447e-8c5b-8702835f658c/a945c7f265f049fcb597068febb11fe4.jpg - 304 null image/jpeg 14.0919ms
[2026-05-24 10:09:46.937 +07:00 INF] Executed DbCommand (5ms) [Parameters=[@__request_UserId_0='?' (Size = 450)], CommandType='"Text"', CommandTimeout='60']
SELECT COALESCE(SUM(CASE
    WHEN [c].[BuyerId] = @__request_UserId_0 THEN [c].[BuyerUnreadCount]
    ELSE [c].[SellerUnreadCount]
END), 0)
FROM [Conversations] AS [c]
WHERE [c].[IsDeleted] = CAST(0 AS bit) AND ([c].[BuyerId] = @__request_UserId_0 OR [c].[SellerId] = @__request_UserId_0) AND [c].[IsDeleted] = CAST(0 AS bit)
[2026-05-24 10:09:46.939 +07:00 INF] Executed DbCommand (3ms) [Parameters=[@__agent_Id_0='?' (DbType = Guid)], CommandType='"Text"', CommandTimeout='60']
SELECT [p].[Status], [p].[ViewCount]
FROM [Properties] AS [p]
WHERE [p].[IsDeleted] = CAST(0 AS bit) AND [p].[AgentId] = @__agent_Id_0
[2026-05-24 10:09:46.943 +07:00 INF] Executed DbCommand (2ms) [Parameters=[@___currentUser_UserId_0='?' (Size = 450)], CommandType='"Text"', CommandTimeout='60']
SELECT TOP(1) [a].[Id], [a].[AgencyName], [a].[AvatarUrl], [a].[Bio], [a].[CreatedAt], [a].[CreatedBy], [a].[DeletedAt], [a].[DeletedBy], [a].[Email], [a].[FullName], [a].[IsActive], [a].[IsDeleted], [a].[LastModifiedAt], [a].[LastModifiedBy], [a].[LicenseNumber], [a].[PhoneNumber], [a].[RowVersion], [a].[UserId]
FROM [Agents] AS [a]
WHERE [a].[IsDeleted] = CAST(0 AS bit) AND [a].[UserId] = @___currentUser_UserId_0 AND [a].[IsActive] = CAST(1 AS bit) AND [a].[IsDeleted] = CAST(0 AS bit)
[2026-05-24 10:09:46.943 +07:00 INF] Executed DbCommand (2ms) [Parameters=[@__request_UserId_0='?' (Size = 450), @__p_1='?' (DbType = Int32), @__p_2='?' (DbType = Int32)], CommandType='"Text"', CommandTimeout='60']
SELECT [n].[Id], [n].[UserId], [n].[Title], [n].[Content], [n].[Type], [n].[IsRead], [n].[ReadAt], [n].[ReferenceId], [n].[ActionUrl], [n].[CreatedAt]
FROM [Notifications] AS [n]
WHERE [n].[IsDeleted] = CAST(0 AS bit) AND [n].[UserId] = @__request_UserId_0 AND [n].[IsDeleted] = CAST(0 AS bit)
ORDER BY [n].[CreatedAt] DESC
OFFSET @__p_1 ROWS FETCH NEXT @__p_2 ROWS ONLY
[2026-05-24 10:09:46.948 +07:00 INF] Executed DbCommand (2ms) [Parameters=[@__request_UserId_0='?' (Size = 450)], CommandType='"Text"', CommandTimeout='60']
SELECT COUNT(*)
FROM [Notifications] AS [n]
WHERE [n].[IsDeleted] = CAST(0 AS bit) AND [n].[UserId] = @__request_UserId_0 AND [n].[IsRead] = CAST(0 AS bit) AND [n].[IsDeleted] = CAST(0 AS bit)
[2026-05-24 10:09:46.949 +07:00 INF] Handled GetUserNotificationsQuery in 56ms
[2026-05-24 10:09:46.952 +07:00 INF] Handled GetUnreadCountQuery in 54ms
[2026-05-24 10:09:46.952 +07:00 INF] Executed DbCommand (3ms) [Parameters=[@__userId_0='?' (Size = 450)], CommandType='"Text"', CommandTimeout='60']
SELECT COUNT(*)
FROM [Favorites] AS [f]
WHERE [f].[IsDeleted] = CAST(0 AS bit) AND [f].[UserId] = @__userId_0 AND [f].[IsDeleted] = CAST(0 AS bit)
[2026-05-24 10:09:46.953 +07:00 INF] Executing OkObjectResult, writing value of type 'VietPropEstate.Application.Common.Models.PaginatedList`1[[VietPropEstate.Application.Features.Notifications.DTOs.NotificationDto, VietPropEstate.Application, Version=1.0.0.0, Culture=neutral, PublicKeyToken=null]]'.
[2026-05-24 10:09:46.955 +07:00 INF] Executing OkObjectResult, writing value of type 'VietPropEstate.Application.Features.Chat.Queries.GetUnreadCount.UnreadCountResult'.
[2026-05-24 10:09:46.958 +07:00 INF] Handling GetUnreadCountQuery {"UserId":"b0d7f7d4-26e4-447e-8c5b-8702835f658c","$type":"GetUnreadCountQuery"}
[2026-05-24 10:09:46.959 +07:00 INF] Executed DbCommand (2ms) [Parameters=[@__agentId_0='?' (DbType = Guid)], CommandType='"Text"', CommandTimeout='60']
SELECT COUNT(*)
FROM [Properties] AS [p]
WHERE [p].[IsDeleted] = CAST(0 AS bit) AND [p].[AgentId] = @__agentId_0
[2026-05-24 10:09:46.967 +07:00 INF] Executed DbCommand (1ms) [Parameters=[@__request_UserId_0='?' (Size = 450)], CommandType='"Text"', CommandTimeout='60']
SELECT COALESCE(SUM(CASE
    WHEN [c].[BuyerId] = @__request_UserId_0 THEN [c].[BuyerUnreadCount]
    ELSE [c].[SellerUnreadCount]
END), 0)
FROM [Conversations] AS [c]
WHERE [c].[IsDeleted] = CAST(0 AS bit) AND ([c].[BuyerId] = @__request_UserId_0 OR [c].[SellerId] = @__request_UserId_0) AND [c].[IsDeleted] = CAST(0 AS bit)
[2026-05-24 10:09:46.969 +07:00 INF] Executed action VietPropEstate.WebAPI.Controllers.ConversationsController.GetUnreadCounts (VietPropEstate.WebAPI) in 74.0555ms
[2026-05-24 10:09:46.973 +07:00 INF] Executed action VietPropEstate.WebAPI.Controllers.NotificationsController.GetNotifications (VietPropEstate.WebAPI) in 84.2766ms
[2026-05-24 10:09:46.973 +07:00 INF] Executed DbCommand (1ms) [Parameters=[@__request_UserId_0='?' (Size = 450)], CommandType='"Text"', CommandTimeout='60']
SELECT COUNT(*)
FROM [Notifications] AS [n]
WHERE [n].[IsDeleted] = CAST(0 AS bit) AND [n].[UserId] = @__request_UserId_0 AND [n].[IsRead] = CAST(0 AS bit) AND [n].[IsDeleted] = CAST(0 AS bit)
[2026-05-24 10:09:46.974 +07:00 INF] Executed endpoint 'VietPropEstate.WebAPI.Controllers.ConversationsController.GetUnreadCounts (VietPropEstate.WebAPI)'
[2026-05-24 10:09:46.976 +07:00 INF] Executed endpoint 'VietPropEstate.WebAPI.Controllers.NotificationsController.GetNotifications (VietPropEstate.WebAPI)'
[2026-05-24 10:09:46.980 +07:00 INF] Handled GetUnreadCountQuery in 21ms
[2026-05-24 10:09:46.980 +07:00 INF] HTTP GET /api/conversations/unread responded 200 in 156.1492 ms
[2026-05-24 10:09:46.982 +07:00 INF] HTTP GET /api/notifications responded 200 in 121.6451 ms
[2026-05-24 10:09:46.987 +07:00 INF] Request finished HTTP/1.1 GET http://localhost:5198/api/conversations/unread - 200 null application/json; charset=utf-8 168.3541ms
[2026-05-24 10:09:46.987 +07:00 INF] Executing OkObjectResult, writing value of type 'VietPropEstate.Application.Features.Dashboard.DTOs.DashboardStatsDto'.
[2026-05-24 10:09:46.989 +07:00 INF] Request finished HTTP/1.1 GET http://localhost:5198/api/notifications?pageNumber=1&pageSize=20&unreadOnly=false - 200 null application/json; charset=utf-8 142.2918ms
[2026-05-24 10:09:47.002 +07:00 INF] Executed action VietPropEstate.WebAPI.Controllers.DashboardController.GetStats (VietPropEstate.WebAPI) in 104.5045ms
[2026-05-24 10:09:47.004 +07:00 INF] Executed endpoint 'VietPropEstate.WebAPI.Controllers.DashboardController.GetStats (VietPropEstate.WebAPI)'
[2026-05-24 10:09:47.006 +07:00 INF] HTTP GET /api/dashboard/stats responded 200 in 124.3860 ms
[2026-05-24 10:09:47.009 +07:00 INF] Request finished HTTP/1.1 GET http://localhost:5198/api/dashboard/stats - 200 null application/json; charset=utf-8 139.3338ms
[2026-05-24 10:09:47.091 +07:00 INF] Executed DbCommand (11ms) [Parameters=[@__agentId_0='?' (DbType = Guid), @__p_1='?' (DbType = Int32), @__p_2='?' (DbType = Int32)], CommandType='"Text"', CommandTimeout='60']
SELECT [p1].[Id], [p1].[AgentId], [p1].[Area], [p1].[CreatedAt], [p1].[CreatedBy], [p1].[DeletedAt], [p1].[DeletedBy], [p1].[Description], [p1].[Direction], [p1].[ExpiresAt], [p1].[FullAddress], [p1].[IsDeleted], [p1].[IsFeatured], [p1].[LastModifiedAt], [p1].[LastModifiedBy], [p1].[Latitude], [p1].[ListingType], [p1].[Longitude], [p1].[NumberOfBathrooms], [p1].[NumberOfBedrooms], [p1].[NumberOfFloors], [p1].[PropertyTypeId], [p1].[ProvinceCode], [p1].[ProvinceName], [p1].[PublishedAt], [p1].[RowVersion], [p1].[Slug], [p1].[Status], [p1].[Title], [p1].[TransactionTypeId], [p1].[VideoUrl], [p1].[ViewCount], [p1].[WardCode], [p1].[WardName], [p1].[AddressCountry], [p1].[AddressDistrict], [p1].[AddressLatitude], [p1].[AddressLongitude], [p1].[AddressProvince], [p1].[Street], [p1].[AddressWard], [p1].[PriceAmount], [p1].[PriceCurrency], [p2].[Id], [p2].[CreatedAt], [p2].[CreatedBy], [p2].[DeletedAt], [p2].[DeletedBy], [p2].[Description], [p2].[IsActive], [p2].[IsDeleted], [p2].[LastModifiedAt], [p2].[LastModifiedBy], [p2].[Name], [p2].[RowVersion], [a0].[Id], [a0].[AgencyName], [a0].[AvatarUrl], [a0].[Bio], [a0].[CreatedAt], [a0].[CreatedBy], [a0].[DeletedAt], [a0].[DeletedBy], [a0].[Email], [a0].[FullName], [a0].[IsActive], [a0].[IsDeleted], [a0].[LastModifiedAt], [a0].[LastModifiedBy], [a0].[LicenseNumber], [a0].[PhoneNumber], [a0].[RowVersion], [a0].[UserId], [t0].[Id], [t0].[CreatedAt], [t0].[CreatedBy], [t0].[DeletedAt], [t0].[DeletedBy], [t0].[Description], [t0].[IsActive], [t0].[IsDeleted], [t0].[LastModifiedAt], [t0].[LastModifiedBy], [t0].[Name], [t0].[RowVersion], [p4].[Id], [p4].[Caption], [p4].[CreatedAt], [p4].[CreatedBy], [p4].[DeletedAt], [p4].[DeletedBy], [p4].[DisplayOrder], [p4].[IsDeleted], [p4].[IsPrimary], [p4].[LastModifiedAt], [p4].[LastModifiedBy], [p4].[PropertyId], [p4].[RowVersion], [p4].[Url]
FROM (
    SELECT [p].[Id], [p].[AgentId], [p].[Area], [p].[CreatedAt], [p].[CreatedBy], [p].[DeletedAt], [p].[DeletedBy], [p].[Description], [p].[Direction], [p].[ExpiresAt], [p].[FullAddress], [p].[IsDeleted], [p].[IsFeatured], [p].[LastModifiedAt], [p].[LastModifiedBy], [p].[Latitude], [p].[ListingType], [p].[Longitude], [p].[NumberOfBathrooms], [p].[NumberOfBedrooms], [p].[NumberOfFloors], [p].[PropertyTypeId], [p].[ProvinceCode], [p].[ProvinceName], [p].[PublishedAt], [p].[RowVersion], [p].[Slug], [p].[Status], [p].[Title], [p].[TransactionTypeId], [p].[VideoUrl], [p].[ViewCount], [p].[WardCode], [p].[WardName], [p].[AddressCountry], [p].[AddressDistrict], [p].[AddressLatitude], [p].[AddressLongitude], [p].[AddressProvince], [p].[Street], [p].[AddressWard], [p].[PriceAmount], [p].[PriceCurrency]
    FROM [Properties] AS [p]
    WHERE [p].[IsDeleted] = CAST(0 AS bit) AND [p].[AgentId] = @__agentId_0
    ORDER BY [p].[CreatedAt] DESC
    OFFSET @__p_1 ROWS FETCH NEXT @__p_2 ROWS ONLY
) AS [p1]
INNER JOIN (
    SELECT [p0].[Id], [p0].[CreatedAt], [p0].[CreatedBy], [p0].[DeletedAt], [p0].[DeletedBy], [p0].[Description], [p0].[IsActive], [p0].[IsDeleted], [p0].[LastModifiedAt], [p0].[LastModifiedBy], [p0].[Name], [p0].[RowVersion]
    FROM [PropertyTypes] AS [p0]
    WHERE [p0].[IsDeleted] = CAST(0 AS bit)
) AS [p2] ON [p1].[PropertyTypeId] = [p2].[Id]
INNER JOIN (
    SELECT [a].[Id], [a].[AgencyName], [a].[AvatarUrl], [a].[Bio], [a].[CreatedAt], [a].[CreatedBy], [a].[DeletedAt], [a].[DeletedBy], [a].[Email], [a].[FullName], [a].[IsActive], [a].[IsDeleted], [a].[LastModifiedAt], [a].[LastModifiedBy], [a].[LicenseNumber], [a].[PhoneNumber], [a].[RowVersion], [a].[UserId]
    FROM [Agents] AS [a]
    WHERE [a].[IsDeleted] = CAST(0 AS bit)
) AS [a0] ON [p1].[AgentId] = [a0].[Id]
LEFT JOIN (
    SELECT [t].[Id], [t].[CreatedAt], [t].[CreatedBy], [t].[DeletedAt], [t].[DeletedBy], [t].[Description], [t].[IsActive], [t].[IsDeleted], [t].[LastModifiedAt], [t].[LastModifiedBy], [t].[Name], [t].[RowVersion]
    FROM [TransactionTypes] AS [t]
    WHERE [t].[IsDeleted] = CAST(0 AS bit)
) AS [t0] ON [p1].[TransactionTypeId] = [t0].[Id]
LEFT JOIN (
    SELECT [p3].[Id], [p3].[Caption], [p3].[CreatedAt], [p3].[CreatedBy], [p3].[DeletedAt], [p3].[DeletedBy], [p3].[DisplayOrder], [p3].[IsDeleted], [p3].[IsPrimary], [p3].[LastModifiedAt], [p3].[LastModifiedBy], [p3].[PropertyId], [p3].[RowVersion], [p3].[Url]
    FROM [PropertyImages] AS [p3]
    WHERE [p3].[IsDeleted] = CAST(0 AS bit)
) AS [p4] ON [p1].[Id] = [p4].[PropertyId]
ORDER BY [p1].[CreatedAt] DESC, [p1].[Id], [p2].[Id], [a0].[Id], [t0].[Id]
[2026-05-24 10:09:47.099 +07:00 INF] Handled GetMyPropertiesQuery in 203ms
[2026-05-24 10:09:47.101 +07:00 INF] Executing OkObjectResult, writing value of type 'VietPropEstate.Application.Common.Models.PaginatedList`1[[VietPropEstate.Application.Features.Properties.DTOs.PropertyDto, VietPropEstate.Application, Version=1.0.0.0, Culture=neutral, PublicKeyToken=null]]'.
[2026-05-24 10:09:47.105 +07:00 INF] Executed action VietPropEstate.WebAPI.Controllers.PropertiesController.GetMyListings (VietPropEstate.WebAPI) in 213.2204ms
[2026-05-24 10:09:47.107 +07:00 INF] Executed endpoint 'VietPropEstate.WebAPI.Controllers.PropertiesController.GetMyListings (VietPropEstate.WebAPI)'
[2026-05-24 10:09:47.109 +07:00 INF] HTTP GET /api/properties/my-listings responded 200 in 231.9617 ms
[2026-05-24 10:09:47.112 +07:00 INF] Request finished HTTP/1.1 GET http://localhost:5198/api/properties/my-listings?pageNumber=1&pageSize=10 - 200 null application/json; charset=utf-8 246.6921ms
[2026-05-24 10:09:47.170 +07:00 INF] Request starting HTTP/1.1 GET http://localhost:5198/uploads/properties/9cf48c7d-3237-406f-b85d-b0494ca4d575/834a4967bd4846308bdad604efd55a66.jpg - null null
[2026-05-24 10:09:47.171 +07:00 INF] Request starting HTTP/1.1 GET http://localhost:5198/uploads/properties/1e6c7124-ef2c-4cb1-86cb-c2dc48428ad4/2a03f1a49ad947d8a0e96351b157b535.jpg - null null
[2026-05-24 10:09:47.175 +07:00 INF] The file /uploads/properties/9cf48c7d-3237-406f-b85d-b0494ca4d575/834a4967bd4846308bdad604efd55a66.jpg was not modified
[2026-05-24 10:09:47.178 +07:00 INF] The file /uploads/properties/1e6c7124-ef2c-4cb1-86cb-c2dc48428ad4/2a03f1a49ad947d8a0e96351b157b535.jpg was not modified
[2026-05-24 10:09:47.179 +07:00 INF] Request finished HTTP/1.1 GET http://localhost:5198/uploads/properties/9cf48c7d-3237-406f-b85d-b0494ca4d575/834a4967bd4846308bdad604efd55a66.jpg - 304 null image/jpeg 8.3263ms
[2026-05-24 10:09:47.180 +07:00 INF] Request finished HTTP/1.1 GET http://localhost:5198/uploads/properties/1e6c7124-ef2c-4cb1-86cb-c2dc48428ad4/2a03f1a49ad947d8a0e96351b157b535.jpg - 304 null image/jpeg 8.7921ms
[2026-05-24 10:10:00.251 +07:00 INF] Request starting HTTP/1.1 OPTIONS http://localhost:5198/api/conversations?pageNumber=1&pageSize=20 - null null
[2026-05-24 10:10:00.256 +07:00 INF] CORS policy execution successful.
[2026-05-24 10:10:00.258 +07:00 INF] Request finished HTTP/1.1 OPTIONS http://localhost:5198/api/conversations?pageNumber=1&pageSize=20 - 204 null null 6.4914ms
[2026-05-24 10:10:00.262 +07:00 INF] Request starting HTTP/1.1 GET http://localhost:5198/api/conversations?pageNumber=1&pageSize=20 - null null
[2026-05-24 10:10:00.267 +07:00 INF] CORS policy execution successful.
[2026-05-24 10:10:00.269 +07:00 INF] Executing endpoint 'VietPropEstate.WebAPI.Controllers.ConversationsController.GetMyConversations (VietPropEstate.WebAPI)'
[2026-05-24 10:10:00.275 +07:00 INF] Route matched with {action = "GetMyConversations", controller = "Conversations"}. Executing controller action with signature System.Threading.Tasks.Task`1[Microsoft.AspNetCore.Mvc.IActionResult] GetMyConversations(Int32, Int32, Boolean, System.Threading.CancellationToken) on controller VietPropEstate.WebAPI.Controllers.ConversationsController (VietPropEstate.WebAPI).
[2026-05-24 10:10:00.281 +07:00 INF] Handling GetUserConversationsQuery {"UserId":"b0d7f7d4-26e4-447e-8c5b-8702835f658c","PageNumber":1,"PageSize":20,"IncludeClosed":false,"$type":"GetUserConversationsQuery"}
[2026-05-24 10:10:00.312 +07:00 INF] Executed DbCommand (3ms) [Parameters=[@__request_UserId_0='?' (Size = 450)], CommandType='"Text"', CommandTimeout='60']
SELECT [u].[Id], [u].[ConversationId], [u].[CreatedAt], [u].[CreatedBy], [u].[DeletedAt], [u].[DeletedBy], [u].[IsDeleted], [u].[IsMuted], [u].[IsPinned], [u].[LastModifiedAt], [u].[LastModifiedBy], [u].[PinnedAt], [u].[RowVersion], [u].[UserId]
FROM [UserConversationSettings] AS [u]
WHERE [u].[IsDeleted] = CAST(0 AS bit) AND [u].[UserId] = @__request_UserId_0
[2026-05-24 10:10:00.334 +07:00 INF] Executed DbCommand (2ms) [Parameters=[@__request_UserId_0='?' (Size = 450)], CommandType='"Text"', CommandTimeout='60']
SELECT [u].[Id], [u].[BlockedUserId], [u].[BlockerId], [u].[CreatedAt], [u].[CreatedBy], [u].[DeletedAt], [u].[DeletedBy], [u].[IsDeleted], [u].[LastModifiedAt], [u].[LastModifiedBy], [u].[RowVersion]
FROM [UserBlocks] AS [u]
WHERE [u].[IsDeleted] = CAST(0 AS bit) AND ([u].[BlockerId] = @__request_UserId_0 OR [u].[BlockedUserId] = @__request_UserId_0)
[2026-05-24 10:10:00.344 +07:00 WRN] The query uses a row limiting operator ('Skip'/'Take') without an 'OrderBy' operator. This may lead to unpredictable results. If the 'Distinct' operator is used after 'OrderBy', then make sure to use the 'OrderBy' operator after 'Distinct' as the ordering would otherwise get erased.
[2026-05-24 10:10:00.441 +07:00 INF] Executed DbCommand (6ms) [Parameters=[@__request_UserId_0='?' (Size = 450)], CommandType='"Text"', CommandTimeout='60']
SELECT [c].[Id], [c].[BuyerId], [c].[BuyerUnreadCount], [c].[ClosedAt], [c].[CreatedAt], [c].[CreatedBy], [c].[DeletedAt], [c].[DeletedBy], [c].[IsClosed], [c].[IsDeleted], [c].[LastMessageAt], [c].[LastMessagePreview], [c].[LastModifiedAt], [c].[LastModifiedBy], [c].[PropertyId], [c].[RowVersion], [c].[SellerId], [c].[SellerUnreadCount], [c].[Subject], [p0].[Id], [p0].[AgentId], [p0].[Area], [p0].[CreatedAt], [p0].[CreatedBy], [p0].[DeletedAt], [p0].[DeletedBy], [p0].[Description], [p0].[Direction], [p0].[ExpiresAt], [p0].[FullAddress], [p0].[IsDeleted], [p0].[IsFeatured], [p0].[LastModifiedAt], [p0].[LastModifiedBy], [p0].[Latitude], [p0].[ListingType], [p0].[Longitude], [p0].[NumberOfBathrooms], [p0].[NumberOfBedrooms], [p0].[NumberOfFloors], [p0].[PropertyTypeId], [p0].[ProvinceCode], [p0].[ProvinceName], [p0].[PublishedAt], [p0].[RowVersion], [p0].[Slug], [p0].[Status], [p0].[Title], [p0].[TransactionTypeId], [p0].[VideoUrl], [p0].[ViewCount], [p0].[WardCode], [p0].[WardName], [p0].[AddressCountry], [p0].[AddressDistrict], [p0].[AddressLatitude], [p0].[AddressLongitude], [p0].[AddressProvince], [p0].[Street], [p0].[AddressWard], [p0].[PriceAmount], [p0].[PriceCurrency], [p3].[Id], [p3].[Caption], [p3].[CreatedAt], [p3].[CreatedBy], [p3].[DeletedAt], [p3].[DeletedBy], [p3].[DisplayOrder], [p3].[IsDeleted], [p3].[IsPrimary], [p3].[LastModifiedAt], [p3].[LastModifiedBy], [p3].[PropertyId], [p3].[RowVersion], [p3].[Url]
FROM [Conversations] AS [c]
INNER JOIN (
    SELECT [p].[Id], [p].[AgentId], [p].[Area], [p].[CreatedAt], [p].[CreatedBy], [p].[DeletedAt], [p].[DeletedBy], [p].[Description], [p].[Direction], [p].[ExpiresAt], [p].[FullAddress], [p].[IsDeleted], [p].[IsFeatured], [p].[LastModifiedAt], [p].[LastModifiedBy], [p].[Latitude], [p].[ListingType], [p].[Longitude], [p].[NumberOfBathrooms], [p].[NumberOfBedrooms], [p].[NumberOfFloors], [p].[PropertyTypeId], [p].[ProvinceCode], [p].[ProvinceName], [p].[PublishedAt], [p].[RowVersion], [p].[Slug], [p].[Status], [p].[Title], [p].[TransactionTypeId], [p].[VideoUrl], [p].[ViewCount], [p].[WardCode], [p].[WardName], [p].[AddressCountry], [p].[AddressDistrict], [p].[AddressLatitude], [p].[AddressLongitude], [p].[AddressProvince], [p].[Street], [p].[AddressWard], [p].[PriceAmount], [p].[PriceCurrency]
    FROM [Properties] AS [p]
    WHERE [p].[IsDeleted] = CAST(0 AS bit)
) AS [p0] ON [c].[PropertyId] = [p0].[Id]
LEFT JOIN (
    SELECT [p2].[Id], [p2].[Caption], [p2].[CreatedAt], [p2].[CreatedBy], [p2].[DeletedAt], [p2].[DeletedBy], [p2].[DisplayOrder], [p2].[IsDeleted], [p2].[IsPrimary], [p2].[LastModifiedAt], [p2].[LastModifiedBy], [p2].[PropertyId], [p2].[RowVersion], [p2].[Url]
    FROM (
        SELECT [p1].[Id], [p1].[Caption], [p1].[CreatedAt], [p1].[CreatedBy], [p1].[DeletedAt], [p1].[DeletedBy], [p1].[DisplayOrder], [p1].[IsDeleted], [p1].[IsPrimary], [p1].[LastModifiedAt], [p1].[LastModifiedBy], [p1].[PropertyId], [p1].[RowVersion], [p1].[Url], ROW_NUMBER() OVER(PARTITION BY [p1].[PropertyId] ORDER BY [p1].[Id]) AS [row]
        FROM [PropertyImages] AS [p1]
        WHERE [p1].[IsDeleted] = CAST(0 AS bit) AND [p1].[IsPrimary] = CAST(1 AS bit)
    ) AS [p2]
    WHERE [p2].[row] <= 1
) AS [p3] ON [p0].[Id] = [p3].[PropertyId]
WHERE [c].[IsDeleted] = CAST(0 AS bit) AND ([c].[BuyerId] = @__request_UserId_0 OR [c].[SellerId] = @__request_UserId_0) AND [c].[IsDeleted] = CAST(0 AS bit) AND [c].[IsClosed] = CAST(0 AS bit)
ORDER BY [c].[Id], [p0].[Id]
[2026-05-24 10:10:00.734 +07:00 INF] Executed DbCommand (3ms) [Parameters=[@__ids_0='?' (Size = 4000)], CommandType='"Text"', CommandTimeout='60']
SELECT [a].[UserId], [a].[FullName]
FROM [Agents] AS [a]
WHERE [a].[IsDeleted] = CAST(0 AS bit) AND [a].[UserId] IS NOT NULL AND [a].[UserId] IN (
    SELECT [i].[value]
    FROM OPENJSON(@__ids_0) WITH ([value] nvarchar(450) '$') AS [i]
)
[2026-05-24 10:10:00.747 +07:00 INF] Executed DbCommand (4ms) [Parameters=[@__ids_0='?' (Size = 4000)], CommandType='"Text"', CommandTimeout='60']
SELECT [c].[UserId], [c].[FullName]
FROM [Customers] AS [c]
WHERE [c].[IsDeleted] = CAST(0 AS bit) AND [c].[UserId] IS NOT NULL AND [c].[UserId] IN (
    SELECT [i].[value]
    FROM OPENJSON(@__ids_0) WITH ([value] nvarchar(450) '$') AS [i]
)
[2026-05-24 10:10:00.762 +07:00 INF] Executed DbCommand (2ms) [Parameters=[@__ids_0='?' (Size = 4000)], CommandType='"Text"', CommandTimeout='60']
SELECT [a].[Id], [a].[AvatarUrl]
FROM [AspNetUsers] AS [a]
WHERE [a].[Id] IN (
    SELECT [i].[value]
    FROM OPENJSON(@__ids_0) WITH ([value] nvarchar(450) '$') AS [i]
)
[2026-05-24 10:10:00.773 +07:00 INF] Executed DbCommand (3ms) [Parameters=[@__ids_0='?' (Size = 4000)], CommandType='"Text"', CommandTimeout='60']
SELECT [a].[UserId], [a].[AvatarUrl]
FROM [Agents] AS [a]
WHERE [a].[IsDeleted] = CAST(0 AS bit) AND [a].[UserId] IS NOT NULL AND [a].[UserId] IN (
    SELECT [i].[value]
    FROM OPENJSON(@__ids_0) WITH ([value] nvarchar(450) '$') AS [i]
)
[2026-05-24 10:10:00.780 +07:00 INF] Handled GetUserConversationsQuery in 499ms
[2026-05-24 10:10:00.782 +07:00 INF] Executing OkObjectResult, writing value of type 'VietPropEstate.Application.Common.Models.PaginatedList`1[[VietPropEstate.Application.Features.Chat.DTOs.ConversationDto, VietPropEstate.Application, Version=1.0.0.0, Culture=neutral, PublicKeyToken=null]]'.
[2026-05-24 10:10:00.791 +07:00 INF] Executed action VietPropEstate.WebAPI.Controllers.ConversationsController.GetMyConversations (VietPropEstate.WebAPI) in 513.4842ms
[2026-05-24 10:10:00.793 +07:00 INF] Executed endpoint 'VietPropEstate.WebAPI.Controllers.ConversationsController.GetMyConversations (VietPropEstate.WebAPI)'
[2026-05-24 10:10:00.795 +07:00 INF] HTTP GET /api/conversations responded 200 in 526.2503 ms
[2026-05-24 10:10:00.797 +07:00 INF] Request finished HTTP/1.1 GET http://localhost:5198/api/conversations?pageNumber=1&pageSize=20 - 200 null application/json; charset=utf-8 534.8793ms
[2026-05-24 10:10:00.841 +07:00 INF] Request starting HTTP/1.1 OPTIONS http://localhost:5198/api/conversations/b1d13690-59bc-4cf6-bb86-f0350344b2f9/messages?pageNumber=1&pageSize=50 - null null
[2026-05-24 10:10:00.844 +07:00 INF] CORS policy execution successful.
[2026-05-24 10:10:00.845 +07:00 INF] Request finished HTTP/1.1 OPTIONS http://localhost:5198/api/conversations/b1d13690-59bc-4cf6-bb86-f0350344b2f9/messages?pageNumber=1&pageSize=50 - 204 null null 3.8279ms
[2026-05-24 10:10:00.849 +07:00 INF] Request starting HTTP/1.1 GET http://localhost:5198/api/conversations/b1d13690-59bc-4cf6-bb86-f0350344b2f9/messages?pageNumber=1&pageSize=50 - null null
[2026-05-24 10:10:00.852 +07:00 INF] CORS policy execution successful.
[2026-05-24 10:10:00.854 +07:00 INF] Executing endpoint 'VietPropEstate.WebAPI.Controllers.ConversationsController.GetMessages (VietPropEstate.WebAPI)'
[2026-05-24 10:10:00.859 +07:00 INF] Route matched with {action = "GetMessages", controller = "Conversations"}. Executing controller action with signature System.Threading.Tasks.Task`1[Microsoft.AspNetCore.Mvc.IActionResult] GetMessages(System.Guid, Int32, Int32, System.Nullable`1[System.DateTime], System.Threading.CancellationToken) on controller VietPropEstate.WebAPI.Controllers.ConversationsController (VietPropEstate.WebAPI).
[2026-05-24 10:10:00.864 +07:00 INF] Handling GetConversationMessagesQuery {"ConversationId":"b1d13690-59bc-4cf6-bb86-f0350344b2f9","RequestingUserId":"b0d7f7d4-26e4-447e-8c5b-8702835f658c","PageNumber":1,"PageSize":50,"Before":null,"$type":"GetConversationMessagesQuery"}
[2026-05-24 10:10:00.891 +07:00 INF] Executed DbCommand (2ms) [Parameters=[@__request_ConversationId_0='?' (DbType = Guid)], CommandType='"Text"', CommandTimeout='60']
SELECT TOP(1) [c].[Id], [c].[BuyerId], [c].[BuyerUnreadCount], [c].[ClosedAt], [c].[CreatedAt], [c].[CreatedBy], [c].[DeletedAt], [c].[DeletedBy], [c].[IsClosed], [c].[IsDeleted], [c].[LastMessageAt], [c].[LastMessagePreview], [c].[LastModifiedAt], [c].[LastModifiedBy], [c].[PropertyId], [c].[RowVersion], [c].[SellerId], [c].[SellerUnreadCount], [c].[Subject]
FROM [Conversations] AS [c]
WHERE [c].[IsDeleted] = CAST(0 AS bit) AND [c].[Id] = @__request_ConversationId_0 AND [c].[IsDeleted] = CAST(0 AS bit)
[2026-05-24 10:10:00.903 +07:00 INF] Executed DbCommand (3ms) [Parameters=[@__request_ConversationId_0='?' (DbType = Guid)], CommandType='"Text"', CommandTimeout='60']
SELECT COUNT(*)
FROM [Messages] AS [m]
WHERE [m].[IsDeleted] = CAST(0 AS bit) AND [m].[ConversationId] = @__request_ConversationId_0 AND [m].[IsDeleted] = CAST(0 AS bit)
[2026-05-24 10:10:00.924 +07:00 INF] Executed DbCommand (2ms) [Parameters=[@__request_ConversationId_0='?' (DbType = Guid), @__p_1='?' (DbType = Int32), @__p_2='?' (DbType = Int32)], CommandType='"Text"', CommandTimeout='60']
SELECT [m].[Id], [m].[AttachmentUrl], [m].[Content], [m].[ConversationId], [m].[CreatedAt], [m].[CreatedBy], [m].[DeletedAt], [m].[DeletedBy], [m].[IsDeleted], [m].[LastModifiedAt], [m].[LastModifiedBy], [m].[ReadAt], [m].[RowVersion], [m].[SenderId], [m].[Status]
FROM [Messages] AS [m]
WHERE [m].[IsDeleted] = CAST(0 AS bit) AND [m].[ConversationId] = @__request_ConversationId_0 AND [m].[IsDeleted] = CAST(0 AS bit)
ORDER BY [m].[CreatedAt] DESC
OFFSET @__p_1 ROWS FETCH NEXT @__p_2 ROWS ONLY
[2026-05-24 10:10:00.960 +07:00 INF] Executed DbCommand (1ms) [Parameters=[@__ids_0='?' (Size = 4000)], CommandType='"Text"', CommandTimeout='60']
SELECT [a].[UserId], [a].[FullName]
FROM [Agents] AS [a]
WHERE [a].[IsDeleted] = CAST(0 AS bit) AND [a].[UserId] IS NOT NULL AND [a].[UserId] IN (
    SELECT [i].[value]
    FROM OPENJSON(@__ids_0) WITH ([value] nvarchar(450) '$') AS [i]
)
[2026-05-24 10:10:00.964 +07:00 INF] Executed DbCommand (0ms) [Parameters=[@__ids_0='?' (Size = 4000)], CommandType='"Text"', CommandTimeout='60']
SELECT [c].[UserId], [c].[FullName]
FROM [Customers] AS [c]
WHERE [c].[IsDeleted] = CAST(0 AS bit) AND [c].[UserId] IS NOT NULL AND [c].[UserId] IN (
    SELECT [i].[value]
    FROM OPENJSON(@__ids_0) WITH ([value] nvarchar(450) '$') AS [i]
)
[2026-05-24 10:10:00.968 +07:00 INF] Executed DbCommand (1ms) [Parameters=[@__ids_0='?' (Size = 4000)], CommandType='"Text"', CommandTimeout='60']
SELECT [a].[Id], [a].[AvatarUrl]
FROM [AspNetUsers] AS [a]
WHERE [a].[Id] IN (
    SELECT [i].[value]
    FROM OPENJSON(@__ids_0) WITH ([value] nvarchar(450) '$') AS [i]
)
[2026-05-24 10:10:00.972 +07:00 INF] Executed DbCommand (1ms) [Parameters=[@__ids_0='?' (Size = 4000)], CommandType='"Text"', CommandTimeout='60']
SELECT [a].[UserId], [a].[AvatarUrl]
FROM [Agents] AS [a]
WHERE [a].[IsDeleted] = CAST(0 AS bit) AND [a].[UserId] IS NOT NULL AND [a].[UserId] IN (
    SELECT [i].[value]
    FROM OPENJSON(@__ids_0) WITH ([value] nvarchar(450) '$') AS [i]
)
[2026-05-24 10:10:00.977 +07:00 INF] Handled GetConversationMessagesQuery in 113ms
[2026-05-24 10:10:00.979 +07:00 INF] Executing OkObjectResult, writing value of type 'VietPropEstate.Application.Common.Models.PaginatedList`1[[VietPropEstate.Application.Features.Chat.DTOs.MessageDto, VietPropEstate.Application, Version=1.0.0.0, Culture=neutral, PublicKeyToken=null]]'.
[2026-05-24 10:10:00.990 +07:00 INF] Executed action VietPropEstate.WebAPI.Controllers.ConversationsController.GetMessages (VietPropEstate.WebAPI) in 128.9106ms
[2026-05-24 10:10:00.992 +07:00 INF] Executed endpoint 'VietPropEstate.WebAPI.Controllers.ConversationsController.GetMessages (VietPropEstate.WebAPI)'
[2026-05-24 10:10:00.994 +07:00 INF] HTTP GET /api/conversations/b1d13690-59bc-4cf6-bb86-f0350344b2f9/messages responded 200 in 140.8303 ms
[2026-05-24 10:10:00.997 +07:00 INF] Request finished HTTP/1.1 GET http://localhost:5198/api/conversations/b1d13690-59bc-4cf6-bb86-f0350344b2f9/messages?pageNumber=1&pageSize=50 - 200 null application/json; charset=utf-8 147.8859ms
[2026-05-24 10:10:01.018 +07:00 INF] Request starting HTTP/1.1 OPTIONS http://localhost:5198/api/conversations/b1d13690-59bc-4cf6-bb86-f0350344b2f9/read - null null
[2026-05-24 10:10:01.021 +07:00 INF] CORS policy execution successful.
[2026-05-24 10:10:01.023 +07:00 INF] Request finished HTTP/1.1 OPTIONS http://localhost:5198/api/conversations/b1d13690-59bc-4cf6-bb86-f0350344b2f9/read - 204 null null 4.6854ms
[2026-05-24 10:10:01.027 +07:00 INF] Request starting HTTP/1.1 POST http://localhost:5198/api/conversations/b1d13690-59bc-4cf6-bb86-f0350344b2f9/read - null 0
[2026-05-24 10:10:01.031 +07:00 INF] CORS policy execution successful.
[2026-05-24 10:10:01.033 +07:00 INF] Executing endpoint 'VietPropEstate.WebAPI.Controllers.ConversationsController.MarkAsRead (VietPropEstate.WebAPI)'
[2026-05-24 10:10:01.038 +07:00 INF] Route matched with {action = "MarkAsRead", controller = "Conversations"}. Executing controller action with signature System.Threading.Tasks.Task`1[Microsoft.AspNetCore.Mvc.IActionResult] MarkAsRead(System.Guid, System.Threading.CancellationToken) on controller VietPropEstate.WebAPI.Controllers.ConversationsController (VietPropEstate.WebAPI).
[2026-05-24 10:10:01.045 +07:00 INF] Handling MarkMessagesAsReadCommand {"ConversationId":"b1d13690-59bc-4cf6-bb86-f0350344b2f9","UserId":"b0d7f7d4-26e4-447e-8c5b-8702835f658c","$type":"MarkMessagesAsReadCommand"}
[2026-05-24 10:10:01.070 +07:00 INF] Executed DbCommand (1ms) [Parameters=[@__request_ConversationId_0='?' (DbType = Guid)], CommandType='"Text"', CommandTimeout='60']
SELECT TOP(1) [c].[Id], [c].[BuyerId], [c].[BuyerUnreadCount], [c].[ClosedAt], [c].[CreatedAt], [c].[CreatedBy], [c].[DeletedAt], [c].[DeletedBy], [c].[IsClosed], [c].[IsDeleted], [c].[LastMessageAt], [c].[LastMessagePreview], [c].[LastModifiedAt], [c].[LastModifiedBy], [c].[PropertyId], [c].[RowVersion], [c].[SellerId], [c].[SellerUnreadCount], [c].[Subject]
FROM [Conversations] AS [c]
WHERE [c].[IsDeleted] = CAST(0 AS bit) AND [c].[Id] = @__request_ConversationId_0 AND [c].[IsDeleted] = CAST(0 AS bit)
[2026-05-24 10:10:01.091 +07:00 INF] Executed DbCommand (2ms) [Parameters=[@__request_ConversationId_0='?' (DbType = Guid), @__request_UserId_1='?' (Size = 450)], CommandType='"Text"', CommandTimeout='60']
SELECT [m].[Id], [m].[AttachmentUrl], [m].[Content], [m].[ConversationId], [m].[CreatedAt], [m].[CreatedBy], [m].[DeletedAt], [m].[DeletedBy], [m].[IsDeleted], [m].[LastModifiedAt], [m].[LastModifiedBy], [m].[ReadAt], [m].[RowVersion], [m].[SenderId], [m].[Status]
FROM [Messages] AS [m]
WHERE [m].[IsDeleted] = CAST(0 AS bit) AND [m].[ConversationId] = @__request_ConversationId_0 AND [m].[SenderId] <> @__request_UserId_1 AND [m].[Status] IN (0, 1) AND [m].[IsDeleted] = CAST(0 AS bit)
[2026-05-24 10:10:01.096 +07:00 INF] Handled MarkMessagesAsReadCommand in 51ms
[2026-05-24 10:10:01.101 +07:00 INF] Executing StatusCodeResult, setting HTTP status code 204
[2026-05-24 10:10:01.103 +07:00 INF] Executed action VietPropEstate.WebAPI.Controllers.ConversationsController.MarkAsRead (VietPropEstate.WebAPI) in 62.0879ms
[2026-05-24 10:10:01.105 +07:00 INF] Executed endpoint 'VietPropEstate.WebAPI.Controllers.ConversationsController.MarkAsRead (VietPropEstate.WebAPI)'
[2026-05-24 10:10:01.106 +07:00 INF] HTTP POST /api/conversations/b1d13690-59bc-4cf6-bb86-f0350344b2f9/read responded 204 in 73.7788 ms
[2026-05-24 10:10:01.109 +07:00 INF] Request finished HTTP/1.1 POST http://localhost:5198/api/conversations/b1d13690-59bc-4cf6-bb86-f0350344b2f9/read - 204 null null 81.9508ms
[2026-05-24 10:10:01.113 +07:00 INF] Request starting HTTP/1.1 OPTIONS http://localhost:5198/api/conversations/unread - null null
[2026-05-24 10:10:01.117 +07:00 INF] CORS policy execution successful.
[2026-05-24 10:10:01.118 +07:00 INF] Request finished HTTP/1.1 OPTIONS http://localhost:5198/api/conversations/unread - 204 null null 4.9068ms
[2026-05-24 10:10:01.123 +07:00 INF] Request starting HTTP/1.1 GET http://localhost:5198/api/conversations/unread - null null
[2026-05-24 10:10:01.127 +07:00 INF] CORS policy execution successful.
[2026-05-24 10:10:01.129 +07:00 INF] Executing endpoint 'VietPropEstate.WebAPI.Controllers.ConversationsController.GetUnreadCounts (VietPropEstate.WebAPI)'
[2026-05-24 10:10:01.131 +07:00 INF] Route matched with {action = "GetUnreadCounts", controller = "Conversations"}. Executing controller action with signature System.Threading.Tasks.Task`1[Microsoft.AspNetCore.Mvc.IActionResult] GetUnreadCounts(System.Threading.CancellationToken) on controller VietPropEstate.WebAPI.Controllers.ConversationsController (VietPropEstate.WebAPI).
[2026-05-24 10:10:01.134 +07:00 INF] Handling GetUnreadCountQuery {"UserId":"b0d7f7d4-26e4-447e-8c5b-8702835f658c","$type":"GetUnreadCountQuery"}
[2026-05-24 10:10:01.140 +07:00 INF] Executed DbCommand (1ms) [Parameters=[@__request_UserId_0='?' (Size = 450)], CommandType='"Text"', CommandTimeout='60']
SELECT COALESCE(SUM(CASE
    WHEN [c].[BuyerId] = @__request_UserId_0 THEN [c].[BuyerUnreadCount]
    ELSE [c].[SellerUnreadCount]
END), 0)
FROM [Conversations] AS [c]
WHERE [c].[IsDeleted] = CAST(0 AS bit) AND ([c].[BuyerId] = @__request_UserId_0 OR [c].[SellerId] = @__request_UserId_0) AND [c].[IsDeleted] = CAST(0 AS bit)
[2026-05-24 10:10:01.145 +07:00 INF] Executed DbCommand (1ms) [Parameters=[@__request_UserId_0='?' (Size = 450)], CommandType='"Text"', CommandTimeout='60']
SELECT COUNT(*)
FROM [Notifications] AS [n]
WHERE [n].[IsDeleted] = CAST(0 AS bit) AND [n].[UserId] = @__request_UserId_0 AND [n].[IsRead] = CAST(0 AS bit) AND [n].[IsDeleted] = CAST(0 AS bit)
[2026-05-24 10:10:01.147 +07:00 INF] Handled GetUnreadCountQuery in 13ms
[2026-05-24 10:10:01.149 +07:00 INF] Executing OkObjectResult, writing value of type 'VietPropEstate.Application.Features.Chat.Queries.GetUnreadCount.UnreadCountResult'.
[2026-05-24 10:10:01.151 +07:00 INF] Executed action VietPropEstate.WebAPI.Controllers.ConversationsController.GetUnreadCounts (VietPropEstate.WebAPI) in 17.7183ms
[2026-05-24 10:10:01.153 +07:00 INF] Executed endpoint 'VietPropEstate.WebAPI.Controllers.ConversationsController.GetUnreadCounts (VietPropEstate.WebAPI)'
[2026-05-24 10:10:01.155 +07:00 INF] HTTP GET /api/conversations/unread responded 200 in 26.2429 ms
[2026-05-24 10:10:01.157 +07:00 INF] Request finished HTTP/1.1 GET http://localhost:5198/api/conversations/unread - 200 null application/json; charset=utf-8 34.4012ms
[2026-05-24 10:10:01.167 +07:00 INF] Request starting HTTP/1.1 GET http://localhost:5198/api/conversations?pageNumber=1&pageSize=20 - null null
[2026-05-24 10:10:01.170 +07:00 INF] CORS policy execution successful.
[2026-05-24 10:10:01.172 +07:00 INF] Executing endpoint 'VietPropEstate.WebAPI.Controllers.ConversationsController.GetMyConversations (VietPropEstate.WebAPI)'
[2026-05-24 10:10:01.174 +07:00 INF] Route matched with {action = "GetMyConversations", controller = "Conversations"}. Executing controller action with signature System.Threading.Tasks.Task`1[Microsoft.AspNetCore.Mvc.IActionResult] GetMyConversations(Int32, Int32, Boolean, System.Threading.CancellationToken) on controller VietPropEstate.WebAPI.Controllers.ConversationsController (VietPropEstate.WebAPI).
[2026-05-24 10:10:01.177 +07:00 INF] Handling GetUserConversationsQuery {"UserId":"b0d7f7d4-26e4-447e-8c5b-8702835f658c","PageNumber":1,"PageSize":20,"IncludeClosed":false,"$type":"GetUserConversationsQuery"}
[2026-05-24 10:10:01.186 +07:00 INF] Executed DbCommand (1ms) [Parameters=[@__request_UserId_0='?' (Size = 450)], CommandType='"Text"', CommandTimeout='60']
SELECT [u].[Id], [u].[ConversationId], [u].[CreatedAt], [u].[CreatedBy], [u].[DeletedAt], [u].[DeletedBy], [u].[IsDeleted], [u].[IsMuted], [u].[IsPinned], [u].[LastModifiedAt], [u].[LastModifiedBy], [u].[PinnedAt], [u].[RowVersion], [u].[UserId]
FROM [UserConversationSettings] AS [u]
WHERE [u].[IsDeleted] = CAST(0 AS bit) AND [u].[UserId] = @__request_UserId_0
[2026-05-24 10:10:01.190 +07:00 INF] Executed DbCommand (1ms) [Parameters=[@__request_UserId_0='?' (Size = 450)], CommandType='"Text"', CommandTimeout='60']
SELECT [u].[Id], [u].[BlockedUserId], [u].[BlockerId], [u].[CreatedAt], [u].[CreatedBy], [u].[DeletedAt], [u].[DeletedBy], [u].[IsDeleted], [u].[LastModifiedAt], [u].[LastModifiedBy], [u].[RowVersion]
FROM [UserBlocks] AS [u]
WHERE [u].[IsDeleted] = CAST(0 AS bit) AND ([u].[BlockerId] = @__request_UserId_0 OR [u].[BlockedUserId] = @__request_UserId_0)
[2026-05-24 10:10:01.195 +07:00 INF] Executed DbCommand (1ms) [Parameters=[@__request_UserId_0='?' (Size = 450)], CommandType='"Text"', CommandTimeout='60']
SELECT [c].[Id], [c].[BuyerId], [c].[BuyerUnreadCount], [c].[ClosedAt], [c].[CreatedAt], [c].[CreatedBy], [c].[DeletedAt], [c].[DeletedBy], [c].[IsClosed], [c].[IsDeleted], [c].[LastMessageAt], [c].[LastMessagePreview], [c].[LastModifiedAt], [c].[LastModifiedBy], [c].[PropertyId], [c].[RowVersion], [c].[SellerId], [c].[SellerUnreadCount], [c].[Subject], [p0].[Id], [p0].[AgentId], [p0].[Area], [p0].[CreatedAt], [p0].[CreatedBy], [p0].[DeletedAt], [p0].[DeletedBy], [p0].[Description], [p0].[Direction], [p0].[ExpiresAt], [p0].[FullAddress], [p0].[IsDeleted], [p0].[IsFeatured], [p0].[LastModifiedAt], [p0].[LastModifiedBy], [p0].[Latitude], [p0].[ListingType], [p0].[Longitude], [p0].[NumberOfBathrooms], [p0].[NumberOfBedrooms], [p0].[NumberOfFloors], [p0].[PropertyTypeId], [p0].[ProvinceCode], [p0].[ProvinceName], [p0].[PublishedAt], [p0].[RowVersion], [p0].[Slug], [p0].[Status], [p0].[Title], [p0].[TransactionTypeId], [p0].[VideoUrl], [p0].[ViewCount], [p0].[WardCode], [p0].[WardName], [p0].[AddressCountry], [p0].[AddressDistrict], [p0].[AddressLatitude], [p0].[AddressLongitude], [p0].[AddressProvince], [p0].[Street], [p0].[AddressWard], [p0].[PriceAmount], [p0].[PriceCurrency], [p3].[Id], [p3].[Caption], [p3].[CreatedAt], [p3].[CreatedBy], [p3].[DeletedAt], [p3].[DeletedBy], [p3].[DisplayOrder], [p3].[IsDeleted], [p3].[IsPrimary], [p3].[LastModifiedAt], [p3].[LastModifiedBy], [p3].[PropertyId], [p3].[RowVersion], [p3].[Url]
FROM [Conversations] AS [c]
INNER JOIN (
    SELECT [p].[Id], [p].[AgentId], [p].[Area], [p].[CreatedAt], [p].[CreatedBy], [p].[DeletedAt], [p].[DeletedBy], [p].[Description], [p].[Direction], [p].[ExpiresAt], [p].[FullAddress], [p].[IsDeleted], [p].[IsFeatured], [p].[LastModifiedAt], [p].[LastModifiedBy], [p].[Latitude], [p].[ListingType], [p].[Longitude], [p].[NumberOfBathrooms], [p].[NumberOfBedrooms], [p].[NumberOfFloors], [p].[PropertyTypeId], [p].[ProvinceCode], [p].[ProvinceName], [p].[PublishedAt], [p].[RowVersion], [p].[Slug], [p].[Status], [p].[Title], [p].[TransactionTypeId], [p].[VideoUrl], [p].[ViewCount], [p].[WardCode], [p].[WardName], [p].[AddressCountry], [p].[AddressDistrict], [p].[AddressLatitude], [p].[AddressLongitude], [p].[AddressProvince], [p].[Street], [p].[AddressWard], [p].[PriceAmount], [p].[PriceCurrency]
    FROM [Properties] AS [p]
    WHERE [p].[IsDeleted] = CAST(0 AS bit)
) AS [p0] ON [c].[PropertyId] = [p0].[Id]
LEFT JOIN (
    SELECT [p2].[Id], [p2].[Caption], [p2].[CreatedAt], [p2].[CreatedBy], [p2].[DeletedAt], [p2].[DeletedBy], [p2].[DisplayOrder], [p2].[IsDeleted], [p2].[IsPrimary], [p2].[LastModifiedAt], [p2].[LastModifiedBy], [p2].[PropertyId], [p2].[RowVersion], [p2].[Url]
    FROM (
        SELECT [p1].[Id], [p1].[Caption], [p1].[CreatedAt], [p1].[CreatedBy], [p1].[DeletedAt], [p1].[DeletedBy], [p1].[DisplayOrder], [p1].[IsDeleted], [p1].[IsPrimary], [p1].[LastModifiedAt], [p1].[LastModifiedBy], [p1].[PropertyId], [p1].[RowVersion], [p1].[Url], ROW_NUMBER() OVER(PARTITION BY [p1].[PropertyId] ORDER BY [p1].[Id]) AS [row]
        FROM [PropertyImages] AS [p1]
        WHERE [p1].[IsDeleted] = CAST(0 AS bit) AND [p1].[IsPrimary] = CAST(1 AS bit)
    ) AS [p2]
    WHERE [p2].[row] <= 1
) AS [p3] ON [p0].[Id] = [p3].[PropertyId]
WHERE [c].[IsDeleted] = CAST(0 AS bit) AND ([c].[BuyerId] = @__request_UserId_0 OR [c].[SellerId] = @__request_UserId_0) AND [c].[IsDeleted] = CAST(0 AS bit) AND [c].[IsClosed] = CAST(0 AS bit)
ORDER BY [c].[Id], [p0].[Id]
[2026-05-24 10:10:01.202 +07:00 INF] Executed DbCommand (0ms) [Parameters=[@__ids_0='?' (Size = 4000)], CommandType='"Text"', CommandTimeout='60']
SELECT [a].[UserId], [a].[FullName]
FROM [Agents] AS [a]
WHERE [a].[IsDeleted] = CAST(0 AS bit) AND [a].[UserId] IS NOT NULL AND [a].[UserId] IN (
    SELECT [i].[value]
    FROM OPENJSON(@__ids_0) WITH ([value] nvarchar(450) '$') AS [i]
)
[2026-05-24 10:10:01.205 +07:00 INF] Executed DbCommand (1ms) [Parameters=[@__ids_0='?' (Size = 4000)], CommandType='"Text"', CommandTimeout='60']
SELECT [c].[UserId], [c].[FullName]
FROM [Customers] AS [c]
WHERE [c].[IsDeleted] = CAST(0 AS bit) AND [c].[UserId] IS NOT NULL AND [c].[UserId] IN (
    SELECT [i].[value]
    FROM OPENJSON(@__ids_0) WITH ([value] nvarchar(450) '$') AS [i]
)
[2026-05-24 10:10:01.210 +07:00 INF] Executed DbCommand (1ms) [Parameters=[@__ids_0='?' (Size = 4000)], CommandType='"Text"', CommandTimeout='60']
SELECT [a].[Id], [a].[AvatarUrl]
FROM [AspNetUsers] AS [a]
WHERE [a].[Id] IN (
    SELECT [i].[value]
    FROM OPENJSON(@__ids_0) WITH ([value] nvarchar(450) '$') AS [i]
)
[2026-05-24 10:10:01.214 +07:00 INF] Executed DbCommand (0ms) [Parameters=[@__ids_0='?' (Size = 4000)], CommandType='"Text"', CommandTimeout='60']
SELECT [a].[UserId], [a].[AvatarUrl]
FROM [Agents] AS [a]
WHERE [a].[IsDeleted] = CAST(0 AS bit) AND [a].[UserId] IS NOT NULL AND [a].[UserId] IN (
    SELECT [i].[value]
    FROM OPENJSON(@__ids_0) WITH ([value] nvarchar(450) '$') AS [i]
)
[2026-05-24 10:10:01.217 +07:00 INF] Handled GetUserConversationsQuery in 40ms
[2026-05-24 10:10:01.219 +07:00 INF] Executing OkObjectResult, writing value of type 'VietPropEstate.Application.Common.Models.PaginatedList`1[[VietPropEstate.Application.Features.Chat.DTOs.ConversationDto, VietPropEstate.Application, Version=1.0.0.0, Culture=neutral, PublicKeyToken=null]]'.
[2026-05-24 10:10:01.221 +07:00 INF] Executed action VietPropEstate.WebAPI.Controllers.ConversationsController.GetMyConversations (VietPropEstate.WebAPI) in 45.0785ms
[2026-05-24 10:10:01.223 +07:00 INF] Executed endpoint 'VietPropEstate.WebAPI.Controllers.ConversationsController.GetMyConversations (VietPropEstate.WebAPI)'
[2026-05-24 10:10:01.225 +07:00 INF] HTTP GET /api/conversations responded 200 in 53.1370 ms
[2026-05-24 10:10:01.227 +07:00 INF] Request finished HTTP/1.1 GET http://localhost:5198/api/conversations?pageNumber=1&pageSize=20 - 200 null application/json; charset=utf-8 60.4079ms
[2026-05-24 10:10:05.912 +07:00 INF] Request starting HTTP/1.1 OPTIONS http://localhost:5198/api/posters/79ab50a8-ba36-497b-9b82-a73021cc3fff?pageNumber=1&pageSize=12 - null null
[2026-05-24 10:10:05.915 +07:00 INF] Request starting HTTP/1.1 OPTIONS http://localhost:5198/api/notifications?pageNumber=1&pageSize=20&unreadOnly=false - null null
[2026-05-24 10:10:05.916 +07:00 INF] CORS policy execution successful.
[2026-05-24 10:10:05.919 +07:00 INF] CORS policy execution successful.
[2026-05-24 10:10:05.921 +07:00 INF] Request finished HTTP/1.1 OPTIONS http://localhost:5198/api/posters/79ab50a8-ba36-497b-9b82-a73021cc3fff?pageNumber=1&pageSize=12 - 204 null null 9.1891ms
[2026-05-24 10:10:05.921 +07:00 INF] Request finished HTTP/1.1 OPTIONS http://localhost:5198/api/notifications?pageNumber=1&pageSize=20&unreadOnly=false - 204 null null 6.155ms
[2026-05-24 10:10:05.926 +07:00 INF] Request starting HTTP/1.1 GET http://localhost:5198/api/notifications?pageNumber=1&pageSize=20&unreadOnly=false - null null
[2026-05-24 10:10:05.930 +07:00 INF] Request starting HTTP/1.1 GET http://localhost:5198/api/posters/79ab50a8-ba36-497b-9b82-a73021cc3fff?pageNumber=1&pageSize=12 - null null
[2026-05-24 10:10:05.934 +07:00 INF] CORS policy execution successful.
[2026-05-24 10:10:05.938 +07:00 INF] CORS policy execution successful.
[2026-05-24 10:10:05.939 +07:00 INF] Executing endpoint 'VietPropEstate.WebAPI.Controllers.NotificationsController.GetNotifications (VietPropEstate.WebAPI)'
[2026-05-24 10:10:05.940 +07:00 INF] Executing endpoint 'VietPropEstate.WebAPI.Controllers.PostersController.GetProfile (VietPropEstate.WebAPI)'
[2026-05-24 10:10:05.942 +07:00 INF] Route matched with {action = "GetNotifications", controller = "Notifications"}. Executing controller action with signature System.Threading.Tasks.Task`1[Microsoft.AspNetCore.Mvc.IActionResult] GetNotifications(Int32, Int32, Boolean, System.Threading.CancellationToken) on controller VietPropEstate.WebAPI.Controllers.NotificationsController (VietPropEstate.WebAPI).
[2026-05-24 10:10:05.946 +07:00 INF] Route matched with {action = "GetProfile", controller = "Posters"}. Executing controller action with signature System.Threading.Tasks.Task`1[Microsoft.AspNetCore.Mvc.IActionResult] GetProfile(System.String, Int32, Int32, System.Threading.CancellationToken) on controller VietPropEstate.WebAPI.Controllers.PostersController (VietPropEstate.WebAPI).
[2026-05-24 10:10:05.947 +07:00 INF] Handling GetUserNotificationsQuery {"UserId":"b0d7f7d4-26e4-447e-8c5b-8702835f658c","PageNumber":1,"PageSize":20,"UnreadOnly":false,"$type":"GetUserNotificationsQuery"}
[2026-05-24 10:10:05.952 +07:00 INF] Handling GetPosterProfileQuery {"UserId":"79ab50a8-ba36-497b-9b82-a73021cc3fff","PageNumber":1,"PageSize":12,"$type":"GetPosterProfileQuery"}
[2026-05-24 10:10:05.958 +07:00 INF] Executed DbCommand (1ms) [Parameters=[@__request_UserId_0='?' (Size = 450)], CommandType='"Text"', CommandTimeout='60']
SELECT COUNT(*)
FROM [Notifications] AS [n]
WHERE [n].[IsDeleted] = CAST(0 AS bit) AND [n].[UserId] = @__request_UserId_0 AND [n].[IsDeleted] = CAST(0 AS bit)
[2026-05-24 10:10:05.966 +07:00 INF] Executed DbCommand (2ms) [Parameters=[@__request_UserId_0='?' (Size = 450), @__p_1='?' (DbType = Int32), @__p_2='?' (DbType = Int32)], CommandType='"Text"', CommandTimeout='60']
SELECT [n].[Id], [n].[UserId], [n].[Title], [n].[Content], [n].[Type], [n].[IsRead], [n].[ReadAt], [n].[ReferenceId], [n].[ActionUrl], [n].[CreatedAt]
FROM [Notifications] AS [n]
WHERE [n].[IsDeleted] = CAST(0 AS bit) AND [n].[UserId] = @__request_UserId_0 AND [n].[IsDeleted] = CAST(0 AS bit)
ORDER BY [n].[CreatedAt] DESC
OFFSET @__p_1 ROWS FETCH NEXT @__p_2 ROWS ONLY
[2026-05-24 10:10:05.969 +07:00 INF] Handled GetUserNotificationsQuery in 23ms
[2026-05-24 10:10:05.973 +07:00 INF] Executing OkObjectResult, writing value of type 'VietPropEstate.Application.Common.Models.PaginatedList`1[[VietPropEstate.Application.Features.Notifications.DTOs.NotificationDto, VietPropEstate.Application, Version=1.0.0.0, Culture=neutral, PublicKeyToken=null]]'.
[2026-05-24 10:10:05.975 +07:00 INF] Executed action VietPropEstate.WebAPI.Controllers.NotificationsController.GetNotifications (VietPropEstate.WebAPI) in 29.1269ms
[2026-05-24 10:10:05.977 +07:00 INF] Executed endpoint 'VietPropEstate.WebAPI.Controllers.NotificationsController.GetNotifications (VietPropEstate.WebAPI)'
[2026-05-24 10:10:05.979 +07:00 INF] HTTP GET /api/notifications responded 200 in 40.1437 ms
[2026-05-24 10:10:05.982 +07:00 INF] Request finished HTTP/1.1 GET http://localhost:5198/api/notifications?pageNumber=1&pageSize=20&unreadOnly=false - 200 null application/json; charset=utf-8 55.5624ms
[2026-05-24 10:10:05.991 +07:00 INF] Executed DbCommand (2ms) [Parameters=[@__p_0='?' (Size = 450)], CommandType='"Text"', CommandTimeout='60']
SELECT TOP(1) [a].[Id], [a].[AccessFailedCount], [a].[AddressLine], [a].[AvatarUrl], [a].[ConcurrencyStamp], [a].[CreatedAt], [a].[Email], [a].[EmailConfirmed], [a].[FirstName], [a].[IsActive], [a].[LastLoginAt], [a].[LastName], [a].[LockoutEnabled], [a].[LockoutEnd], [a].[NormalizedEmail], [a].[NormalizedUserName], [a].[PasswordHash], [a].[PhoneNumber], [a].[PhoneNumberConfirmed], [a].[ProvinceCode], [a].[ProvinceName], [a].[SecurityStamp], [a].[TwoFactorEnabled], [a].[UserName], [a].[WardCode], [a].[WardName]
FROM [AspNetUsers] AS [a]
WHERE [a].[Id] = @__p_0
[2026-05-24 10:10:05.996 +07:00 INF] Executed DbCommand (0ms) [Parameters=[@__userId_0='?' (Size = 450)], CommandType='"Text"', CommandTimeout='60']
SELECT TOP(1) [a].[Id], [a].[AgencyName], [a].[AvatarUrl], [a].[Bio], [a].[CreatedAt], [a].[CreatedBy], [a].[DeletedAt], [a].[DeletedBy], [a].[Email], [a].[FullName], [a].[IsActive], [a].[IsDeleted], [a].[LastModifiedAt], [a].[LastModifiedBy], [a].[LicenseNumber], [a].[PhoneNumber], [a].[RowVersion], [a].[UserId]
FROM [Agents] AS [a]
WHERE [a].[IsDeleted] = CAST(0 AS bit) AND [a].[UserId] = @__userId_0 AND [a].[IsDeleted] = CAST(0 AS bit)
[2026-05-24 10:10:06.016 +07:00 INF] Executed DbCommand (2ms) [Parameters=[@__userId_0='?' (Size = 450)], CommandType='"Text"', CommandTimeout='60']
SELECT TOP(1) [c].[Id], [c].[CreatedAt], [c].[CreatedBy], [c].[CustomerType], [c].[DeletedAt], [c].[DeletedBy], [c].[Email], [c].[FullName], [c].[IsActive], [c].[IsDeleted], [c].[LastModifiedAt], [c].[LastModifiedBy], [c].[Notes], [c].[PhoneNumber], [c].[RowVersion], [c].[UserId]
FROM [Customers] AS [c]
WHERE [c].[IsDeleted] = CAST(0 AS bit) AND [c].[UserId] = @__userId_0 AND [c].[IsActive] = CAST(1 AS bit)
[2026-05-24 10:10:06.033 +07:00 INF] Executed DbCommand (4ms) [Parameters=[@__profile_AgentId_Value_0='?' (DbType = Guid)], CommandType='"Text"', CommandTimeout='60']
SELECT COUNT(*)
FROM [Properties] AS [p]
WHERE [p].[IsDeleted] = CAST(0 AS bit) AND [p].[AgentId] = @__profile_AgentId_Value_0 AND [p].[IsDeleted] = CAST(0 AS bit) AND [p].[Status] IN (1, 2, 3, 4)
[2026-05-24 10:10:06.121 +07:00 INF] Executed DbCommand (11ms) [Parameters=[@__profile_AgentId_Value_0='?' (DbType = Guid), @__p_1='?' (DbType = Int32), @__p_2='?' (DbType = Int32)], CommandType='"Text"', CommandTimeout='60']
SELECT [p1].[Id], [p1].[AgentId], [p1].[Area], [p1].[CreatedAt], [p1].[CreatedBy], [p1].[DeletedAt], [p1].[DeletedBy], [p1].[Description], [p1].[Direction], [p1].[ExpiresAt], [p1].[FullAddress], [p1].[IsDeleted], [p1].[IsFeatured], [p1].[LastModifiedAt], [p1].[LastModifiedBy], [p1].[Latitude], [p1].[ListingType], [p1].[Longitude], [p1].[NumberOfBathrooms], [p1].[NumberOfBedrooms], [p1].[NumberOfFloors], [p1].[PropertyTypeId], [p1].[ProvinceCode], [p1].[ProvinceName], [p1].[PublishedAt], [p1].[RowVersion], [p1].[Slug], [p1].[Status], [p1].[Title], [p1].[TransactionTypeId], [p1].[VideoUrl], [p1].[ViewCount], [p1].[WardCode], [p1].[WardName], [p1].[AddressCountry], [p1].[AddressDistrict], [p1].[AddressLatitude], [p1].[AddressLongitude], [p1].[AddressProvince], [p1].[Street], [p1].[AddressWard], [p1].[PriceAmount], [p1].[PriceCurrency], [p2].[Id], [p2].[CreatedAt], [p2].[CreatedBy], [p2].[DeletedAt], [p2].[DeletedBy], [p2].[Description], [p2].[IsActive], [p2].[IsDeleted], [p2].[LastModifiedAt], [p2].[LastModifiedBy], [p2].[Name], [p2].[RowVersion], [t0].[Id], [t0].[CreatedAt], [t0].[CreatedBy], [t0].[DeletedAt], [t0].[DeletedBy], [t0].[Description], [t0].[IsActive], [t0].[IsDeleted], [t0].[LastModifiedAt], [t0].[LastModifiedBy], [t0].[Name], [t0].[RowVersion], [p4].[Id], [p4].[Caption], [p4].[CreatedAt], [p4].[CreatedBy], [p4].[DeletedAt], [p4].[DeletedBy], [p4].[DisplayOrder], [p4].[IsDeleted], [p4].[IsPrimary], [p4].[LastModifiedAt], [p4].[LastModifiedBy], [p4].[PropertyId], [p4].[RowVersion], [p4].[Url]
FROM (
    SELECT [p].[Id], [p].[AgentId], [p].[Area], [p].[CreatedAt], [p].[CreatedBy], [p].[DeletedAt], [p].[DeletedBy], [p].[Description], [p].[Direction], [p].[ExpiresAt], [p].[FullAddress], [p].[IsDeleted], [p].[IsFeatured], [p].[LastModifiedAt], [p].[LastModifiedBy], [p].[Latitude], [p].[ListingType], [p].[Longitude], [p].[NumberOfBathrooms], [p].[NumberOfBedrooms], [p].[NumberOfFloors], [p].[PropertyTypeId], [p].[ProvinceCode], [p].[ProvinceName], [p].[PublishedAt], [p].[RowVersion], [p].[Slug], [p].[Status], [p].[Title], [p].[TransactionTypeId], [p].[VideoUrl], [p].[ViewCount], [p].[WardCode], [p].[WardName], COALESCE([p].[PublishedAt], [p].[CreatedAt]) AS [c], [p].[AddressCountry], [p].[AddressDistrict], [p].[AddressLatitude], [p].[AddressLongitude], [p].[AddressProvince], [p].[Street], [p].[AddressWard], [p].[PriceAmount], [p].[PriceCurrency]
    FROM [Properties] AS [p]
    WHERE [p].[IsDeleted] = CAST(0 AS bit) AND [p].[AgentId] = @__profile_AgentId_Value_0 AND [p].[IsDeleted] = CAST(0 AS bit) AND [p].[Status] IN (1, 2, 3, 4)
    ORDER BY COALESCE([p].[PublishedAt], [p].[CreatedAt]) DESC
    OFFSET @__p_1 ROWS FETCH NEXT @__p_2 ROWS ONLY
) AS [p1]
INNER JOIN (
    SELECT [p0].[Id], [p0].[CreatedAt], [p0].[CreatedBy], [p0].[DeletedAt], [p0].[DeletedBy], [p0].[Description], [p0].[IsActive], [p0].[IsDeleted], [p0].[LastModifiedAt], [p0].[LastModifiedBy], [p0].[Name], [p0].[RowVersion]
    FROM [PropertyTypes] AS [p0]
    WHERE [p0].[IsDeleted] = CAST(0 AS bit)
) AS [p2] ON [p1].[PropertyTypeId] = [p2].[Id]
LEFT JOIN (
    SELECT [t].[Id], [t].[CreatedAt], [t].[CreatedBy], [t].[DeletedAt], [t].[DeletedBy], [t].[Description], [t].[IsActive], [t].[IsDeleted], [t].[LastModifiedAt], [t].[LastModifiedBy], [t].[Name], [t].[RowVersion]
    FROM [TransactionTypes] AS [t]
    WHERE [t].[IsDeleted] = CAST(0 AS bit)
) AS [t0] ON [p1].[TransactionTypeId] = [t0].[Id]
LEFT JOIN (
    SELECT [p3].[Id], [p3].[Caption], [p3].[CreatedAt], [p3].[CreatedBy], [p3].[DeletedAt], [p3].[DeletedBy], [p3].[DisplayOrder], [p3].[IsDeleted], [p3].[IsPrimary], [p3].[LastModifiedAt], [p3].[LastModifiedBy], [p3].[PropertyId], [p3].[RowVersion], [p3].[Url]
    FROM [PropertyImages] AS [p3]
    WHERE [p3].[IsDeleted] = CAST(0 AS bit) AND [p3].[IsPrimary] = CAST(1 AS bit)
) AS [p4] ON [p1].[Id] = [p4].[PropertyId]
ORDER BY [p1].[c] DESC, [p1].[Id], [p2].[Id], [t0].[Id]
[2026-05-24 10:10:06.130 +07:00 INF] Handled GetPosterProfileQuery in 178ms
[2026-05-24 10:10:06.132 +07:00 INF] Executing OkObjectResult, writing value of type 'VietPropEstate.Application.Features.Properties.DTOs.PosterProfileDto'.
[2026-05-24 10:10:06.137 +07:00 INF] Executed action VietPropEstate.WebAPI.Controllers.PostersController.GetProfile (VietPropEstate.WebAPI) in 188.8721ms
[2026-05-24 10:10:06.139 +07:00 INF] Executed endpoint 'VietPropEstate.WebAPI.Controllers.PostersController.GetProfile (VietPropEstate.WebAPI)'
[2026-05-24 10:10:06.141 +07:00 INF] HTTP GET /api/posters/79ab50a8-ba36-497b-9b82-a73021cc3fff responded 200 in 201.3820 ms
[2026-05-24 10:10:06.144 +07:00 INF] Request finished HTTP/1.1 GET http://localhost:5198/api/posters/79ab50a8-ba36-497b-9b82-a73021cc3fff?pageNumber=1&pageSize=12 - 200 null application/json; charset=utf-8 213.5062ms
[2026-05-24 10:18:36.252 +07:00 INF] Request starting HTTP/1.1 OPTIONS http://localhost:5198/api/properties?pageNumber=1&pageSize=12&status=1&sortBy=CreatedAt&sortOrder=Desc - null null
[2026-05-24 10:18:36.256 +07:00 INF] CORS policy execution successful.
[2026-05-24 10:18:36.257 +07:00 INF] Request finished HTTP/1.1 OPTIONS http://localhost:5198/api/properties?pageNumber=1&pageSize=12&status=1&sortBy=CreatedAt&sortOrder=Desc - 204 null null 4.322ms
[2026-05-24 10:18:36.262 +07:00 INF] Request starting HTTP/1.1 GET http://localhost:5198/api/properties?pageNumber=1&pageSize=12&status=1&sortBy=CreatedAt&sortOrder=Desc - null null
[2026-05-24 10:18:36.266 +07:00 INF] CORS policy execution successful.
[2026-05-24 10:18:36.268 +07:00 INF] Executing endpoint 'VietPropEstate.WebAPI.Controllers.PropertiesController.GetList (VietPropEstate.WebAPI)'
[2026-05-24 10:18:36.269 +07:00 INF] Route matched with {action = "GetList", controller = "Properties"}. Executing controller action with signature System.Threading.Tasks.Task`1[Microsoft.AspNetCore.Mvc.IActionResult] GetList(Int32, Int32, System.String, System.Nullable`1[System.Guid], System.Nullable`1[System.Guid], System.Nullable`1[VietPropEstate.Domain.Enums.ListingType], System.Nullable`1[VietPropEstate.Domain.Enums.PropertyStatus], System.Nullable`1[System.Int32], System.Nullable`1[System.Int32], System.String, System.Nullable`1[System.Decimal], System.Nullable`1[System.Decimal], System.Nullable`1[System.Decimal], System.Nullable`1[System.Decimal], System.Nullable`1[System.Int32], System.Nullable`1[System.Int32], System.Nullable`1[System.Int32], System.Nullable`1[VietPropEstate.Domain.Enums.PropertyDirection], System.Nullable`1[System.Boolean], System.String, System.String, System.Threading.CancellationToken) on controller VietPropEstate.WebAPI.Controllers.PropertiesController (VietPropEstate.WebAPI).
[2026-05-24 10:18:36.277 +07:00 INF] Handling GetPropertiesListQuery {"PageNumber":1,"PageSize":12,"SearchTerm":null,"PropertyTypeId":null,"TransactionTypeId":null,"ListingType":null,"Status":"Active","ProvinceCode":null,"WardCode":null,"ProvinceName":null,"MinPrice":null,"MaxPrice":null,"MinArea":null,"MaxArea":null,"MinBedrooms":null,"MaxBedrooms":null,"Bathrooms":null,"Direction":null,"IsFeatured":null,"AllStatuses":false,"SortBy":"CreatedAt","SortOrder":"Desc","$type":"GetPropertiesListQuery"}
[2026-05-24 10:18:36.363 +07:00 INF] Executed DbCommand (7ms) [Parameters=[@__status_Value_0='?' (DbType = Int32)], CommandType='"Text"', CommandTimeout='60']
SELECT COUNT(*)
FROM [Properties] AS [p]
WHERE [p].[IsDeleted] = CAST(0 AS bit) AND [p].[Status] = @__status_Value_0
[2026-05-24 10:18:36.387 +07:00 INF] Executed DbCommand (20ms) [Parameters=[@__status_Value_0='?' (DbType = Int32), @__p_1='?' (DbType = Int32), @__p_2='?' (DbType = Int32)], CommandType='"Text"', CommandTimeout='60']
SELECT [p1].[Id], [p1].[AgentId], [p1].[Area], [p1].[CreatedAt], [p1].[CreatedBy], [p1].[DeletedAt], [p1].[DeletedBy], [p1].[Description], [p1].[Direction], [p1].[ExpiresAt], [p1].[FullAddress], [p1].[IsDeleted], [p1].[IsFeatured], [p1].[LastModifiedAt], [p1].[LastModifiedBy], [p1].[Latitude], [p1].[ListingType], [p1].[Longitude], [p1].[NumberOfBathrooms], [p1].[NumberOfBedrooms], [p1].[NumberOfFloors], [p1].[PropertyTypeId], [p1].[ProvinceCode], [p1].[ProvinceName], [p1].[PublishedAt], [p1].[RowVersion], [p1].[Slug], [p1].[Status], [p1].[Title], [p1].[TransactionTypeId], [p1].[VideoUrl], [p1].[ViewCount], [p1].[WardCode], [p1].[WardName], [p1].[AddressCountry], [p1].[AddressDistrict], [p1].[AddressLatitude], [p1].[AddressLongitude], [p1].[AddressProvince], [p1].[Street], [p1].[AddressWard], [p1].[PriceAmount], [p1].[PriceCurrency], [p2].[Id], [p2].[CreatedAt], [p2].[CreatedBy], [p2].[DeletedAt], [p2].[DeletedBy], [p2].[Description], [p2].[IsActive], [p2].[IsDeleted], [p2].[LastModifiedAt], [p2].[LastModifiedBy], [p2].[Name], [p2].[RowVersion], [a0].[Id], [a0].[AgencyName], [a0].[AvatarUrl], [a0].[Bio], [a0].[CreatedAt], [a0].[CreatedBy], [a0].[DeletedAt], [a0].[DeletedBy], [a0].[Email], [a0].[FullName], [a0].[IsActive], [a0].[IsDeleted], [a0].[LastModifiedAt], [a0].[LastModifiedBy], [a0].[LicenseNumber], [a0].[PhoneNumber], [a0].[RowVersion], [a0].[UserId], [t0].[Id], [t0].[CreatedAt], [t0].[CreatedBy], [t0].[DeletedAt], [t0].[DeletedBy], [t0].[Description], [t0].[IsActive], [t0].[IsDeleted], [t0].[LastModifiedAt], [t0].[LastModifiedBy], [t0].[Name], [t0].[RowVersion], [p4].[Id], [p4].[Caption], [p4].[CreatedAt], [p4].[CreatedBy], [p4].[DeletedAt], [p4].[DeletedBy], [p4].[DisplayOrder], [p4].[IsDeleted], [p4].[IsPrimary], [p4].[LastModifiedAt], [p4].[LastModifiedBy], [p4].[PropertyId], [p4].[RowVersion], [p4].[Url]
FROM (
    SELECT [p].[Id], [p].[AgentId], [p].[Area], [p].[CreatedAt], [p].[CreatedBy], [p].[DeletedAt], [p].[DeletedBy], [p].[Description], [p].[Direction], [p].[ExpiresAt], [p].[FullAddress], [p].[IsDeleted], [p].[IsFeatured], [p].[LastModifiedAt], [p].[LastModifiedBy], [p].[Latitude], [p].[ListingType], [p].[Longitude], [p].[NumberOfBathrooms], [p].[NumberOfBedrooms], [p].[NumberOfFloors], [p].[PropertyTypeId], [p].[ProvinceCode], [p].[ProvinceName], [p].[PublishedAt], [p].[RowVersion], [p].[Slug], [p].[Status], [p].[Title], [p].[TransactionTypeId], [p].[VideoUrl], [p].[ViewCount], [p].[WardCode], [p].[WardName], [p].[AddressCountry], [p].[AddressDistrict], [p].[AddressLatitude], [p].[AddressLongitude], [p].[AddressProvince], [p].[Street], [p].[AddressWard], [p].[PriceAmount], [p].[PriceCurrency]
    FROM [Properties] AS [p]
    WHERE [p].[IsDeleted] = CAST(0 AS bit) AND [p].[Status] = @__status_Value_0
    ORDER BY [p].[IsFeatured] DESC, [p].[CreatedAt] DESC
    OFFSET @__p_1 ROWS FETCH NEXT @__p_2 ROWS ONLY
) AS [p1]
INNER JOIN (
    SELECT [p0].[Id], [p0].[CreatedAt], [p0].[CreatedBy], [p0].[DeletedAt], [p0].[DeletedBy], [p0].[Description], [p0].[IsActive], [p0].[IsDeleted], [p0].[LastModifiedAt], [p0].[LastModifiedBy], [p0].[Name], [p0].[RowVersion]
    FROM [PropertyTypes] AS [p0]
    WHERE [p0].[IsDeleted] = CAST(0 AS bit)
) AS [p2] ON [p1].[PropertyTypeId] = [p2].[Id]
INNER JOIN (
    SELECT [a].[Id], [a].[AgencyName], [a].[AvatarUrl], [a].[Bio], [a].[CreatedAt], [a].[CreatedBy], [a].[DeletedAt], [a].[DeletedBy], [a].[Email], [a].[FullName], [a].[IsActive], [a].[IsDeleted], [a].[LastModifiedAt], [a].[LastModifiedBy], [a].[LicenseNumber], [a].[PhoneNumber], [a].[RowVersion], [a].[UserId]
    FROM [Agents] AS [a]
    WHERE [a].[IsDeleted] = CAST(0 AS bit)
) AS [a0] ON [p1].[AgentId] = [a0].[Id]
LEFT JOIN (
    SELECT [t].[Id], [t].[CreatedAt], [t].[CreatedBy], [t].[DeletedAt], [t].[DeletedBy], [t].[Description], [t].[IsActive], [t].[IsDeleted], [t].[LastModifiedAt], [t].[LastModifiedBy], [t].[Name], [t].[RowVersion]
    FROM [TransactionTypes] AS [t]
    WHERE [t].[IsDeleted] = CAST(0 AS bit)
) AS [t0] ON [p1].[TransactionTypeId] = [t0].[Id]
LEFT JOIN (
    SELECT [p3].[Id], [p3].[Caption], [p3].[CreatedAt], [p3].[CreatedBy], [p3].[DeletedAt], [p3].[DeletedBy], [p3].[DisplayOrder], [p3].[IsDeleted], [p3].[IsPrimary], [p3].[LastModifiedAt], [p3].[LastModifiedBy], [p3].[PropertyId], [p3].[RowVersion], [p3].[Url]
    FROM [PropertyImages] AS [p3]
    WHERE [p3].[IsDeleted] = CAST(0 AS bit)
) AS [p4] ON [p1].[Id] = [p4].[PropertyId]
ORDER BY [p1].[IsFeatured] DESC, [p1].[CreatedAt] DESC, [p1].[Id], [p2].[Id], [a0].[Id], [t0].[Id]
[2026-05-24 10:18:36.395 +07:00 INF] Handled GetPropertiesListQuery in 118ms
[2026-05-24 10:18:36.397 +07:00 INF] Executing OkObjectResult, writing value of type 'VietPropEstate.Application.Common.Models.PaginatedList`1[[VietPropEstate.Application.Features.Properties.DTOs.PropertyDto, VietPropEstate.Application, Version=1.0.0.0, Culture=neutral, PublicKeyToken=null]]'.
[2026-05-24 10:18:36.400 +07:00 INF] Executed action VietPropEstate.WebAPI.Controllers.PropertiesController.GetList (VietPropEstate.WebAPI) in 127.4205ms
[2026-05-24 10:18:36.402 +07:00 INF] Executed endpoint 'VietPropEstate.WebAPI.Controllers.PropertiesController.GetList (VietPropEstate.WebAPI)'
[2026-05-24 10:18:36.404 +07:00 INF] HTTP GET /api/properties responded 200 in 136.7759 ms
[2026-05-24 10:18:36.407 +07:00 INF] Request finished HTTP/1.1 GET http://localhost:5198/api/properties?pageNumber=1&pageSize=12&status=1&sortBy=CreatedAt&sortOrder=Desc - 200 null application/json; charset=utf-8 144.5798ms
[2026-05-24 10:18:38.434 +07:00 INF] Request starting HTTP/1.1 OPTIONS http://localhost:5198/api/properties?pageNumber=1&pageSize=3&isFeatured=True&status=1&sortBy=CreatedAt&sortOrder=Desc - null null
[2026-05-24 10:18:38.435 +07:00 INF] Request starting HTTP/1.1 OPTIONS http://localhost:5198/api/properties?pageNumber=1&pageSize=6&status=1&sortBy=CreatedAt&sortOrder=Desc - null null
[2026-05-24 10:18:38.438 +07:00 INF] CORS policy execution successful.
[2026-05-24 10:18:38.441 +07:00 INF] CORS policy execution successful.
[2026-05-24 10:18:38.443 +07:00 INF] Request finished HTTP/1.1 OPTIONS http://localhost:5198/api/properties?pageNumber=1&pageSize=3&isFeatured=True&status=1&sortBy=CreatedAt&sortOrder=Desc - 204 null null 8.0398ms
[2026-05-24 10:18:38.444 +07:00 INF] Request finished HTTP/1.1 OPTIONS http://localhost:5198/api/properties?pageNumber=1&pageSize=6&status=1&sortBy=CreatedAt&sortOrder=Desc - 204 null null 8.3246ms
[2026-05-24 10:18:38.447 +07:00 INF] Request starting HTTP/1.1 GET http://localhost:5198/api/properties?pageNumber=1&pageSize=3&isFeatured=True&status=1&sortBy=CreatedAt&sortOrder=Desc - null null
[2026-05-24 10:18:38.451 +07:00 INF] Request starting HTTP/1.1 GET http://localhost:5198/api/properties?pageNumber=1&pageSize=6&status=1&sortBy=CreatedAt&sortOrder=Desc - null null
[2026-05-24 10:18:38.454 +07:00 INF] CORS policy execution successful.
[2026-05-24 10:18:38.458 +07:00 INF] CORS policy execution successful.
[2026-05-24 10:18:38.460 +07:00 INF] Executing endpoint 'VietPropEstate.WebAPI.Controllers.PropertiesController.GetList (VietPropEstate.WebAPI)'
[2026-05-24 10:18:38.461 +07:00 INF] Executing endpoint 'VietPropEstate.WebAPI.Controllers.PropertiesController.GetList (VietPropEstate.WebAPI)'
[2026-05-24 10:18:38.462 +07:00 INF] Route matched with {action = "GetList", controller = "Properties"}. Executing controller action with signature System.Threading.Tasks.Task`1[Microsoft.AspNetCore.Mvc.IActionResult] GetList(Int32, Int32, System.String, System.Nullable`1[System.Guid], System.Nullable`1[System.Guid], System.Nullable`1[VietPropEstate.Domain.Enums.ListingType], System.Nullable`1[VietPropEstate.Domain.Enums.PropertyStatus], System.Nullable`1[System.Int32], System.Nullable`1[System.Int32], System.String, System.Nullable`1[System.Decimal], System.Nullable`1[System.Decimal], System.Nullable`1[System.Decimal], System.Nullable`1[System.Decimal], System.Nullable`1[System.Int32], System.Nullable`1[System.Int32], System.Nullable`1[System.Int32], System.Nullable`1[VietPropEstate.Domain.Enums.PropertyDirection], System.Nullable`1[System.Boolean], System.String, System.String, System.Threading.CancellationToken) on controller VietPropEstate.WebAPI.Controllers.PropertiesController (VietPropEstate.WebAPI).
[2026-05-24 10:18:38.464 +07:00 INF] Route matched with {action = "GetList", controller = "Properties"}. Executing controller action with signature System.Threading.Tasks.Task`1[Microsoft.AspNetCore.Mvc.IActionResult] GetList(Int32, Int32, System.String, System.Nullable`1[System.Guid], System.Nullable`1[System.Guid], System.Nullable`1[VietPropEstate.Domain.Enums.ListingType], System.Nullable`1[VietPropEstate.Domain.Enums.PropertyStatus], System.Nullable`1[System.Int32], System.Nullable`1[System.Int32], System.String, System.Nullable`1[System.Decimal], System.Nullable`1[System.Decimal], System.Nullable`1[System.Decimal], System.Nullable`1[System.Decimal], System.Nullable`1[System.Int32], System.Nullable`1[System.Int32], System.Nullable`1[System.Int32], System.Nullable`1[VietPropEstate.Domain.Enums.PropertyDirection], System.Nullable`1[System.Boolean], System.String, System.String, System.Threading.CancellationToken) on controller VietPropEstate.WebAPI.Controllers.PropertiesController (VietPropEstate.WebAPI).
[2026-05-24 10:18:38.469 +07:00 INF] Handling GetPropertiesListQuery {"PageNumber":1,"PageSize":3,"SearchTerm":null,"PropertyTypeId":null,"TransactionTypeId":null,"ListingType":null,"Status":"Active","ProvinceCode":null,"WardCode":null,"ProvinceName":null,"MinPrice":null,"MaxPrice":null,"MinArea":null,"MaxArea":null,"MinBedrooms":null,"MaxBedrooms":null,"Bathrooms":null,"Direction":null,"IsFeatured":true,"AllStatuses":false,"SortBy":"CreatedAt","SortOrder":"Desc","$type":"GetPropertiesListQuery"}
[2026-05-24 10:18:38.472 +07:00 INF] Handling GetPropertiesListQuery {"PageNumber":1,"PageSize":6,"SearchTerm":null,"PropertyTypeId":null,"TransactionTypeId":null,"ListingType":null,"Status":"Active","ProvinceCode":null,"WardCode":null,"ProvinceName":null,"MinPrice":null,"MaxPrice":null,"MinArea":null,"MaxArea":null,"MinBedrooms":null,"MaxBedrooms":null,"Bathrooms":null,"Direction":null,"IsFeatured":null,"AllStatuses":false,"SortBy":"CreatedAt","SortOrder":"Desc","$type":"GetPropertiesListQuery"}
[2026-05-24 10:18:38.495 +07:00 INF] Executed DbCommand (2ms) [Parameters=[@__status_Value_0='?' (DbType = Int32), @__isFeatured_Value_1='?' (DbType = Boolean)], CommandType='"Text"', CommandTimeout='60']
SELECT COUNT(*)
FROM [Properties] AS [p]
WHERE [p].[IsDeleted] = CAST(0 AS bit) AND [p].[Status] = @__status_Value_0 AND [p].[IsFeatured] = @__isFeatured_Value_1
[2026-05-24 10:18:38.527 +07:00 INF] Executed DbCommand (12ms) [Parameters=[@__status_Value_0='?' (DbType = Int32), @__isFeatured_Value_1='?' (DbType = Boolean), @__p_2='?' (DbType = Int32), @__p_3='?' (DbType = Int32)], CommandType='"Text"', CommandTimeout='60']
SELECT [p1].[Id], [p1].[AgentId], [p1].[Area], [p1].[CreatedAt], [p1].[CreatedBy], [p1].[DeletedAt], [p1].[DeletedBy], [p1].[Description], [p1].[Direction], [p1].[ExpiresAt], [p1].[FullAddress], [p1].[IsDeleted], [p1].[IsFeatured], [p1].[LastModifiedAt], [p1].[LastModifiedBy], [p1].[Latitude], [p1].[ListingType], [p1].[Longitude], [p1].[NumberOfBathrooms], [p1].[NumberOfBedrooms], [p1].[NumberOfFloors], [p1].[PropertyTypeId], [p1].[ProvinceCode], [p1].[ProvinceName], [p1].[PublishedAt], [p1].[RowVersion], [p1].[Slug], [p1].[Status], [p1].[Title], [p1].[TransactionTypeId], [p1].[VideoUrl], [p1].[ViewCount], [p1].[WardCode], [p1].[WardName], [p1].[AddressCountry], [p1].[AddressDistrict], [p1].[AddressLatitude], [p1].[AddressLongitude], [p1].[AddressProvince], [p1].[Street], [p1].[AddressWard], [p1].[PriceAmount], [p1].[PriceCurrency], [p2].[Id], [p2].[CreatedAt], [p2].[CreatedBy], [p2].[DeletedAt], [p2].[DeletedBy], [p2].[Description], [p2].[IsActive], [p2].[IsDeleted], [p2].[LastModifiedAt], [p2].[LastModifiedBy], [p2].[Name], [p2].[RowVersion], [a0].[Id], [a0].[AgencyName], [a0].[AvatarUrl], [a0].[Bio], [a0].[CreatedAt], [a0].[CreatedBy], [a0].[DeletedAt], [a0].[DeletedBy], [a0].[Email], [a0].[FullName], [a0].[IsActive], [a0].[IsDeleted], [a0].[LastModifiedAt], [a0].[LastModifiedBy], [a0].[LicenseNumber], [a0].[PhoneNumber], [a0].[RowVersion], [a0].[UserId], [t0].[Id], [t0].[CreatedAt], [t0].[CreatedBy], [t0].[DeletedAt], [t0].[DeletedBy], [t0].[Description], [t0].[IsActive], [t0].[IsDeleted], [t0].[LastModifiedAt], [t0].[LastModifiedBy], [t0].[Name], [t0].[RowVersion], [p4].[Id], [p4].[Caption], [p4].[CreatedAt], [p4].[CreatedBy], [p4].[DeletedAt], [p4].[DeletedBy], [p4].[DisplayOrder], [p4].[IsDeleted], [p4].[IsPrimary], [p4].[LastModifiedAt], [p4].[LastModifiedBy], [p4].[PropertyId], [p4].[RowVersion], [p4].[Url]
FROM (
    SELECT [p].[Id], [p].[AgentId], [p].[Area], [p].[CreatedAt], [p].[CreatedBy], [p].[DeletedAt], [p].[DeletedBy], [p].[Description], [p].[Direction], [p].[ExpiresAt], [p].[FullAddress], [p].[IsDeleted], [p].[IsFeatured], [p].[LastModifiedAt], [p].[LastModifiedBy], [p].[Latitude], [p].[ListingType], [p].[Longitude], [p].[NumberOfBathrooms], [p].[NumberOfBedrooms], [p].[NumberOfFloors], [p].[PropertyTypeId], [p].[ProvinceCode], [p].[ProvinceName], [p].[PublishedAt], [p].[RowVersion], [p].[Slug], [p].[Status], [p].[Title], [p].[TransactionTypeId], [p].[VideoUrl], [p].[ViewCount], [p].[WardCode], [p].[WardName], [p].[AddressCountry], [p].[AddressDistrict], [p].[AddressLatitude], [p].[AddressLongitude], [p].[AddressProvince], [p].[Street], [p].[AddressWard], [p].[PriceAmount], [p].[PriceCurrency]
    FROM [Properties] AS [p]
    WHERE [p].[IsDeleted] = CAST(0 AS bit) AND [p].[Status] = @__status_Value_0 AND [p].[IsFeatured] = @__isFeatured_Value_1
    ORDER BY [p].[IsFeatured] DESC, [p].[CreatedAt] DESC
    OFFSET @__p_2 ROWS FETCH NEXT @__p_3 ROWS ONLY
) AS [p1]
INNER JOIN (
    SELECT [p0].[Id], [p0].[CreatedAt], [p0].[CreatedBy], [p0].[DeletedAt], [p0].[DeletedBy], [p0].[Description], [p0].[IsActive], [p0].[IsDeleted], [p0].[LastModifiedAt], [p0].[LastModifiedBy], [p0].[Name], [p0].[RowVersion]
    FROM [PropertyTypes] AS [p0]
    WHERE [p0].[IsDeleted] = CAST(0 AS bit)
) AS [p2] ON [p1].[PropertyTypeId] = [p2].[Id]
INNER JOIN (
    SELECT [a].[Id], [a].[AgencyName], [a].[AvatarUrl], [a].[Bio], [a].[CreatedAt], [a].[CreatedBy], [a].[DeletedAt], [a].[DeletedBy], [a].[Email], [a].[FullName], [a].[IsActive], [a].[IsDeleted], [a].[LastModifiedAt], [a].[LastModifiedBy], [a].[LicenseNumber], [a].[PhoneNumber], [a].[RowVersion], [a].[UserId]
    FROM [Agents] AS [a]
    WHERE [a].[IsDeleted] = CAST(0 AS bit)
) AS [a0] ON [p1].[AgentId] = [a0].[Id]
LEFT JOIN (
    SELECT [t].[Id], [t].[CreatedAt], [t].[CreatedBy], [t].[DeletedAt], [t].[DeletedBy], [t].[Description], [t].[IsActive], [t].[IsDeleted], [t].[LastModifiedAt], [t].[LastModifiedBy], [t].[Name], [t].[RowVersion]
    FROM [TransactionTypes] AS [t]
    WHERE [t].[IsDeleted] = CAST(0 AS bit)
) AS [t0] ON [p1].[TransactionTypeId] = [t0].[Id]
LEFT JOIN (
    SELECT [p3].[Id], [p3].[Caption], [p3].[CreatedAt], [p3].[CreatedBy], [p3].[DeletedAt], [p3].[DeletedBy], [p3].[DisplayOrder], [p3].[IsDeleted], [p3].[IsPrimary], [p3].[LastModifiedAt], [p3].[LastModifiedBy], [p3].[PropertyId], [p3].[RowVersion], [p3].[Url]
    FROM [PropertyImages] AS [p3]
    WHERE [p3].[IsDeleted] = CAST(0 AS bit)
) AS [p4] ON [p1].[Id] = [p4].[PropertyId]
ORDER BY [p1].[IsFeatured] DESC, [p1].[CreatedAt] DESC, [p1].[Id], [p2].[Id], [a0].[Id], [t0].[Id]
[2026-05-24 10:18:38.529 +07:00 INF] Executed DbCommand (0ms) [Parameters=[@__status_Value_0='?' (DbType = Int32)], CommandType='"Text"', CommandTimeout='60']
SELECT COUNT(*)
FROM [Properties] AS [p]
WHERE [p].[IsDeleted] = CAST(0 AS bit) AND [p].[Status] = @__status_Value_0
[2026-05-24 10:18:38.534 +07:00 INF] Handled GetPropertiesListQuery in 65ms
[2026-05-24 10:18:38.538 +07:00 INF] Executing OkObjectResult, writing value of type 'VietPropEstate.Application.Common.Models.PaginatedList`1[[VietPropEstate.Application.Features.Properties.DTOs.PropertyDto, VietPropEstate.Application, Version=1.0.0.0, Culture=neutral, PublicKeyToken=null]]'.
[2026-05-24 10:18:38.538 +07:00 INF] Executed DbCommand (1ms) [Parameters=[@__status_Value_0='?' (DbType = Int32), @__p_1='?' (DbType = Int32), @__p_2='?' (DbType = Int32)], CommandType='"Text"', CommandTimeout='60']
SELECT [p1].[Id], [p1].[AgentId], [p1].[Area], [p1].[CreatedAt], [p1].[CreatedBy], [p1].[DeletedAt], [p1].[DeletedBy], [p1].[Description], [p1].[Direction], [p1].[ExpiresAt], [p1].[FullAddress], [p1].[IsDeleted], [p1].[IsFeatured], [p1].[LastModifiedAt], [p1].[LastModifiedBy], [p1].[Latitude], [p1].[ListingType], [p1].[Longitude], [p1].[NumberOfBathrooms], [p1].[NumberOfBedrooms], [p1].[NumberOfFloors], [p1].[PropertyTypeId], [p1].[ProvinceCode], [p1].[ProvinceName], [p1].[PublishedAt], [p1].[RowVersion], [p1].[Slug], [p1].[Status], [p1].[Title], [p1].[TransactionTypeId], [p1].[VideoUrl], [p1].[ViewCount], [p1].[WardCode], [p1].[WardName], [p1].[AddressCountry], [p1].[AddressDistrict], [p1].[AddressLatitude], [p1].[AddressLongitude], [p1].[AddressProvince], [p1].[Street], [p1].[AddressWard], [p1].[PriceAmount], [p1].[PriceCurrency], [p2].[Id], [p2].[CreatedAt], [p2].[CreatedBy], [p2].[DeletedAt], [p2].[DeletedBy], [p2].[Description], [p2].[IsActive], [p2].[IsDeleted], [p2].[LastModifiedAt], [p2].[LastModifiedBy], [p2].[Name], [p2].[RowVersion], [a0].[Id], [a0].[AgencyName], [a0].[AvatarUrl], [a0].[Bio], [a0].[CreatedAt], [a0].[CreatedBy], [a0].[DeletedAt], [a0].[DeletedBy], [a0].[Email], [a0].[FullName], [a0].[IsActive], [a0].[IsDeleted], [a0].[LastModifiedAt], [a0].[LastModifiedBy], [a0].[LicenseNumber], [a0].[PhoneNumber], [a0].[RowVersion], [a0].[UserId], [t0].[Id], [t0].[CreatedAt], [t0].[CreatedBy], [t0].[DeletedAt], [t0].[DeletedBy], [t0].[Description], [t0].[IsActive], [t0].[IsDeleted], [t0].[LastModifiedAt], [t0].[LastModifiedBy], [t0].[Name], [t0].[RowVersion], [p4].[Id], [p4].[Caption], [p4].[CreatedAt], [p4].[CreatedBy], [p4].[DeletedAt], [p4].[DeletedBy], [p4].[DisplayOrder], [p4].[IsDeleted], [p4].[IsPrimary], [p4].[LastModifiedAt], [p4].[LastModifiedBy], [p4].[PropertyId], [p4].[RowVersion], [p4].[Url]
FROM (
    SELECT [p].[Id], [p].[AgentId], [p].[Area], [p].[CreatedAt], [p].[CreatedBy], [p].[DeletedAt], [p].[DeletedBy], [p].[Description], [p].[Direction], [p].[ExpiresAt], [p].[FullAddress], [p].[IsDeleted], [p].[IsFeatured], [p].[LastModifiedAt], [p].[LastModifiedBy], [p].[Latitude], [p].[ListingType], [p].[Longitude], [p].[NumberOfBathrooms], [p].[NumberOfBedrooms], [p].[NumberOfFloors], [p].[PropertyTypeId], [p].[ProvinceCode], [p].[ProvinceName], [p].[PublishedAt], [p].[RowVersion], [p].[Slug], [p].[Status], [p].[Title], [p].[TransactionTypeId], [p].[VideoUrl], [p].[ViewCount], [p].[WardCode], [p].[WardName], [p].[AddressCountry], [p].[AddressDistrict], [p].[AddressLatitude], [p].[AddressLongitude], [p].[AddressProvince], [p].[Street], [p].[AddressWard], [p].[PriceAmount], [p].[PriceCurrency]
    FROM [Properties] AS [p]
    WHERE [p].[IsDeleted] = CAST(0 AS bit) AND [p].[Status] = @__status_Value_0
    ORDER BY [p].[IsFeatured] DESC, [p].[CreatedAt] DESC
    OFFSET @__p_1 ROWS FETCH NEXT @__p_2 ROWS ONLY
) AS [p1]
INNER JOIN (
    SELECT [p0].[Id], [p0].[CreatedAt], [p0].[CreatedBy], [p0].[DeletedAt], [p0].[DeletedBy], [p0].[Description], [p0].[IsActive], [p0].[IsDeleted], [p0].[LastModifiedAt], [p0].[LastModifiedBy], [p0].[Name], [p0].[RowVersion]
    FROM [PropertyTypes] AS [p0]
    WHERE [p0].[IsDeleted] = CAST(0 AS bit)
) AS [p2] ON [p1].[PropertyTypeId] = [p2].[Id]
INNER JOIN (
    SELECT [a].[Id], [a].[AgencyName], [a].[AvatarUrl], [a].[Bio], [a].[CreatedAt], [a].[CreatedBy], [a].[DeletedAt], [a].[DeletedBy], [a].[Email], [a].[FullName], [a].[IsActive], [a].[IsDeleted], [a].[LastModifiedAt], [a].[LastModifiedBy], [a].[LicenseNumber], [a].[PhoneNumber], [a].[RowVersion], [a].[UserId]
    FROM [Agents] AS [a]
    WHERE [a].[IsDeleted] = CAST(0 AS bit)
) AS [a0] ON [p1].[AgentId] = [a0].[Id]
LEFT JOIN (
    SELECT [t].[Id], [t].[CreatedAt], [t].[CreatedBy], [t].[DeletedAt], [t].[DeletedBy], [t].[Description], [t].[IsActive], [t].[IsDeleted], [t].[LastModifiedAt], [t].[LastModifiedBy], [t].[Name], [t].[RowVersion]
    FROM [TransactionTypes] AS [t]
    WHERE [t].[IsDeleted] = CAST(0 AS bit)
) AS [t0] ON [p1].[TransactionTypeId] = [t0].[Id]
LEFT JOIN (
    SELECT [p3].[Id], [p3].[Caption], [p3].[CreatedAt], [p3].[CreatedBy], [p3].[DeletedAt], [p3].[DeletedBy], [p3].[DisplayOrder], [p3].[IsDeleted], [p3].[IsPrimary], [p3].[LastModifiedAt], [p3].[LastModifiedBy], [p3].[PropertyId], [p3].[RowVersion], [p3].[Url]
    FROM [PropertyImages] AS [p3]
    WHERE [p3].[IsDeleted] = CAST(0 AS bit)
) AS [p4] ON [p1].[Id] = [p4].[PropertyId]
ORDER BY [p1].[IsFeatured] DESC, [p1].[CreatedAt] DESC, [p1].[Id], [p2].[Id], [a0].[Id], [t0].[Id]
[2026-05-24 10:18:38.541 +07:00 INF] Executed action VietPropEstate.WebAPI.Controllers.PropertiesController.GetList (VietPropEstate.WebAPI) in 73.5594ms
[2026-05-24 10:18:38.545 +07:00 INF] Handled GetPropertiesListQuery in 73ms
[2026-05-24 10:18:38.546 +07:00 INF] Executed endpoint 'VietPropEstate.WebAPI.Controllers.PropertiesController.GetList (VietPropEstate.WebAPI)'
[2026-05-24 10:18:38.548 +07:00 INF] Executing OkObjectResult, writing value of type 'VietPropEstate.Application.Common.Models.PaginatedList`1[[VietPropEstate.Application.Features.Properties.DTOs.PropertyDto, VietPropEstate.Application, Version=1.0.0.0, Culture=neutral, PublicKeyToken=null]]'.
[2026-05-24 10:18:38.550 +07:00 INF] HTTP GET /api/properties responded 200 in 90.3031 ms
[2026-05-24 10:18:38.553 +07:00 INF] Executed action VietPropEstate.WebAPI.Controllers.PropertiesController.GetList (VietPropEstate.WebAPI) in 82.3297ms
[2026-05-24 10:18:38.555 +07:00 INF] Request finished HTTP/1.1 GET http://localhost:5198/api/properties?pageNumber=1&pageSize=3&isFeatured=True&status=1&sortBy=CreatedAt&sortOrder=Desc - 200 null application/json; charset=utf-8 107.4275ms
[2026-05-24 10:18:38.556 +07:00 INF] Executed endpoint 'VietPropEstate.WebAPI.Controllers.PropertiesController.GetList (VietPropEstate.WebAPI)'
[2026-05-24 10:18:38.563 +07:00 INF] HTTP GET /api/properties responded 200 in 101.6801 ms
[2026-05-24 10:18:38.565 +07:00 INF] Request finished HTTP/1.1 GET http://localhost:5198/api/properties?pageNumber=1&pageSize=6&status=1&sortBy=CreatedAt&sortOrder=Desc - 200 null application/json; charset=utf-8 114.6455ms
[2026-05-24 10:18:39.532 +07:00 INF] Request starting HTTP/1.1 OPTIONS http://localhost:5198/api/properties?pageNumber=1&pageSize=12&listingType=1&status=1&sortBy=CreatedAt&sortOrder=Desc - null null
[2026-05-24 10:18:39.535 +07:00 INF] CORS policy execution successful.
[2026-05-24 10:18:39.536 +07:00 INF] Request finished HTTP/1.1 OPTIONS http://localhost:5198/api/properties?pageNumber=1&pageSize=12&listingType=1&status=1&sortBy=CreatedAt&sortOrder=Desc - 204 null null 4.5501ms
[2026-05-24 10:18:39.540 +07:00 INF] Request starting HTTP/1.1 GET http://localhost:5198/api/properties?pageNumber=1&pageSize=12&listingType=1&status=1&sortBy=CreatedAt&sortOrder=Desc - null null
[2026-05-24 10:18:39.543 +07:00 INF] CORS policy execution successful.
[2026-05-24 10:18:39.545 +07:00 INF] Executing endpoint 'VietPropEstate.WebAPI.Controllers.PropertiesController.GetList (VietPropEstate.WebAPI)'
[2026-05-24 10:18:39.546 +07:00 INF] Route matched with {action = "GetList", controller = "Properties"}. Executing controller action with signature System.Threading.Tasks.Task`1[Microsoft.AspNetCore.Mvc.IActionResult] GetList(Int32, Int32, System.String, System.Nullable`1[System.Guid], System.Nullable`1[System.Guid], System.Nullable`1[VietPropEstate.Domain.Enums.ListingType], System.Nullable`1[VietPropEstate.Domain.Enums.PropertyStatus], System.Nullable`1[System.Int32], System.Nullable`1[System.Int32], System.String, System.Nullable`1[System.Decimal], System.Nullable`1[System.Decimal], System.Nullable`1[System.Decimal], System.Nullable`1[System.Decimal], System.Nullable`1[System.Int32], System.Nullable`1[System.Int32], System.Nullable`1[System.Int32], System.Nullable`1[VietPropEstate.Domain.Enums.PropertyDirection], System.Nullable`1[System.Boolean], System.String, System.String, System.Threading.CancellationToken) on controller VietPropEstate.WebAPI.Controllers.PropertiesController (VietPropEstate.WebAPI).
[2026-05-24 10:18:39.550 +07:00 INF] Handling GetPropertiesListQuery {"PageNumber":1,"PageSize":12,"SearchTerm":null,"PropertyTypeId":null,"TransactionTypeId":null,"ListingType":"ForSale","Status":"Active","ProvinceCode":null,"WardCode":null,"ProvinceName":null,"MinPrice":null,"MaxPrice":null,"MinArea":null,"MaxArea":null,"MinBedrooms":null,"MaxBedrooms":null,"Bathrooms":null,"Direction":null,"IsFeatured":null,"AllStatuses":false,"SortBy":"CreatedAt","SortOrder":"Desc","$type":"GetPropertiesListQuery"}
[2026-05-24 10:18:39.580 +07:00 INF] Executed DbCommand (2ms) [Parameters=[@__listingType_Value_0='?' (DbType = Int32), @__status_Value_1='?' (DbType = Int32)], CommandType='"Text"', CommandTimeout='60']
SELECT COUNT(*)
FROM [Properties] AS [p]
WHERE [p].[IsDeleted] = CAST(0 AS bit) AND [p].[ListingType] = @__listingType_Value_0 AND [p].[Status] = @__status_Value_1
[2026-05-24 10:18:39.690 +07:00 INF] Executed DbCommand (11ms) [Parameters=[@__listingType_Value_0='?' (DbType = Int32), @__status_Value_1='?' (DbType = Int32), @__p_2='?' (DbType = Int32), @__p_3='?' (DbType = Int32)], CommandType='"Text"', CommandTimeout='60']
SELECT [p1].[Id], [p1].[AgentId], [p1].[Area], [p1].[CreatedAt], [p1].[CreatedBy], [p1].[DeletedAt], [p1].[DeletedBy], [p1].[Description], [p1].[Direction], [p1].[ExpiresAt], [p1].[FullAddress], [p1].[IsDeleted], [p1].[IsFeatured], [p1].[LastModifiedAt], [p1].[LastModifiedBy], [p1].[Latitude], [p1].[ListingType], [p1].[Longitude], [p1].[NumberOfBathrooms], [p1].[NumberOfBedrooms], [p1].[NumberOfFloors], [p1].[PropertyTypeId], [p1].[ProvinceCode], [p1].[ProvinceName], [p1].[PublishedAt], [p1].[RowVersion], [p1].[Slug], [p1].[Status], [p1].[Title], [p1].[TransactionTypeId], [p1].[VideoUrl], [p1].[ViewCount], [p1].[WardCode], [p1].[WardName], [p1].[AddressCountry], [p1].[AddressDistrict], [p1].[AddressLatitude], [p1].[AddressLongitude], [p1].[AddressProvince], [p1].[Street], [p1].[AddressWard], [p1].[PriceAmount], [p1].[PriceCurrency], [p2].[Id], [p2].[CreatedAt], [p2].[CreatedBy], [p2].[DeletedAt], [p2].[DeletedBy], [p2].[Description], [p2].[IsActive], [p2].[IsDeleted], [p2].[LastModifiedAt], [p2].[LastModifiedBy], [p2].[Name], [p2].[RowVersion], [a0].[Id], [a0].[AgencyName], [a0].[AvatarUrl], [a0].[Bio], [a0].[CreatedAt], [a0].[CreatedBy], [a0].[DeletedAt], [a0].[DeletedBy], [a0].[Email], [a0].[FullName], [a0].[IsActive], [a0].[IsDeleted], [a0].[LastModifiedAt], [a0].[LastModifiedBy], [a0].[LicenseNumber], [a0].[PhoneNumber], [a0].[RowVersion], [a0].[UserId], [t0].[Id], [t0].[CreatedAt], [t0].[CreatedBy], [t0].[DeletedAt], [t0].[DeletedBy], [t0].[Description], [t0].[IsActive], [t0].[IsDeleted], [t0].[LastModifiedAt], [t0].[LastModifiedBy], [t0].[Name], [t0].[RowVersion], [p4].[Id], [p4].[Caption], [p4].[CreatedAt], [p4].[CreatedBy], [p4].[DeletedAt], [p4].[DeletedBy], [p4].[DisplayOrder], [p4].[IsDeleted], [p4].[IsPrimary], [p4].[LastModifiedAt], [p4].[LastModifiedBy], [p4].[PropertyId], [p4].[RowVersion], [p4].[Url]
FROM (
    SELECT [p].[Id], [p].[AgentId], [p].[Area], [p].[CreatedAt], [p].[CreatedBy], [p].[DeletedAt], [p].[DeletedBy], [p].[Description], [p].[Direction], [p].[ExpiresAt], [p].[FullAddress], [p].[IsDeleted], [p].[IsFeatured], [p].[LastModifiedAt], [p].[LastModifiedBy], [p].[Latitude], [p].[ListingType], [p].[Longitude], [p].[NumberOfBathrooms], [p].[NumberOfBedrooms], [p].[NumberOfFloors], [p].[PropertyTypeId], [p].[ProvinceCode], [p].[ProvinceName], [p].[PublishedAt], [p].[RowVersion], [p].[Slug], [p].[Status], [p].[Title], [p].[TransactionTypeId], [p].[VideoUrl], [p].[ViewCount], [p].[WardCode], [p].[WardName], [p].[AddressCountry], [p].[AddressDistrict], [p].[AddressLatitude], [p].[AddressLongitude], [p].[AddressProvince], [p].[Street], [p].[AddressWard], [p].[PriceAmount], [p].[PriceCurrency]
    FROM [Properties] AS [p]
    WHERE [p].[IsDeleted] = CAST(0 AS bit) AND [p].[ListingType] = @__listingType_Value_0 AND [p].[Status] = @__status_Value_1
    ORDER BY [p].[IsFeatured] DESC, [p].[CreatedAt] DESC
    OFFSET @__p_2 ROWS FETCH NEXT @__p_3 ROWS ONLY
) AS [p1]
INNER JOIN (
    SELECT [p0].[Id], [p0].[CreatedAt], [p0].[CreatedBy], [p0].[DeletedAt], [p0].[DeletedBy], [p0].[Description], [p0].[IsActive], [p0].[IsDeleted], [p0].[LastModifiedAt], [p0].[LastModifiedBy], [p0].[Name], [p0].[RowVersion]
    FROM [PropertyTypes] AS [p0]
    WHERE [p0].[IsDeleted] = CAST(0 AS bit)
) AS [p2] ON [p1].[PropertyTypeId] = [p2].[Id]
INNER JOIN (
    SELECT [a].[Id], [a].[AgencyName], [a].[AvatarUrl], [a].[Bio], [a].[CreatedAt], [a].[CreatedBy], [a].[DeletedAt], [a].[DeletedBy], [a].[Email], [a].[FullName], [a].[IsActive], [a].[IsDeleted], [a].[LastModifiedAt], [a].[LastModifiedBy], [a].[LicenseNumber], [a].[PhoneNumber], [a].[RowVersion], [a].[UserId]
    FROM [Agents] AS [a]
    WHERE [a].[IsDeleted] = CAST(0 AS bit)
) AS [a0] ON [p1].[AgentId] = [a0].[Id]
LEFT JOIN (
    SELECT [t].[Id], [t].[CreatedAt], [t].[CreatedBy], [t].[DeletedAt], [t].[DeletedBy], [t].[Description], [t].[IsActive], [t].[IsDeleted], [t].[LastModifiedAt], [t].[LastModifiedBy], [t].[Name], [t].[RowVersion]
    FROM [TransactionTypes] AS [t]
    WHERE [t].[IsDeleted] = CAST(0 AS bit)
) AS [t0] ON [p1].[TransactionTypeId] = [t0].[Id]
LEFT JOIN (
    SELECT [p3].[Id], [p3].[Caption], [p3].[CreatedAt], [p3].[CreatedBy], [p3].[DeletedAt], [p3].[DeletedBy], [p3].[DisplayOrder], [p3].[IsDeleted], [p3].[IsPrimary], [p3].[LastModifiedAt], [p3].[LastModifiedBy], [p3].[PropertyId], [p3].[RowVersion], [p3].[Url]
    FROM [PropertyImages] AS [p3]
    WHERE [p3].[IsDeleted] = CAST(0 AS bit)
) AS [p4] ON [p1].[Id] = [p4].[PropertyId]
ORDER BY [p1].[IsFeatured] DESC, [p1].[CreatedAt] DESC, [p1].[Id], [p2].[Id], [a0].[Id], [t0].[Id]
[2026-05-24 10:18:39.700 +07:00 INF] Handled GetPropertiesListQuery in 149ms
[2026-05-24 10:18:39.702 +07:00 INF] Executing OkObjectResult, writing value of type 'VietPropEstate.Application.Common.Models.PaginatedList`1[[VietPropEstate.Application.Features.Properties.DTOs.PropertyDto, VietPropEstate.Application, Version=1.0.0.0, Culture=neutral, PublicKeyToken=null]]'.
[2026-05-24 10:18:39.705 +07:00 INF] Executed action VietPropEstate.WebAPI.Controllers.PropertiesController.GetList (VietPropEstate.WebAPI) in 156.2479ms
[2026-05-24 10:18:39.707 +07:00 INF] Executed endpoint 'VietPropEstate.WebAPI.Controllers.PropertiesController.GetList (VietPropEstate.WebAPI)'
[2026-05-24 10:18:39.708 +07:00 INF] HTTP GET /api/properties responded 200 in 163.5584 ms
[2026-05-24 10:18:39.711 +07:00 INF] Request finished HTTP/1.1 GET http://localhost:5198/api/properties?pageNumber=1&pageSize=12&listingType=1&status=1&sortBy=CreatedAt&sortOrder=Desc - 200 null application/json; charset=utf-8 171.0831ms
[2026-05-24 10:18:41.863 +07:00 INF] Request starting HTTP/1.1 OPTIONS http://localhost:5198/api/properties?pageNumber=1&pageSize=12&listingType=2&status=1&sortBy=CreatedAt&sortOrder=Desc - null null
[2026-05-24 10:18:41.867 +07:00 INF] CORS policy execution successful.
[2026-05-24 10:18:41.868 +07:00 INF] Request finished HTTP/1.1 OPTIONS http://localhost:5198/api/properties?pageNumber=1&pageSize=12&listingType=2&status=1&sortBy=CreatedAt&sortOrder=Desc - 204 null null 5.1404ms
[2026-05-24 10:18:41.873 +07:00 INF] Request starting HTTP/1.1 GET http://localhost:5198/api/properties?pageNumber=1&pageSize=12&listingType=2&status=1&sortBy=CreatedAt&sortOrder=Desc - null null
[2026-05-24 10:18:41.876 +07:00 INF] CORS policy execution successful.
[2026-05-24 10:18:41.878 +07:00 INF] Executing endpoint 'VietPropEstate.WebAPI.Controllers.PropertiesController.GetList (VietPropEstate.WebAPI)'
[2026-05-24 10:18:41.879 +07:00 INF] Route matched with {action = "GetList", controller = "Properties"}. Executing controller action with signature System.Threading.Tasks.Task`1[Microsoft.AspNetCore.Mvc.IActionResult] GetList(Int32, Int32, System.String, System.Nullable`1[System.Guid], System.Nullable`1[System.Guid], System.Nullable`1[VietPropEstate.Domain.Enums.ListingType], System.Nullable`1[VietPropEstate.Domain.Enums.PropertyStatus], System.Nullable`1[System.Int32], System.Nullable`1[System.Int32], System.String, System.Nullable`1[System.Decimal], System.Nullable`1[System.Decimal], System.Nullable`1[System.Decimal], System.Nullable`1[System.Decimal], System.Nullable`1[System.Int32], System.Nullable`1[System.Int32], System.Nullable`1[System.Int32], System.Nullable`1[VietPropEstate.Domain.Enums.PropertyDirection], System.Nullable`1[System.Boolean], System.String, System.String, System.Threading.CancellationToken) on controller VietPropEstate.WebAPI.Controllers.PropertiesController (VietPropEstate.WebAPI).
[2026-05-24 10:18:41.884 +07:00 INF] Handling GetPropertiesListQuery {"PageNumber":1,"PageSize":12,"SearchTerm":null,"PropertyTypeId":null,"TransactionTypeId":null,"ListingType":"ForRent","Status":"Active","ProvinceCode":null,"WardCode":null,"ProvinceName":null,"MinPrice":null,"MaxPrice":null,"MinArea":null,"MaxArea":null,"MinBedrooms":null,"MaxBedrooms":null,"Bathrooms":null,"Direction":null,"IsFeatured":null,"AllStatuses":false,"SortBy":"CreatedAt","SortOrder":"Desc","$type":"GetPropertiesListQuery"}
[2026-05-24 10:18:41.905 +07:00 INF] Executed DbCommand (0ms) [Parameters=[@__listingType_Value_0='?' (DbType = Int32), @__status_Value_1='?' (DbType = Int32)], CommandType='"Text"', CommandTimeout='60']
SELECT COUNT(*)
FROM [Properties] AS [p]
WHERE [p].[IsDeleted] = CAST(0 AS bit) AND [p].[ListingType] = @__listingType_Value_0 AND [p].[Status] = @__status_Value_1
[2026-05-24 10:18:41.910 +07:00 INF] Executed DbCommand (1ms) [Parameters=[@__listingType_Value_0='?' (DbType = Int32), @__status_Value_1='?' (DbType = Int32), @__p_2='?' (DbType = Int32), @__p_3='?' (DbType = Int32)], CommandType='"Text"', CommandTimeout='60']
SELECT [p1].[Id], [p1].[AgentId], [p1].[Area], [p1].[CreatedAt], [p1].[CreatedBy], [p1].[DeletedAt], [p1].[DeletedBy], [p1].[Description], [p1].[Direction], [p1].[ExpiresAt], [p1].[FullAddress], [p1].[IsDeleted], [p1].[IsFeatured], [p1].[LastModifiedAt], [p1].[LastModifiedBy], [p1].[Latitude], [p1].[ListingType], [p1].[Longitude], [p1].[NumberOfBathrooms], [p1].[NumberOfBedrooms], [p1].[NumberOfFloors], [p1].[PropertyTypeId], [p1].[ProvinceCode], [p1].[ProvinceName], [p1].[PublishedAt], [p1].[RowVersion], [p1].[Slug], [p1].[Status], [p1].[Title], [p1].[TransactionTypeId], [p1].[VideoUrl], [p1].[ViewCount], [p1].[WardCode], [p1].[WardName], [p1].[AddressCountry], [p1].[AddressDistrict], [p1].[AddressLatitude], [p1].[AddressLongitude], [p1].[AddressProvince], [p1].[Street], [p1].[AddressWard], [p1].[PriceAmount], [p1].[PriceCurrency], [p2].[Id], [p2].[CreatedAt], [p2].[CreatedBy], [p2].[DeletedAt], [p2].[DeletedBy], [p2].[Description], [p2].[IsActive], [p2].[IsDeleted], [p2].[LastModifiedAt], [p2].[LastModifiedBy], [p2].[Name], [p2].[RowVersion], [a0].[Id], [a0].[AgencyName], [a0].[AvatarUrl], [a0].[Bio], [a0].[CreatedAt], [a0].[CreatedBy], [a0].[DeletedAt], [a0].[DeletedBy], [a0].[Email], [a0].[FullName], [a0].[IsActive], [a0].[IsDeleted], [a0].[LastModifiedAt], [a0].[LastModifiedBy], [a0].[LicenseNumber], [a0].[PhoneNumber], [a0].[RowVersion], [a0].[UserId], [t0].[Id], [t0].[CreatedAt], [t0].[CreatedBy], [t0].[DeletedAt], [t0].[DeletedBy], [t0].[Description], [t0].[IsActive], [t0].[IsDeleted], [t0].[LastModifiedAt], [t0].[LastModifiedBy], [t0].[Name], [t0].[RowVersion], [p4].[Id], [p4].[Caption], [p4].[CreatedAt], [p4].[CreatedBy], [p4].[DeletedAt], [p4].[DeletedBy], [p4].[DisplayOrder], [p4].[IsDeleted], [p4].[IsPrimary], [p4].[LastModifiedAt], [p4].[LastModifiedBy], [p4].[PropertyId], [p4].[RowVersion], [p4].[Url]
FROM (
    SELECT [p].[Id], [p].[AgentId], [p].[Area], [p].[CreatedAt], [p].[CreatedBy], [p].[DeletedAt], [p].[DeletedBy], [p].[Description], [p].[Direction], [p].[ExpiresAt], [p].[FullAddress], [p].[IsDeleted], [p].[IsFeatured], [p].[LastModifiedAt], [p].[LastModifiedBy], [p].[Latitude], [p].[ListingType], [p].[Longitude], [p].[NumberOfBathrooms], [p].[NumberOfBedrooms], [p].[NumberOfFloors], [p].[PropertyTypeId], [p].[ProvinceCode], [p].[ProvinceName], [p].[PublishedAt], [p].[RowVersion], [p].[Slug], [p].[Status], [p].[Title], [p].[TransactionTypeId], [p].[VideoUrl], [p].[ViewCount], [p].[WardCode], [p].[WardName], [p].[AddressCountry], [p].[AddressDistrict], [p].[AddressLatitude], [p].[AddressLongitude], [p].[AddressProvince], [p].[Street], [p].[AddressWard], [p].[PriceAmount], [p].[PriceCurrency]
    FROM [Properties] AS [p]
    WHERE [p].[IsDeleted] = CAST(0 AS bit) AND [p].[ListingType] = @__listingType_Value_0 AND [p].[Status] = @__status_Value_1
    ORDER BY [p].[IsFeatured] DESC, [p].[CreatedAt] DESC
    OFFSET @__p_2 ROWS FETCH NEXT @__p_3 ROWS ONLY
) AS [p1]
INNER JOIN (
    SELECT [p0].[Id], [p0].[CreatedAt], [p0].[CreatedBy], [p0].[DeletedAt], [p0].[DeletedBy], [p0].[Description], [p0].[IsActive], [p0].[IsDeleted], [p0].[LastModifiedAt], [p0].[LastModifiedBy], [p0].[Name], [p0].[RowVersion]
    FROM [PropertyTypes] AS [p0]
    WHERE [p0].[IsDeleted] = CAST(0 AS bit)
) AS [p2] ON [p1].[PropertyTypeId] = [p2].[Id]
INNER JOIN (
    SELECT [a].[Id], [a].[AgencyName], [a].[AvatarUrl], [a].[Bio], [a].[CreatedAt], [a].[CreatedBy], [a].[DeletedAt], [a].[DeletedBy], [a].[Email], [a].[FullName], [a].[IsActive], [a].[IsDeleted], [a].[LastModifiedAt], [a].[LastModifiedBy], [a].[LicenseNumber], [a].[PhoneNumber], [a].[RowVersion], [a].[UserId]
    FROM [Agents] AS [a]
    WHERE [a].[IsDeleted] = CAST(0 AS bit)
) AS [a0] ON [p1].[AgentId] = [a0].[Id]
LEFT JOIN (
    SELECT [t].[Id], [t].[CreatedAt], [t].[CreatedBy], [t].[DeletedAt], [t].[DeletedBy], [t].[Description], [t].[IsActive], [t].[IsDeleted], [t].[LastModifiedAt], [t].[LastModifiedBy], [t].[Name], [t].[RowVersion]
    FROM [TransactionTypes] AS [t]
    WHERE [t].[IsDeleted] = CAST(0 AS bit)
) AS [t0] ON [p1].[TransactionTypeId] = [t0].[Id]
LEFT JOIN (
    SELECT [p3].[Id], [p3].[Caption], [p3].[CreatedAt], [p3].[CreatedBy], [p3].[DeletedAt], [p3].[DeletedBy], [p3].[DisplayOrder], [p3].[IsDeleted], [p3].[IsPrimary], [p3].[LastModifiedAt], [p3].[LastModifiedBy], [p3].[PropertyId], [p3].[RowVersion], [p3].[Url]
    FROM [PropertyImages] AS [p3]
    WHERE [p3].[IsDeleted] = CAST(0 AS bit)
) AS [p4] ON [p1].[Id] = [p4].[PropertyId]
ORDER BY [p1].[IsFeatured] DESC, [p1].[CreatedAt] DESC, [p1].[Id], [p2].[Id], [a0].[Id], [t0].[Id]
[2026-05-24 10:18:41.916 +07:00 INF] Handled GetPropertiesListQuery in 32ms
[2026-05-24 10:18:41.918 +07:00 INF] Executing OkObjectResult, writing value of type 'VietPropEstate.Application.Common.Models.PaginatedList`1[[VietPropEstate.Application.Features.Properties.DTOs.PropertyDto, VietPropEstate.Application, Version=1.0.0.0, Culture=neutral, PublicKeyToken=null]]'.
[2026-05-24 10:18:41.921 +07:00 INF] Executed action VietPropEstate.WebAPI.Controllers.PropertiesController.GetList (VietPropEstate.WebAPI) in 38.1453ms
[2026-05-24 10:18:41.922 +07:00 INF] Executed endpoint 'VietPropEstate.WebAPI.Controllers.PropertiesController.GetList (VietPropEstate.WebAPI)'
[2026-05-24 10:18:41.924 +07:00 INF] HTTP GET /api/properties responded 200 in 46.8433 ms
[2026-05-24 10:18:41.927 +07:00 INF] Request finished HTTP/1.1 GET http://localhost:5198/api/properties?pageNumber=1&pageSize=12&listingType=2&status=1&sortBy=CreatedAt&sortOrder=Desc - 200 null application/json; charset=utf-8 54.6108ms
[2026-05-24 10:18:42.000 +07:00 INF] Request starting HTTP/1.1 GET http://localhost:5198/uploads/properties/1f02cbf4-7a0a-498b-9d5a-ac179bbb390f/e8ffa17345654df29b347f3b0e0889a1.jpg - null null
[2026-05-24 10:18:42.004 +07:00 INF] The file /uploads/properties/1f02cbf4-7a0a-498b-9d5a-ac179bbb390f/e8ffa17345654df29b347f3b0e0889a1.jpg was not modified
[2026-05-24 10:18:42.005 +07:00 INF] Request finished HTTP/1.1 GET http://localhost:5198/uploads/properties/1f02cbf4-7a0a-498b-9d5a-ac179bbb390f/e8ffa17345654df29b347f3b0e0889a1.jpg - 304 null image/jpeg 5.1651ms
[2026-05-24 10:18:57.723 +07:00 INF] Request starting HTTP/1.1 OPTIONS http://localhost:5198/api/properties?pageNumber=1&pageSize=12&listingType=1&status=1&sortBy=CreatedAt&sortOrder=Desc - null null
[2026-05-24 10:18:57.727 +07:00 INF] CORS policy execution successful.
[2026-05-24 10:18:57.728 +07:00 INF] Request finished HTTP/1.1 OPTIONS http://localhost:5198/api/properties?pageNumber=1&pageSize=12&listingType=1&status=1&sortBy=CreatedAt&sortOrder=Desc - 204 null null 5.0096ms
[2026-05-24 10:18:57.732 +07:00 INF] Request starting HTTP/1.1 GET http://localhost:5198/api/properties?pageNumber=1&pageSize=12&listingType=1&status=1&sortBy=CreatedAt&sortOrder=Desc - null null
[2026-05-24 10:18:57.736 +07:00 INF] CORS policy execution successful.
[2026-05-24 10:18:57.738 +07:00 INF] Executing endpoint 'VietPropEstate.WebAPI.Controllers.PropertiesController.GetList (VietPropEstate.WebAPI)'
[2026-05-24 10:18:57.739 +07:00 INF] Route matched with {action = "GetList", controller = "Properties"}. Executing controller action with signature System.Threading.Tasks.Task`1[Microsoft.AspNetCore.Mvc.IActionResult] GetList(Int32, Int32, System.String, System.Nullable`1[System.Guid], System.Nullable`1[System.Guid], System.Nullable`1[VietPropEstate.Domain.Enums.ListingType], System.Nullable`1[VietPropEstate.Domain.Enums.PropertyStatus], System.Nullable`1[System.Int32], System.Nullable`1[System.Int32], System.String, System.Nullable`1[System.Decimal], System.Nullable`1[System.Decimal], System.Nullable`1[System.Decimal], System.Nullable`1[System.Decimal], System.Nullable`1[System.Int32], System.Nullable`1[System.Int32], System.Nullable`1[System.Int32], System.Nullable`1[VietPropEstate.Domain.Enums.PropertyDirection], System.Nullable`1[System.Boolean], System.String, System.String, System.Threading.CancellationToken) on controller VietPropEstate.WebAPI.Controllers.PropertiesController (VietPropEstate.WebAPI).
[2026-05-24 10:18:57.744 +07:00 INF] Handling GetPropertiesListQuery {"PageNumber":1,"PageSize":12,"SearchTerm":null,"PropertyTypeId":null,"TransactionTypeId":null,"ListingType":"ForSale","Status":"Active","ProvinceCode":null,"WardCode":null,"ProvinceName":null,"MinPrice":null,"MaxPrice":null,"MinArea":null,"MaxArea":null,"MinBedrooms":null,"MaxBedrooms":null,"Bathrooms":null,"Direction":null,"IsFeatured":null,"AllStatuses":false,"SortBy":"CreatedAt","SortOrder":"Desc","$type":"GetPropertiesListQuery"}
[2026-05-24 10:18:57.763 +07:00 INF] Executed DbCommand (1ms) [Parameters=[@__listingType_Value_0='?' (DbType = Int32), @__status_Value_1='?' (DbType = Int32)], CommandType='"Text"', CommandTimeout='60']
SELECT COUNT(*)
FROM [Properties] AS [p]
WHERE [p].[IsDeleted] = CAST(0 AS bit) AND [p].[ListingType] = @__listingType_Value_0 AND [p].[Status] = @__status_Value_1
[2026-05-24 10:18:57.769 +07:00 INF] Executed DbCommand (1ms) [Parameters=[@__listingType_Value_0='?' (DbType = Int32), @__status_Value_1='?' (DbType = Int32), @__p_2='?' (DbType = Int32), @__p_3='?' (DbType = Int32)], CommandType='"Text"', CommandTimeout='60']
SELECT [p1].[Id], [p1].[AgentId], [p1].[Area], [p1].[CreatedAt], [p1].[CreatedBy], [p1].[DeletedAt], [p1].[DeletedBy], [p1].[Description], [p1].[Direction], [p1].[ExpiresAt], [p1].[FullAddress], [p1].[IsDeleted], [p1].[IsFeatured], [p1].[LastModifiedAt], [p1].[LastModifiedBy], [p1].[Latitude], [p1].[ListingType], [p1].[Longitude], [p1].[NumberOfBathrooms], [p1].[NumberOfBedrooms], [p1].[NumberOfFloors], [p1].[PropertyTypeId], [p1].[ProvinceCode], [p1].[ProvinceName], [p1].[PublishedAt], [p1].[RowVersion], [p1].[Slug], [p1].[Status], [p1].[Title], [p1].[TransactionTypeId], [p1].[VideoUrl], [p1].[ViewCount], [p1].[WardCode], [p1].[WardName], [p1].[AddressCountry], [p1].[AddressDistrict], [p1].[AddressLatitude], [p1].[AddressLongitude], [p1].[AddressProvince], [p1].[Street], [p1].[AddressWard], [p1].[PriceAmount], [p1].[PriceCurrency], [p2].[Id], [p2].[CreatedAt], [p2].[CreatedBy], [p2].[DeletedAt], [p2].[DeletedBy], [p2].[Description], [p2].[IsActive], [p2].[IsDeleted], [p2].[LastModifiedAt], [p2].[LastModifiedBy], [p2].[Name], [p2].[RowVersion], [a0].[Id], [a0].[AgencyName], [a0].[AvatarUrl], [a0].[Bio], [a0].[CreatedAt], [a0].[CreatedBy], [a0].[DeletedAt], [a0].[DeletedBy], [a0].[Email], [a0].[FullName], [a0].[IsActive], [a0].[IsDeleted], [a0].[LastModifiedAt], [a0].[LastModifiedBy], [a0].[LicenseNumber], [a0].[PhoneNumber], [a0].[RowVersion], [a0].[UserId], [t0].[Id], [t0].[CreatedAt], [t0].[CreatedBy], [t0].[DeletedAt], [t0].[DeletedBy], [t0].[Description], [t0].[IsActive], [t0].[IsDeleted], [t0].[LastModifiedAt], [t0].[LastModifiedBy], [t0].[Name], [t0].[RowVersion], [p4].[Id], [p4].[Caption], [p4].[CreatedAt], [p4].[CreatedBy], [p4].[DeletedAt], [p4].[DeletedBy], [p4].[DisplayOrder], [p4].[IsDeleted], [p4].[IsPrimary], [p4].[LastModifiedAt], [p4].[LastModifiedBy], [p4].[PropertyId], [p4].[RowVersion], [p4].[Url]
FROM (
    SELECT [p].[Id], [p].[AgentId], [p].[Area], [p].[CreatedAt], [p].[CreatedBy], [p].[DeletedAt], [p].[DeletedBy], [p].[Description], [p].[Direction], [p].[ExpiresAt], [p].[FullAddress], [p].[IsDeleted], [p].[IsFeatured], [p].[LastModifiedAt], [p].[LastModifiedBy], [p].[Latitude], [p].[ListingType], [p].[Longitude], [p].[NumberOfBathrooms], [p].[NumberOfBedrooms], [p].[NumberOfFloors], [p].[PropertyTypeId], [p].[ProvinceCode], [p].[ProvinceName], [p].[PublishedAt], [p].[RowVersion], [p].[Slug], [p].[Status], [p].[Title], [p].[TransactionTypeId], [p].[VideoUrl], [p].[ViewCount], [p].[WardCode], [p].[WardName], [p].[AddressCountry], [p].[AddressDistrict], [p].[AddressLatitude], [p].[AddressLongitude], [p].[AddressProvince], [p].[Street], [p].[AddressWard], [p].[PriceAmount], [p].[PriceCurrency]
    FROM [Properties] AS [p]
    WHERE [p].[IsDeleted] = CAST(0 AS bit) AND [p].[ListingType] = @__listingType_Value_0 AND [p].[Status] = @__status_Value_1
    ORDER BY [p].[IsFeatured] DESC, [p].[CreatedAt] DESC
    OFFSET @__p_2 ROWS FETCH NEXT @__p_3 ROWS ONLY
) AS [p1]
INNER JOIN (
    SELECT [p0].[Id], [p0].[CreatedAt], [p0].[CreatedBy], [p0].[DeletedAt], [p0].[DeletedBy], [p0].[Description], [p0].[IsActive], [p0].[IsDeleted], [p0].[LastModifiedAt], [p0].[LastModifiedBy], [p0].[Name], [p0].[RowVersion]
    FROM [PropertyTypes] AS [p0]
    WHERE [p0].[IsDeleted] = CAST(0 AS bit)
) AS [p2] ON [p1].[PropertyTypeId] = [p2].[Id]
INNER JOIN (
    SELECT [a].[Id], [a].[AgencyName], [a].[AvatarUrl], [a].[Bio], [a].[CreatedAt], [a].[CreatedBy], [a].[DeletedAt], [a].[DeletedBy], [a].[Email], [a].[FullName], [a].[IsActive], [a].[IsDeleted], [a].[LastModifiedAt], [a].[LastModifiedBy], [a].[LicenseNumber], [a].[PhoneNumber], [a].[RowVersion], [a].[UserId]
    FROM [Agents] AS [a]
    WHERE [a].[IsDeleted] = CAST(0 AS bit)
) AS [a0] ON [p1].[AgentId] = [a0].[Id]
LEFT JOIN (
    SELECT [t].[Id], [t].[CreatedAt], [t].[CreatedBy], [t].[DeletedAt], [t].[DeletedBy], [t].[Description], [t].[IsActive], [t].[IsDeleted], [t].[LastModifiedAt], [t].[LastModifiedBy], [t].[Name], [t].[RowVersion]
    FROM [TransactionTypes] AS [t]
    WHERE [t].[IsDeleted] = CAST(0 AS bit)
) AS [t0] ON [p1].[TransactionTypeId] = [t0].[Id]
LEFT JOIN (
    SELECT [p3].[Id], [p3].[Caption], [p3].[CreatedAt], [p3].[CreatedBy], [p3].[DeletedAt], [p3].[DeletedBy], [p3].[DisplayOrder], [p3].[IsDeleted], [p3].[IsPrimary], [p3].[LastModifiedAt], [p3].[LastModifiedBy], [p3].[PropertyId], [p3].[RowVersion], [p3].[Url]
    FROM [PropertyImages] AS [p3]
    WHERE [p3].[IsDeleted] = CAST(0 AS bit)
) AS [p4] ON [p1].[Id] = [p4].[PropertyId]
ORDER BY [p1].[IsFeatured] DESC, [p1].[CreatedAt] DESC, [p1].[Id], [p2].[Id], [a0].[Id], [t0].[Id]
[2026-05-24 10:18:57.776 +07:00 INF] Handled GetPropertiesListQuery in 31ms
[2026-05-24 10:18:57.778 +07:00 INF] Executing OkObjectResult, writing value of type 'VietPropEstate.Application.Common.Models.PaginatedList`1[[VietPropEstate.Application.Features.Properties.DTOs.PropertyDto, VietPropEstate.Application, Version=1.0.0.0, Culture=neutral, PublicKeyToken=null]]'.
[2026-05-24 10:18:57.780 +07:00 INF] Executed action VietPropEstate.WebAPI.Controllers.PropertiesController.GetList (VietPropEstate.WebAPI) in 38.2125ms
[2026-05-24 10:18:57.782 +07:00 INF] Executed endpoint 'VietPropEstate.WebAPI.Controllers.PropertiesController.GetList (VietPropEstate.WebAPI)'
[2026-05-24 10:18:57.784 +07:00 INF] HTTP GET /api/properties responded 200 in 46.6163 ms
[2026-05-24 10:18:57.787 +07:00 INF] Request finished HTTP/1.1 GET http://localhost:5198/api/properties?pageNumber=1&pageSize=12&listingType=1&status=1&sortBy=CreatedAt&sortOrder=Desc - 200 null application/json; charset=utf-8 54.1759ms
[2026-05-24 10:19:08.240 +07:00 INF] Request starting HTTP/1.1 OPTIONS http://localhost:5198/api/properties?pageNumber=2&pageSize=12&listingType=1&status=1&sortBy=CreatedAt&sortOrder=Desc - null null
[2026-05-24 10:19:08.244 +07:00 INF] CORS policy execution successful.
[2026-05-24 10:19:08.245 +07:00 INF] Request finished HTTP/1.1 OPTIONS http://localhost:5198/api/properties?pageNumber=2&pageSize=12&listingType=1&status=1&sortBy=CreatedAt&sortOrder=Desc - 204 null null 5.0734ms
[2026-05-24 10:19:08.250 +07:00 INF] Request starting HTTP/1.1 GET http://localhost:5198/api/properties?pageNumber=2&pageSize=12&listingType=1&status=1&sortBy=CreatedAt&sortOrder=Desc - null null
[2026-05-24 10:19:08.254 +07:00 INF] CORS policy execution successful.
[2026-05-24 10:19:08.255 +07:00 INF] Executing endpoint 'VietPropEstate.WebAPI.Controllers.PropertiesController.GetList (VietPropEstate.WebAPI)'
[2026-05-24 10:19:08.257 +07:00 INF] Route matched with {action = "GetList", controller = "Properties"}. Executing controller action with signature System.Threading.Tasks.Task`1[Microsoft.AspNetCore.Mvc.IActionResult] GetList(Int32, Int32, System.String, System.Nullable`1[System.Guid], System.Nullable`1[System.Guid], System.Nullable`1[VietPropEstate.Domain.Enums.ListingType], System.Nullable`1[VietPropEstate.Domain.Enums.PropertyStatus], System.Nullable`1[System.Int32], System.Nullable`1[System.Int32], System.String, System.Nullable`1[System.Decimal], System.Nullable`1[System.Decimal], System.Nullable`1[System.Decimal], System.Nullable`1[System.Decimal], System.Nullable`1[System.Int32], System.Nullable`1[System.Int32], System.Nullable`1[System.Int32], System.Nullable`1[VietPropEstate.Domain.Enums.PropertyDirection], System.Nullable`1[System.Boolean], System.String, System.String, System.Threading.CancellationToken) on controller VietPropEstate.WebAPI.Controllers.PropertiesController (VietPropEstate.WebAPI).
[2026-05-24 10:19:08.262 +07:00 INF] Handling GetPropertiesListQuery {"PageNumber":2,"PageSize":12,"SearchTerm":null,"PropertyTypeId":null,"TransactionTypeId":null,"ListingType":"ForSale","Status":"Active","ProvinceCode":null,"WardCode":null,"ProvinceName":null,"MinPrice":null,"MaxPrice":null,"MinArea":null,"MaxArea":null,"MinBedrooms":null,"MaxBedrooms":null,"Bathrooms":null,"Direction":null,"IsFeatured":null,"AllStatuses":false,"SortBy":"CreatedAt","SortOrder":"Desc","$type":"GetPropertiesListQuery"}
[2026-05-24 10:19:08.285 +07:00 INF] Executed DbCommand (1ms) [Parameters=[@__listingType_Value_0='?' (DbType = Int32), @__status_Value_1='?' (DbType = Int32)], CommandType='"Text"', CommandTimeout='60']
SELECT COUNT(*)
FROM [Properties] AS [p]
WHERE [p].[IsDeleted] = CAST(0 AS bit) AND [p].[ListingType] = @__listingType_Value_0 AND [p].[Status] = @__status_Value_1
[2026-05-24 10:19:08.409 +07:00 INF] Executed DbCommand (12ms) [Parameters=[@__listingType_Value_0='?' (DbType = Int32), @__status_Value_1='?' (DbType = Int32), @__p_2='?' (DbType = Int32)], CommandType='"Text"', CommandTimeout='60']
SELECT [p1].[Id], [p1].[AgentId], [p1].[Area], [p1].[CreatedAt], [p1].[CreatedBy], [p1].[DeletedAt], [p1].[DeletedBy], [p1].[Description], [p1].[Direction], [p1].[ExpiresAt], [p1].[FullAddress], [p1].[IsDeleted], [p1].[IsFeatured], [p1].[LastModifiedAt], [p1].[LastModifiedBy], [p1].[Latitude], [p1].[ListingType], [p1].[Longitude], [p1].[NumberOfBathrooms], [p1].[NumberOfBedrooms], [p1].[NumberOfFloors], [p1].[PropertyTypeId], [p1].[ProvinceCode], [p1].[ProvinceName], [p1].[PublishedAt], [p1].[RowVersion], [p1].[Slug], [p1].[Status], [p1].[Title], [p1].[TransactionTypeId], [p1].[VideoUrl], [p1].[ViewCount], [p1].[WardCode], [p1].[WardName], [p1].[AddressCountry], [p1].[AddressDistrict], [p1].[AddressLatitude], [p1].[AddressLongitude], [p1].[AddressProvince], [p1].[Street], [p1].[AddressWard], [p1].[PriceAmount], [p1].[PriceCurrency], [p2].[Id], [p2].[CreatedAt], [p2].[CreatedBy], [p2].[DeletedAt], [p2].[DeletedBy], [p2].[Description], [p2].[IsActive], [p2].[IsDeleted], [p2].[LastModifiedAt], [p2].[LastModifiedBy], [p2].[Name], [p2].[RowVersion], [a0].[Id], [a0].[AgencyName], [a0].[AvatarUrl], [a0].[Bio], [a0].[CreatedAt], [a0].[CreatedBy], [a0].[DeletedAt], [a0].[DeletedBy], [a0].[Email], [a0].[FullName], [a0].[IsActive], [a0].[IsDeleted], [a0].[LastModifiedAt], [a0].[LastModifiedBy], [a0].[LicenseNumber], [a0].[PhoneNumber], [a0].[RowVersion], [a0].[UserId], [t0].[Id], [t0].[CreatedAt], [t0].[CreatedBy], [t0].[DeletedAt], [t0].[DeletedBy], [t0].[Description], [t0].[IsActive], [t0].[IsDeleted], [t0].[LastModifiedAt], [t0].[LastModifiedBy], [t0].[Name], [t0].[RowVersion], [p4].[Id], [p4].[Caption], [p4].[CreatedAt], [p4].[CreatedBy], [p4].[DeletedAt], [p4].[DeletedBy], [p4].[DisplayOrder], [p4].[IsDeleted], [p4].[IsPrimary], [p4].[LastModifiedAt], [p4].[LastModifiedBy], [p4].[PropertyId], [p4].[RowVersion], [p4].[Url]
FROM (
    SELECT [p].[Id], [p].[AgentId], [p].[Area], [p].[CreatedAt], [p].[CreatedBy], [p].[DeletedAt], [p].[DeletedBy], [p].[Description], [p].[Direction], [p].[ExpiresAt], [p].[FullAddress], [p].[IsDeleted], [p].[IsFeatured], [p].[LastModifiedAt], [p].[LastModifiedBy], [p].[Latitude], [p].[ListingType], [p].[Longitude], [p].[NumberOfBathrooms], [p].[NumberOfBedrooms], [p].[NumberOfFloors], [p].[PropertyTypeId], [p].[ProvinceCode], [p].[ProvinceName], [p].[PublishedAt], [p].[RowVersion], [p].[Slug], [p].[Status], [p].[Title], [p].[TransactionTypeId], [p].[VideoUrl], [p].[ViewCount], [p].[WardCode], [p].[WardName], [p].[AddressCountry], [p].[AddressDistrict], [p].[AddressLatitude], [p].[AddressLongitude], [p].[AddressProvince], [p].[Street], [p].[AddressWard], [p].[PriceAmount], [p].[PriceCurrency]
    FROM [Properties] AS [p]
    WHERE [p].[IsDeleted] = CAST(0 AS bit) AND [p].[ListingType] = @__listingType_Value_0 AND [p].[Status] = @__status_Value_1
    ORDER BY [p].[IsFeatured] DESC, [p].[CreatedAt] DESC
    OFFSET @__p_2 ROWS FETCH NEXT @__p_2 ROWS ONLY
) AS [p1]
INNER JOIN (
    SELECT [p0].[Id], [p0].[CreatedAt], [p0].[CreatedBy], [p0].[DeletedAt], [p0].[DeletedBy], [p0].[Description], [p0].[IsActive], [p0].[IsDeleted], [p0].[LastModifiedAt], [p0].[LastModifiedBy], [p0].[Name], [p0].[RowVersion]
    FROM [PropertyTypes] AS [p0]
    WHERE [p0].[IsDeleted] = CAST(0 AS bit)
) AS [p2] ON [p1].[PropertyTypeId] = [p2].[Id]
INNER JOIN (
    SELECT [a].[Id], [a].[AgencyName], [a].[AvatarUrl], [a].[Bio], [a].[CreatedAt], [a].[CreatedBy], [a].[DeletedAt], [a].[DeletedBy], [a].[Email], [a].[FullName], [a].[IsActive], [a].[IsDeleted], [a].[LastModifiedAt], [a].[LastModifiedBy], [a].[LicenseNumber], [a].[PhoneNumber], [a].[RowVersion], [a].[UserId]
    FROM [Agents] AS [a]
    WHERE [a].[IsDeleted] = CAST(0 AS bit)
) AS [a0] ON [p1].[AgentId] = [a0].[Id]
LEFT JOIN (
    SELECT [t].[Id], [t].[CreatedAt], [t].[CreatedBy], [t].[DeletedAt], [t].[DeletedBy], [t].[Description], [t].[IsActive], [t].[IsDeleted], [t].[LastModifiedAt], [t].[LastModifiedBy], [t].[Name], [t].[RowVersion]
    FROM [TransactionTypes] AS [t]
    WHERE [t].[IsDeleted] = CAST(0 AS bit)
) AS [t0] ON [p1].[TransactionTypeId] = [t0].[Id]
LEFT JOIN (
    SELECT [p3].[Id], [p3].[Caption], [p3].[CreatedAt], [p3].[CreatedBy], [p3].[DeletedAt], [p3].[DeletedBy], [p3].[DisplayOrder], [p3].[IsDeleted], [p3].[IsPrimary], [p3].[LastModifiedAt], [p3].[LastModifiedBy], [p3].[PropertyId], [p3].[RowVersion], [p3].[Url]
    FROM [PropertyImages] AS [p3]
    WHERE [p3].[IsDeleted] = CAST(0 AS bit)
) AS [p4] ON [p1].[Id] = [p4].[PropertyId]
ORDER BY [p1].[IsFeatured] DESC, [p1].[CreatedAt] DESC, [p1].[Id], [p2].[Id], [a0].[Id], [t0].[Id]
[2026-05-24 10:19:08.418 +07:00 INF] Handled GetPropertiesListQuery in 156ms
[2026-05-24 10:19:08.420 +07:00 INF] Executing OkObjectResult, writing value of type 'VietPropEstate.Application.Common.Models.PaginatedList`1[[VietPropEstate.Application.Features.Properties.DTOs.PropertyDto, VietPropEstate.Application, Version=1.0.0.0, Culture=neutral, PublicKeyToken=null]]'.
[2026-05-24 10:19:08.423 +07:00 INF] Executed action VietPropEstate.WebAPI.Controllers.PropertiesController.GetList (VietPropEstate.WebAPI) in 162.4185ms
[2026-05-24 10:19:08.425 +07:00 INF] Executed endpoint 'VietPropEstate.WebAPI.Controllers.PropertiesController.GetList (VietPropEstate.WebAPI)'
[2026-05-24 10:19:08.426 +07:00 INF] HTTP GET /api/properties responded 200 in 171.6396 ms
[2026-05-24 10:19:08.429 +07:00 INF] Request finished HTTP/1.1 GET http://localhost:5198/api/properties?pageNumber=2&pageSize=12&listingType=1&status=1&sortBy=CreatedAt&sortOrder=Desc - 200 null application/json; charset=utf-8 178.9605ms
[2026-05-24 10:19:19.280 +07:00 INF] Request starting HTTP/1.1 OPTIONS http://localhost:5198/api/properties?pageNumber=1&pageSize=12&status=1&sortBy=CreatedAt&sortOrder=Desc - null null
[2026-05-24 10:19:19.283 +07:00 INF] CORS policy execution successful.
[2026-05-24 10:19:19.284 +07:00 INF] Request finished HTTP/1.1 OPTIONS http://localhost:5198/api/properties?pageNumber=1&pageSize=12&status=1&sortBy=CreatedAt&sortOrder=Desc - 204 null null 4.5588ms
[2026-05-24 10:19:19.288 +07:00 INF] Request starting HTTP/1.1 GET http://localhost:5198/api/properties?pageNumber=1&pageSize=12&status=1&sortBy=CreatedAt&sortOrder=Desc - null null
[2026-05-24 10:19:19.292 +07:00 INF] CORS policy execution successful.
[2026-05-24 10:19:19.294 +07:00 INF] Executing endpoint 'VietPropEstate.WebAPI.Controllers.PropertiesController.GetList (VietPropEstate.WebAPI)'
[2026-05-24 10:19:19.295 +07:00 INF] Route matched with {action = "GetList", controller = "Properties"}. Executing controller action with signature System.Threading.Tasks.Task`1[Microsoft.AspNetCore.Mvc.IActionResult] GetList(Int32, Int32, System.String, System.Nullable`1[System.Guid], System.Nullable`1[System.Guid], System.Nullable`1[VietPropEstate.Domain.Enums.ListingType], System.Nullable`1[VietPropEstate.Domain.Enums.PropertyStatus], System.Nullable`1[System.Int32], System.Nullable`1[System.Int32], System.String, System.Nullable`1[System.Decimal], System.Nullable`1[System.Decimal], System.Nullable`1[System.Decimal], System.Nullable`1[System.Decimal], System.Nullable`1[System.Int32], System.Nullable`1[System.Int32], System.Nullable`1[System.Int32], System.Nullable`1[VietPropEstate.Domain.Enums.PropertyDirection], System.Nullable`1[System.Boolean], System.String, System.String, System.Threading.CancellationToken) on controller VietPropEstate.WebAPI.Controllers.PropertiesController (VietPropEstate.WebAPI).
[2026-05-24 10:19:19.300 +07:00 INF] Handling GetPropertiesListQuery {"PageNumber":1,"PageSize":12,"SearchTerm":null,"PropertyTypeId":null,"TransactionTypeId":null,"ListingType":null,"Status":"Active","ProvinceCode":null,"WardCode":null,"ProvinceName":null,"MinPrice":null,"MaxPrice":null,"MinArea":null,"MaxArea":null,"MinBedrooms":null,"MaxBedrooms":null,"Bathrooms":null,"Direction":null,"IsFeatured":null,"AllStatuses":false,"SortBy":"CreatedAt","SortOrder":"Desc","$type":"GetPropertiesListQuery"}
[2026-05-24 10:19:19.324 +07:00 INF] Executed DbCommand (3ms) [Parameters=[@__status_Value_0='?' (DbType = Int32)], CommandType='"Text"', CommandTimeout='60']
SELECT COUNT(*)
FROM [Properties] AS [p]
WHERE [p].[IsDeleted] = CAST(0 AS bit) AND [p].[Status] = @__status_Value_0
[2026-05-24 10:19:19.338 +07:00 INF] Executed DbCommand (10ms) [Parameters=[@__status_Value_0='?' (DbType = Int32), @__p_1='?' (DbType = Int32), @__p_2='?' (DbType = Int32)], CommandType='"Text"', CommandTimeout='60']
SELECT [p1].[Id], [p1].[AgentId], [p1].[Area], [p1].[CreatedAt], [p1].[CreatedBy], [p1].[DeletedAt], [p1].[DeletedBy], [p1].[Description], [p1].[Direction], [p1].[ExpiresAt], [p1].[FullAddress], [p1].[IsDeleted], [p1].[IsFeatured], [p1].[LastModifiedAt], [p1].[LastModifiedBy], [p1].[Latitude], [p1].[ListingType], [p1].[Longitude], [p1].[NumberOfBathrooms], [p1].[NumberOfBedrooms], [p1].[NumberOfFloors], [p1].[PropertyTypeId], [p1].[ProvinceCode], [p1].[ProvinceName], [p1].[PublishedAt], [p1].[RowVersion], [p1].[Slug], [p1].[Status], [p1].[Title], [p1].[TransactionTypeId], [p1].[VideoUrl], [p1].[ViewCount], [p1].[WardCode], [p1].[WardName], [p1].[AddressCountry], [p1].[AddressDistrict], [p1].[AddressLatitude], [p1].[AddressLongitude], [p1].[AddressProvince], [p1].[Street], [p1].[AddressWard], [p1].[PriceAmount], [p1].[PriceCurrency], [p2].[Id], [p2].[CreatedAt], [p2].[CreatedBy], [p2].[DeletedAt], [p2].[DeletedBy], [p2].[Description], [p2].[IsActive], [p2].[IsDeleted], [p2].[LastModifiedAt], [p2].[LastModifiedBy], [p2].[Name], [p2].[RowVersion], [a0].[Id], [a0].[AgencyName], [a0].[AvatarUrl], [a0].[Bio], [a0].[CreatedAt], [a0].[CreatedBy], [a0].[DeletedAt], [a0].[DeletedBy], [a0].[Email], [a0].[FullName], [a0].[IsActive], [a0].[IsDeleted], [a0].[LastModifiedAt], [a0].[LastModifiedBy], [a0].[LicenseNumber], [a0].[PhoneNumber], [a0].[RowVersion], [a0].[UserId], [t0].[Id], [t0].[CreatedAt], [t0].[CreatedBy], [t0].[DeletedAt], [t0].[DeletedBy], [t0].[Description], [t0].[IsActive], [t0].[IsDeleted], [t0].[LastModifiedAt], [t0].[LastModifiedBy], [t0].[Name], [t0].[RowVersion], [p4].[Id], [p4].[Caption], [p4].[CreatedAt], [p4].[CreatedBy], [p4].[DeletedAt], [p4].[DeletedBy], [p4].[DisplayOrder], [p4].[IsDeleted], [p4].[IsPrimary], [p4].[LastModifiedAt], [p4].[LastModifiedBy], [p4].[PropertyId], [p4].[RowVersion], [p4].[Url]
FROM (
    SELECT [p].[Id], [p].[AgentId], [p].[Area], [p].[CreatedAt], [p].[CreatedBy], [p].[DeletedAt], [p].[DeletedBy], [p].[Description], [p].[Direction], [p].[ExpiresAt], [p].[FullAddress], [p].[IsDeleted], [p].[IsFeatured], [p].[LastModifiedAt], [p].[LastModifiedBy], [p].[Latitude], [p].[ListingType], [p].[Longitude], [p].[NumberOfBathrooms], [p].[NumberOfBedrooms], [p].[NumberOfFloors], [p].[PropertyTypeId], [p].[ProvinceCode], [p].[ProvinceName], [p].[PublishedAt], [p].[RowVersion], [p].[Slug], [p].[Status], [p].[Title], [p].[TransactionTypeId], [p].[VideoUrl], [p].[ViewCount], [p].[WardCode], [p].[WardName], [p].[AddressCountry], [p].[AddressDistrict], [p].[AddressLatitude], [p].[AddressLongitude], [p].[AddressProvince], [p].[Street], [p].[AddressWard], [p].[PriceAmount], [p].[PriceCurrency]
    FROM [Properties] AS [p]
    WHERE [p].[IsDeleted] = CAST(0 AS bit) AND [p].[Status] = @__status_Value_0
    ORDER BY [p].[IsFeatured] DESC, [p].[CreatedAt] DESC
    OFFSET @__p_1 ROWS FETCH NEXT @__p_2 ROWS ONLY
) AS [p1]
INNER JOIN (
    SELECT [p0].[Id], [p0].[CreatedAt], [p0].[CreatedBy], [p0].[DeletedAt], [p0].[DeletedBy], [p0].[Description], [p0].[IsActive], [p0].[IsDeleted], [p0].[LastModifiedAt], [p0].[LastModifiedBy], [p0].[Name], [p0].[RowVersion]
    FROM [PropertyTypes] AS [p0]
    WHERE [p0].[IsDeleted] = CAST(0 AS bit)
) AS [p2] ON [p1].[PropertyTypeId] = [p2].[Id]
INNER JOIN (
    SELECT [a].[Id], [a].[AgencyName], [a].[AvatarUrl], [a].[Bio], [a].[CreatedAt], [a].[CreatedBy], [a].[DeletedAt], [a].[DeletedBy], [a].[Email], [a].[FullName], [a].[IsActive], [a].[IsDeleted], [a].[LastModifiedAt], [a].[LastModifiedBy], [a].[LicenseNumber], [a].[PhoneNumber], [a].[RowVersion], [a].[UserId]
    FROM [Agents] AS [a]
    WHERE [a].[IsDeleted] = CAST(0 AS bit)
) AS [a0] ON [p1].[AgentId] = [a0].[Id]
LEFT JOIN (
    SELECT [t].[Id], [t].[CreatedAt], [t].[CreatedBy], [t].[DeletedAt], [t].[DeletedBy], [t].[Description], [t].[IsActive], [t].[IsDeleted], [t].[LastModifiedAt], [t].[LastModifiedBy], [t].[Name], [t].[RowVersion]
    FROM [TransactionTypes] AS [t]
    WHERE [t].[IsDeleted] = CAST(0 AS bit)
) AS [t0] ON [p1].[TransactionTypeId] = [t0].[Id]
LEFT JOIN (
    SELECT [p3].[Id], [p3].[Caption], [p3].[CreatedAt], [p3].[CreatedBy], [p3].[DeletedAt], [p3].[DeletedBy], [p3].[DisplayOrder], [p3].[IsDeleted], [p3].[IsPrimary], [p3].[LastModifiedAt], [p3].[LastModifiedBy], [p3].[PropertyId], [p3].[RowVersion], [p3].[Url]
    FROM [PropertyImages] AS [p3]
    WHERE [p3].[IsDeleted] = CAST(0 AS bit)
) AS [p4] ON [p1].[Id] = [p4].[PropertyId]
ORDER BY [p1].[IsFeatured] DESC, [p1].[CreatedAt] DESC, [p1].[Id], [p2].[Id], [a0].[Id], [t0].[Id]
[2026-05-24 10:19:19.345 +07:00 INF] Handled GetPropertiesListQuery in 45ms
[2026-05-24 10:19:19.348 +07:00 INF] Executing OkObjectResult, writing value of type 'VietPropEstate.Application.Common.Models.PaginatedList`1[[VietPropEstate.Application.Features.Properties.DTOs.PropertyDto, VietPropEstate.Application, Version=1.0.0.0, Culture=neutral, PublicKeyToken=null]]'.
[2026-05-24 10:19:19.350 +07:00 INF] Executed action VietPropEstate.WebAPI.Controllers.PropertiesController.GetList (VietPropEstate.WebAPI) in 51.5651ms
[2026-05-24 10:19:19.352 +07:00 INF] Executed endpoint 'VietPropEstate.WebAPI.Controllers.PropertiesController.GetList (VietPropEstate.WebAPI)'
[2026-05-24 10:19:19.354 +07:00 INF] HTTP GET /api/properties responded 200 in 60.6312 ms
[2026-05-24 10:19:19.357 +07:00 INF] Request finished HTTP/1.1 GET http://localhost:5198/api/properties?pageNumber=1&pageSize=12&status=1&sortBy=CreatedAt&sortOrder=Desc - 200 null application/json; charset=utf-8 68.164ms
[2026-05-24 10:19:20.286 +07:00 INF] Request starting HTTP/1.1 OPTIONS http://localhost:5198/api/properties?pageNumber=1&pageSize=12&listingType=2&status=1&sortBy=CreatedAt&sortOrder=Desc - null null
[2026-05-24 10:19:20.289 +07:00 INF] CORS policy execution successful.
[2026-05-24 10:19:20.290 +07:00 INF] Request finished HTTP/1.1 OPTIONS http://localhost:5198/api/properties?pageNumber=1&pageSize=12&listingType=2&status=1&sortBy=CreatedAt&sortOrder=Desc - 204 null null 4.5165ms
[2026-05-24 10:19:20.295 +07:00 INF] Request starting HTTP/1.1 GET http://localhost:5198/api/properties?pageNumber=1&pageSize=12&listingType=2&status=1&sortBy=CreatedAt&sortOrder=Desc - null null
[2026-05-24 10:19:20.298 +07:00 INF] CORS policy execution successful.
[2026-05-24 10:19:20.299 +07:00 INF] Executing endpoint 'VietPropEstate.WebAPI.Controllers.PropertiesController.GetList (VietPropEstate.WebAPI)'
[2026-05-24 10:19:20.301 +07:00 INF] Route matched with {action = "GetList", controller = "Properties"}. Executing controller action with signature System.Threading.Tasks.Task`1[Microsoft.AspNetCore.Mvc.IActionResult] GetList(Int32, Int32, System.String, System.Nullable`1[System.Guid], System.Nullable`1[System.Guid], System.Nullable`1[VietPropEstate.Domain.Enums.ListingType], System.Nullable`1[VietPropEstate.Domain.Enums.PropertyStatus], System.Nullable`1[System.Int32], System.Nullable`1[System.Int32], System.String, System.Nullable`1[System.Decimal], System.Nullable`1[System.Decimal], System.Nullable`1[System.Decimal], System.Nullable`1[System.Decimal], System.Nullable`1[System.Int32], System.Nullable`1[System.Int32], System.Nullable`1[System.Int32], System.Nullable`1[VietPropEstate.Domain.Enums.PropertyDirection], System.Nullable`1[System.Boolean], System.String, System.String, System.Threading.CancellationToken) on controller VietPropEstate.WebAPI.Controllers.PropertiesController (VietPropEstate.WebAPI).
[2026-05-24 10:19:20.305 +07:00 INF] Handling GetPropertiesListQuery {"PageNumber":1,"PageSize":12,"SearchTerm":null,"PropertyTypeId":null,"TransactionTypeId":null,"ListingType":"ForRent","Status":"Active","ProvinceCode":null,"WardCode":null,"ProvinceName":null,"MinPrice":null,"MaxPrice":null,"MinArea":null,"MaxArea":null,"MinBedrooms":null,"MaxBedrooms":null,"Bathrooms":null,"Direction":null,"IsFeatured":null,"AllStatuses":false,"SortBy":"CreatedAt","SortOrder":"Desc","$type":"GetPropertiesListQuery"}
[2026-05-24 10:19:20.329 +07:00 INF] Executed DbCommand (3ms) [Parameters=[@__listingType_Value_0='?' (DbType = Int32), @__status_Value_1='?' (DbType = Int32)], CommandType='"Text"', CommandTimeout='60']
SELECT COUNT(*)
FROM [Properties] AS [p]
WHERE [p].[IsDeleted] = CAST(0 AS bit) AND [p].[ListingType] = @__listingType_Value_0 AND [p].[Status] = @__status_Value_1
[2026-05-24 10:19:20.345 +07:00 INF] Executed DbCommand (12ms) [Parameters=[@__listingType_Value_0='?' (DbType = Int32), @__status_Value_1='?' (DbType = Int32), @__p_2='?' (DbType = Int32), @__p_3='?' (DbType = Int32)], CommandType='"Text"', CommandTimeout='60']
SELECT [p1].[Id], [p1].[AgentId], [p1].[Area], [p1].[CreatedAt], [p1].[CreatedBy], [p1].[DeletedAt], [p1].[DeletedBy], [p1].[Description], [p1].[Direction], [p1].[ExpiresAt], [p1].[FullAddress], [p1].[IsDeleted], [p1].[IsFeatured], [p1].[LastModifiedAt], [p1].[LastModifiedBy], [p1].[Latitude], [p1].[ListingType], [p1].[Longitude], [p1].[NumberOfBathrooms], [p1].[NumberOfBedrooms], [p1].[NumberOfFloors], [p1].[PropertyTypeId], [p1].[ProvinceCode], [p1].[ProvinceName], [p1].[PublishedAt], [p1].[RowVersion], [p1].[Slug], [p1].[Status], [p1].[Title], [p1].[TransactionTypeId], [p1].[VideoUrl], [p1].[ViewCount], [p1].[WardCode], [p1].[WardName], [p1].[AddressCountry], [p1].[AddressDistrict], [p1].[AddressLatitude], [p1].[AddressLongitude], [p1].[AddressProvince], [p1].[Street], [p1].[AddressWard], [p1].[PriceAmount], [p1].[PriceCurrency], [p2].[Id], [p2].[CreatedAt], [p2].[CreatedBy], [p2].[DeletedAt], [p2].[DeletedBy], [p2].[Description], [p2].[IsActive], [p2].[IsDeleted], [p2].[LastModifiedAt], [p2].[LastModifiedBy], [p2].[Name], [p2].[RowVersion], [a0].[Id], [a0].[AgencyName], [a0].[AvatarUrl], [a0].[Bio], [a0].[CreatedAt], [a0].[CreatedBy], [a0].[DeletedAt], [a0].[DeletedBy], [a0].[Email], [a0].[FullName], [a0].[IsActive], [a0].[IsDeleted], [a0].[LastModifiedAt], [a0].[LastModifiedBy], [a0].[LicenseNumber], [a0].[PhoneNumber], [a0].[RowVersion], [a0].[UserId], [t0].[Id], [t0].[CreatedAt], [t0].[CreatedBy], [t0].[DeletedAt], [t0].[DeletedBy], [t0].[Description], [t0].[IsActive], [t0].[IsDeleted], [t0].[LastModifiedAt], [t0].[LastModifiedBy], [t0].[Name], [t0].[RowVersion], [p4].[Id], [p4].[Caption], [p4].[CreatedAt], [p4].[CreatedBy], [p4].[DeletedAt], [p4].[DeletedBy], [p4].[DisplayOrder], [p4].[IsDeleted], [p4].[IsPrimary], [p4].[LastModifiedAt], [p4].[LastModifiedBy], [p4].[PropertyId], [p4].[RowVersion], [p4].[Url]
FROM (
    SELECT [p].[Id], [p].[AgentId], [p].[Area], [p].[CreatedAt], [p].[CreatedBy], [p].[DeletedAt], [p].[DeletedBy], [p].[Description], [p].[Direction], [p].[ExpiresAt], [p].[FullAddress], [p].[IsDeleted], [p].[IsFeatured], [p].[LastModifiedAt], [p].[LastModifiedBy], [p].[Latitude], [p].[ListingType], [p].[Longitude], [p].[NumberOfBathrooms], [p].[NumberOfBedrooms], [p].[NumberOfFloors], [p].[PropertyTypeId], [p].[ProvinceCode], [p].[ProvinceName], [p].[PublishedAt], [p].[RowVersion], [p].[Slug], [p].[Status], [p].[Title], [p].[TransactionTypeId], [p].[VideoUrl], [p].[ViewCount], [p].[WardCode], [p].[WardName], [p].[AddressCountry], [p].[AddressDistrict], [p].[AddressLatitude], [p].[AddressLongitude], [p].[AddressProvince], [p].[Street], [p].[AddressWard], [p].[PriceAmount], [p].[PriceCurrency]
    FROM [Properties] AS [p]
    WHERE [p].[IsDeleted] = CAST(0 AS bit) AND [p].[ListingType] = @__listingType_Value_0 AND [p].[Status] = @__status_Value_1
    ORDER BY [p].[IsFeatured] DESC, [p].[CreatedAt] DESC
    OFFSET @__p_2 ROWS FETCH NEXT @__p_3 ROWS ONLY
) AS [p1]
INNER JOIN (
    SELECT [p0].[Id], [p0].[CreatedAt], [p0].[CreatedBy], [p0].[DeletedAt], [p0].[DeletedBy], [p0].[Description], [p0].[IsActive], [p0].[IsDeleted], [p0].[LastModifiedAt], [p0].[LastModifiedBy], [p0].[Name], [p0].[RowVersion]
    FROM [PropertyTypes] AS [p0]
    WHERE [p0].[IsDeleted] = CAST(0 AS bit)
) AS [p2] ON [p1].[PropertyTypeId] = [p2].[Id]
INNER JOIN (
    SELECT [a].[Id], [a].[AgencyName], [a].[AvatarUrl], [a].[Bio], [a].[CreatedAt], [a].[CreatedBy], [a].[DeletedAt], [a].[DeletedBy], [a].[Email], [a].[FullName], [a].[IsActive], [a].[IsDeleted], [a].[LastModifiedAt], [a].[LastModifiedBy], [a].[LicenseNumber], [a].[PhoneNumber], [a].[RowVersion], [a].[UserId]
    FROM [Agents] AS [a]
    WHERE [a].[IsDeleted] = CAST(0 AS bit)
) AS [a0] ON [p1].[AgentId] = [a0].[Id]
LEFT JOIN (
    SELECT [t].[Id], [t].[CreatedAt], [t].[CreatedBy], [t].[DeletedAt], [t].[DeletedBy], [t].[Description], [t].[IsActive], [t].[IsDeleted], [t].[LastModifiedAt], [t].[LastModifiedBy], [t].[Name], [t].[RowVersion]
    FROM [TransactionTypes] AS [t]
    WHERE [t].[IsDeleted] = CAST(0 AS bit)
) AS [t0] ON [p1].[TransactionTypeId] = [t0].[Id]
LEFT JOIN (
    SELECT [p3].[Id], [p3].[Caption], [p3].[CreatedAt], [p3].[CreatedBy], [p3].[DeletedAt], [p3].[DeletedBy], [p3].[DisplayOrder], [p3].[IsDeleted], [p3].[IsPrimary], [p3].[LastModifiedAt], [p3].[LastModifiedBy], [p3].[PropertyId], [p3].[RowVersion], [p3].[Url]
    FROM [PropertyImages] AS [p3]
    WHERE [p3].[IsDeleted] = CAST(0 AS bit)
) AS [p4] ON [p1].[Id] = [p4].[PropertyId]
ORDER BY [p1].[IsFeatured] DESC, [p1].[CreatedAt] DESC, [p1].[Id], [p2].[Id], [a0].[Id], [t0].[Id]
[2026-05-24 10:19:20.350 +07:00 INF] Handled GetPropertiesListQuery in 45ms
[2026-05-24 10:19:20.353 +07:00 INF] Executing OkObjectResult, writing value of type 'VietPropEstate.Application.Common.Models.PaginatedList`1[[VietPropEstate.Application.Features.Properties.DTOs.PropertyDto, VietPropEstate.Application, Version=1.0.0.0, Culture=neutral, PublicKeyToken=null]]'.
[2026-05-24 10:19:20.355 +07:00 INF] Executed action VietPropEstate.WebAPI.Controllers.PropertiesController.GetList (VietPropEstate.WebAPI) in 51.9487ms
[2026-05-24 10:19:20.357 +07:00 INF] Executed endpoint 'VietPropEstate.WebAPI.Controllers.PropertiesController.GetList (VietPropEstate.WebAPI)'
[2026-05-24 10:19:20.359 +07:00 INF] HTTP GET /api/properties responded 200 in 59.6105 ms
[2026-05-24 10:19:20.362 +07:00 INF] Request finished HTTP/1.1 GET http://localhost:5198/api/properties?pageNumber=1&pageSize=12&listingType=2&status=1&sortBy=CreatedAt&sortOrder=Desc - 200 null application/json; charset=utf-8 67.1559ms
[2026-05-24 10:19:24.290 +07:00 INF] Request starting HTTP/1.1 OPTIONS http://localhost:5198/api/conversations/unread - null null
[2026-05-24 10:19:24.293 +07:00 INF] CORS policy execution successful.
[2026-05-24 10:19:24.294 +07:00 INF] Request finished HTTP/1.1 OPTIONS http://localhost:5198/api/conversations/unread - 204 null null 3.979ms
[2026-05-24 10:19:24.298 +07:00 INF] Request starting HTTP/1.1 GET http://localhost:5198/api/conversations/unread - null null
[2026-05-24 10:19:24.302 +07:00 INF] CORS policy execution successful.
[2026-05-24 10:19:24.304 +07:00 INF] Executing endpoint 'VietPropEstate.WebAPI.Controllers.ConversationsController.GetUnreadCounts (VietPropEstate.WebAPI)'
[2026-05-24 10:19:24.305 +07:00 INF] Route matched with {action = "GetUnreadCounts", controller = "Conversations"}. Executing controller action with signature System.Threading.Tasks.Task`1[Microsoft.AspNetCore.Mvc.IActionResult] GetUnreadCounts(System.Threading.CancellationToken) on controller VietPropEstate.WebAPI.Controllers.ConversationsController (VietPropEstate.WebAPI).
[2026-05-24 10:19:24.306 +07:00 INF] Request starting HTTP/1.1 OPTIONS http://localhost:5198/api/notifications?pageNumber=1&pageSize=20&unreadOnly=false - null null
[2026-05-24 10:19:24.308 +07:00 INF] Handling GetUnreadCountQuery {"UserId":"b0d7f7d4-26e4-447e-8c5b-8702835f658c","$type":"GetUnreadCountQuery"}
[2026-05-24 10:19:24.311 +07:00 INF] Request starting HTTP/1.1 OPTIONS http://localhost:5198/api/properties/my-listings?pageNumber=1&pageSize=10 - null null
[2026-05-24 10:19:24.312 +07:00 INF] CORS policy execution successful.
[2026-05-24 10:19:24.319 +07:00 INF] CORS policy execution successful.
[2026-05-24 10:19:24.320 +07:00 INF] Request finished HTTP/1.1 OPTIONS http://localhost:5198/api/notifications?pageNumber=1&pageSize=20&unreadOnly=false - 204 null null 14.6337ms
[2026-05-24 10:19:24.322 +07:00 INF] Request finished HTTP/1.1 OPTIONS http://localhost:5198/api/properties/my-listings?pageNumber=1&pageSize=10 - 204 null null 11.01ms
[2026-05-24 10:19:24.323 +07:00 INF] Executed DbCommand (7ms) [Parameters=[@__request_UserId_0='?' (Size = 450)], CommandType='"Text"', CommandTimeout='60']
SELECT COALESCE(SUM(CASE
    WHEN [c].[BuyerId] = @__request_UserId_0 THEN [c].[BuyerUnreadCount]
    ELSE [c].[SellerUnreadCount]
END), 0)
FROM [Conversations] AS [c]
WHERE [c].[IsDeleted] = CAST(0 AS bit) AND ([c].[BuyerId] = @__request_UserId_0 OR [c].[SellerId] = @__request_UserId_0) AND [c].[IsDeleted] = CAST(0 AS bit)
[2026-05-24 10:19:24.326 +07:00 INF] Request starting HTTP/1.1 GET http://localhost:5198/api/notifications?pageNumber=1&pageSize=20&unreadOnly=false - null null
[2026-05-24 10:19:24.332 +07:00 INF] Request starting HTTP/1.1 GET http://localhost:5198/api/properties/my-listings?pageNumber=1&pageSize=10 - null null
[2026-05-24 10:19:24.338 +07:00 INF] CORS policy execution successful.
[2026-05-24 10:19:24.340 +07:00 INF] Executed DbCommand (4ms) [Parameters=[@__request_UserId_0='?' (Size = 450)], CommandType='"Text"', CommandTimeout='60']
SELECT COUNT(*)
FROM [Notifications] AS [n]
WHERE [n].[IsDeleted] = CAST(0 AS bit) AND [n].[UserId] = @__request_UserId_0 AND [n].[IsRead] = CAST(0 AS bit) AND [n].[IsDeleted] = CAST(0 AS bit)
[2026-05-24 10:19:24.342 +07:00 INF] CORS policy execution successful.
[2026-05-24 10:19:24.343 +07:00 INF] Executing endpoint 'VietPropEstate.WebAPI.Controllers.NotificationsController.GetNotifications (VietPropEstate.WebAPI)'
[2026-05-24 10:19:24.346 +07:00 INF] Handled GetUnreadCountQuery in 38ms
[2026-05-24 10:19:24.348 +07:00 INF] Executing endpoint 'VietPropEstate.WebAPI.Controllers.PropertiesController.GetMyListings (VietPropEstate.WebAPI)'
[2026-05-24 10:19:24.349 +07:00 INF] Route matched with {action = "GetNotifications", controller = "Notifications"}. Executing controller action with signature System.Threading.Tasks.Task`1[Microsoft.AspNetCore.Mvc.IActionResult] GetNotifications(Int32, Int32, Boolean, System.Threading.CancellationToken) on controller VietPropEstate.WebAPI.Controllers.NotificationsController (VietPropEstate.WebAPI).
[2026-05-24 10:19:24.350 +07:00 INF] Executing OkObjectResult, writing value of type 'VietPropEstate.Application.Features.Chat.Queries.GetUnreadCount.UnreadCountResult'.
[2026-05-24 10:19:24.352 +07:00 INF] Route matched with {action = "GetMyListings", controller = "Properties"}. Executing controller action with signature System.Threading.Tasks.Task`1[Microsoft.AspNetCore.Mvc.IActionResult] GetMyListings(Int32, Int32, System.Nullable`1[VietPropEstate.Domain.Enums.PropertyStatus], System.Threading.CancellationToken) on controller VietPropEstate.WebAPI.Controllers.PropertiesController (VietPropEstate.WebAPI).
[2026-05-24 10:19:24.356 +07:00 INF] Handling GetUserNotificationsQuery {"UserId":"b0d7f7d4-26e4-447e-8c5b-8702835f658c","PageNumber":1,"PageSize":20,"UnreadOnly":false,"$type":"GetUserNotificationsQuery"}
[2026-05-24 10:19:24.357 +07:00 INF] Executed action VietPropEstate.WebAPI.Controllers.ConversationsController.GetUnreadCounts (VietPropEstate.WebAPI) in 49.0161ms
[2026-05-24 10:19:24.361 +07:00 INF] Handling GetMyPropertiesQuery {"PageNumber":1,"PageSize":10,"Status":null,"$type":"GetMyPropertiesQuery"}
[2026-05-24 10:19:24.368 +07:00 INF] Executed endpoint 'VietPropEstate.WebAPI.Controllers.ConversationsController.GetUnreadCounts (VietPropEstate.WebAPI)'
[2026-05-24 10:19:24.370 +07:00 INF] Executed DbCommand (2ms) [Parameters=[@__request_UserId_0='?' (Size = 450)], CommandType='"Text"', CommandTimeout='60']
SELECT COUNT(*)
FROM [Notifications] AS [n]
WHERE [n].[IsDeleted] = CAST(0 AS bit) AND [n].[UserId] = @__request_UserId_0 AND [n].[IsDeleted] = CAST(0 AS bit)
[2026-05-24 10:19:24.375 +07:00 INF] HTTP GET /api/conversations/unread responded 200 in 71.1588 ms
[2026-05-24 10:19:24.377 +07:00 INF] Executed DbCommand (2ms) [Parameters=[@___currentUser_UserId_0='?' (Size = 450)], CommandType='"Text"', CommandTimeout='60']
SELECT TOP(1) [a].[Id], [a].[AgencyName], [a].[AvatarUrl], [a].[Bio], [a].[CreatedAt], [a].[CreatedBy], [a].[DeletedAt], [a].[DeletedBy], [a].[Email], [a].[FullName], [a].[IsActive], [a].[IsDeleted], [a].[LastModifiedAt], [a].[LastModifiedBy], [a].[LicenseNumber], [a].[PhoneNumber], [a].[RowVersion], [a].[UserId]
FROM [Agents] AS [a]
WHERE [a].[IsDeleted] = CAST(0 AS bit) AND [a].[UserId] = @___currentUser_UserId_0 AND [a].[IsActive] = CAST(1 AS bit) AND [a].[IsDeleted] = CAST(0 AS bit)
[2026-05-24 10:19:24.380 +07:00 INF] Request finished HTTP/1.1 GET http://localhost:5198/api/conversations/unread - 200 null application/json; charset=utf-8 82.0168ms
[2026-05-24 10:19:24.382 +07:00 INF] Executed DbCommand (3ms) [Parameters=[@__request_UserId_0='?' (Size = 450), @__p_1='?' (DbType = Int32), @__p_2='?' (DbType = Int32)], CommandType='"Text"', CommandTimeout='60']
SELECT [n].[Id], [n].[UserId], [n].[Title], [n].[Content], [n].[Type], [n].[IsRead], [n].[ReadAt], [n].[ReferenceId], [n].[ActionUrl], [n].[CreatedAt]
FROM [Notifications] AS [n]
WHERE [n].[IsDeleted] = CAST(0 AS bit) AND [n].[UserId] = @__request_UserId_0 AND [n].[IsDeleted] = CAST(0 AS bit)
ORDER BY [n].[CreatedAt] DESC
OFFSET @__p_1 ROWS FETCH NEXT @__p_2 ROWS ONLY
[2026-05-24 10:19:24.386 +07:00 INF] Executed DbCommand (2ms) [Parameters=[@__agentId_0='?' (DbType = Guid)], CommandType='"Text"', CommandTimeout='60']
SELECT COUNT(*)
FROM [Properties] AS [p]
WHERE [p].[IsDeleted] = CAST(0 AS bit) AND [p].[AgentId] = @__agentId_0
[2026-05-24 10:19:24.391 +07:00 INF] Handled GetUserNotificationsQuery in 36ms
[2026-05-24 10:19:24.396 +07:00 INF] Executing OkObjectResult, writing value of type 'VietPropEstate.Application.Common.Models.PaginatedList`1[[VietPropEstate.Application.Features.Notifications.DTOs.NotificationDto, VietPropEstate.Application, Version=1.0.0.0, Culture=neutral, PublicKeyToken=null]]'.
[2026-05-24 10:19:24.399 +07:00 INF] Executed action VietPropEstate.WebAPI.Controllers.NotificationsController.GetNotifications (VietPropEstate.WebAPI) in 43.7858ms
[2026-05-24 10:19:24.401 +07:00 INF] Executed endpoint 'VietPropEstate.WebAPI.Controllers.NotificationsController.GetNotifications (VietPropEstate.WebAPI)'
[2026-05-24 10:19:24.402 +07:00 INF] HTTP GET /api/notifications responded 200 in 59.2693 ms
[2026-05-24 10:19:24.405 +07:00 INF] Request finished HTTP/1.1 GET http://localhost:5198/api/notifications?pageNumber=1&pageSize=20&unreadOnly=false - 200 null application/json; charset=utf-8 78.7342ms
[2026-05-24 10:19:24.407 +07:00 INF] Executed DbCommand (12ms) [Parameters=[@__agentId_0='?' (DbType = Guid), @__p_1='?' (DbType = Int32), @__p_2='?' (DbType = Int32)], CommandType='"Text"', CommandTimeout='60']
SELECT [p1].[Id], [p1].[AgentId], [p1].[Area], [p1].[CreatedAt], [p1].[CreatedBy], [p1].[DeletedAt], [p1].[DeletedBy], [p1].[Description], [p1].[Direction], [p1].[ExpiresAt], [p1].[FullAddress], [p1].[IsDeleted], [p1].[IsFeatured], [p1].[LastModifiedAt], [p1].[LastModifiedBy], [p1].[Latitude], [p1].[ListingType], [p1].[Longitude], [p1].[NumberOfBathrooms], [p1].[NumberOfBedrooms], [p1].[NumberOfFloors], [p1].[PropertyTypeId], [p1].[ProvinceCode], [p1].[ProvinceName], [p1].[PublishedAt], [p1].[RowVersion], [p1].[Slug], [p1].[Status], [p1].[Title], [p1].[TransactionTypeId], [p1].[VideoUrl], [p1].[ViewCount], [p1].[WardCode], [p1].[WardName], [p1].[AddressCountry], [p1].[AddressDistrict], [p1].[AddressLatitude], [p1].[AddressLongitude], [p1].[AddressProvince], [p1].[Street], [p1].[AddressWard], [p1].[PriceAmount], [p1].[PriceCurrency], [p2].[Id], [p2].[CreatedAt], [p2].[CreatedBy], [p2].[DeletedAt], [p2].[DeletedBy], [p2].[Description], [p2].[IsActive], [p2].[IsDeleted], [p2].[LastModifiedAt], [p2].[LastModifiedBy], [p2].[Name], [p2].[RowVersion], [a0].[Id], [a0].[AgencyName], [a0].[AvatarUrl], [a0].[Bio], [a0].[CreatedAt], [a0].[CreatedBy], [a0].[DeletedAt], [a0].[DeletedBy], [a0].[Email], [a0].[FullName], [a0].[IsActive], [a0].[IsDeleted], [a0].[LastModifiedAt], [a0].[LastModifiedBy], [a0].[LicenseNumber], [a0].[PhoneNumber], [a0].[RowVersion], [a0].[UserId], [t0].[Id], [t0].[CreatedAt], [t0].[CreatedBy], [t0].[DeletedAt], [t0].[DeletedBy], [t0].[Description], [t0].[IsActive], [t0].[IsDeleted], [t0].[LastModifiedAt], [t0].[LastModifiedBy], [t0].[Name], [t0].[RowVersion], [p4].[Id], [p4].[Caption], [p4].[CreatedAt], [p4].[CreatedBy], [p4].[DeletedAt], [p4].[DeletedBy], [p4].[DisplayOrder], [p4].[IsDeleted], [p4].[IsPrimary], [p4].[LastModifiedAt], [p4].[LastModifiedBy], [p4].[PropertyId], [p4].[RowVersion], [p4].[Url]
FROM (
    SELECT [p].[Id], [p].[AgentId], [p].[Area], [p].[CreatedAt], [p].[CreatedBy], [p].[DeletedAt], [p].[DeletedBy], [p].[Description], [p].[Direction], [p].[ExpiresAt], [p].[FullAddress], [p].[IsDeleted], [p].[IsFeatured], [p].[LastModifiedAt], [p].[LastModifiedBy], [p].[Latitude], [p].[ListingType], [p].[Longitude], [p].[NumberOfBathrooms], [p].[NumberOfBedrooms], [p].[NumberOfFloors], [p].[PropertyTypeId], [p].[ProvinceCode], [p].[ProvinceName], [p].[PublishedAt], [p].[RowVersion], [p].[Slug], [p].[Status], [p].[Title], [p].[TransactionTypeId], [p].[VideoUrl], [p].[ViewCount], [p].[WardCode], [p].[WardName], [p].[AddressCountry], [p].[AddressDistrict], [p].[AddressLatitude], [p].[AddressLongitude], [p].[AddressProvince], [p].[Street], [p].[AddressWard], [p].[PriceAmount], [p].[PriceCurrency]
    FROM [Properties] AS [p]
    WHERE [p].[IsDeleted] = CAST(0 AS bit) AND [p].[AgentId] = @__agentId_0
    ORDER BY [p].[CreatedAt] DESC
    OFFSET @__p_1 ROWS FETCH NEXT @__p_2 ROWS ONLY
) AS [p1]
INNER JOIN (
    SELECT [p0].[Id], [p0].[CreatedAt], [p0].[CreatedBy], [p0].[DeletedAt], [p0].[DeletedBy], [p0].[Description], [p0].[IsActive], [p0].[IsDeleted], [p0].[LastModifiedAt], [p0].[LastModifiedBy], [p0].[Name], [p0].[RowVersion]
    FROM [PropertyTypes] AS [p0]
    WHERE [p0].[IsDeleted] = CAST(0 AS bit)
) AS [p2] ON [p1].[PropertyTypeId] = [p2].[Id]
INNER JOIN (
    SELECT [a].[Id], [a].[AgencyName], [a].[AvatarUrl], [a].[Bio], [a].[CreatedAt], [a].[CreatedBy], [a].[DeletedAt], [a].[DeletedBy], [a].[Email], [a].[FullName], [a].[IsActive], [a].[IsDeleted], [a].[LastModifiedAt], [a].[LastModifiedBy], [a].[LicenseNumber], [a].[PhoneNumber], [a].[RowVersion], [a].[UserId]
    FROM [Agents] AS [a]
    WHERE [a].[IsDeleted] = CAST(0 AS bit)
) AS [a0] ON [p1].[AgentId] = [a0].[Id]
LEFT JOIN (
    SELECT [t].[Id], [t].[CreatedAt], [t].[CreatedBy], [t].[DeletedAt], [t].[DeletedBy], [t].[Description], [t].[IsActive], [t].[IsDeleted], [t].[LastModifiedAt], [t].[LastModifiedBy], [t].[Name], [t].[RowVersion]
    FROM [TransactionTypes] AS [t]
    WHERE [t].[IsDeleted] = CAST(0 AS bit)
) AS [t0] ON [p1].[TransactionTypeId] = [t0].[Id]
LEFT JOIN (
    SELECT [p3].[Id], [p3].[Caption], [p3].[CreatedAt], [p3].[CreatedBy], [p3].[DeletedAt], [p3].[DeletedBy], [p3].[DisplayOrder], [p3].[IsDeleted], [p3].[IsPrimary], [p3].[LastModifiedAt], [p3].[LastModifiedBy], [p3].[PropertyId], [p3].[RowVersion], [p3].[Url]
    FROM [PropertyImages] AS [p3]
    WHERE [p3].[IsDeleted] = CAST(0 AS bit)
) AS [p4] ON [p1].[Id] = [p4].[PropertyId]
ORDER BY [p1].[CreatedAt] DESC, [p1].[Id], [p2].[Id], [a0].[Id], [t0].[Id]
[2026-05-24 10:19:24.415 +07:00 INF] Handled GetMyPropertiesQuery in 54ms
[2026-05-24 10:19:24.416 +07:00 INF] Executing OkObjectResult, writing value of type 'VietPropEstate.Application.Common.Models.PaginatedList`1[[VietPropEstate.Application.Features.Properties.DTOs.PropertyDto, VietPropEstate.Application, Version=1.0.0.0, Culture=neutral, PublicKeyToken=null]]'.
[2026-05-24 10:19:24.419 +07:00 INF] Executed action VietPropEstate.WebAPI.Controllers.PropertiesController.GetMyListings (VietPropEstate.WebAPI) in 58.9091ms
[2026-05-24 10:19:24.420 +07:00 INF] Executed endpoint 'VietPropEstate.WebAPI.Controllers.PropertiesController.GetMyListings (VietPropEstate.WebAPI)'
[2026-05-24 10:19:24.422 +07:00 INF] HTTP GET /api/properties/my-listings responded 200 in 74.5195 ms
[2026-05-24 10:19:24.425 +07:00 INF] Request finished HTTP/1.1 GET http://localhost:5198/api/properties/my-listings?pageNumber=1&pageSize=10 - 200 null application/json; charset=utf-8 93.5036ms
[2026-05-24 10:19:34.239 +07:00 INF] Request starting HTTP/1.1 OPTIONS http://localhost:5198/api/notifications?pageNumber=1&pageSize=20&unreadOnly=false - null null
[2026-05-24 10:19:34.243 +07:00 INF] CORS policy execution successful.
[2026-05-24 10:19:34.244 +07:00 INF] Request finished HTTP/1.1 OPTIONS http://localhost:5198/api/notifications?pageNumber=1&pageSize=20&unreadOnly=false - 204 null null 4.5505ms
[2026-05-24 10:19:34.249 +07:00 INF] Request starting HTTP/1.1 GET http://localhost:5198/api/notifications?pageNumber=1&pageSize=20&unreadOnly=false - null null
[2026-05-24 10:19:34.251 +07:00 INF] CORS policy execution successful.
[2026-05-24 10:19:34.253 +07:00 INF] Executing endpoint 'VietPropEstate.WebAPI.Controllers.NotificationsController.GetNotifications (VietPropEstate.WebAPI)'
[2026-05-24 10:19:34.255 +07:00 INF] Route matched with {action = "GetNotifications", controller = "Notifications"}. Executing controller action with signature System.Threading.Tasks.Task`1[Microsoft.AspNetCore.Mvc.IActionResult] GetNotifications(Int32, Int32, Boolean, System.Threading.CancellationToken) on controller VietPropEstate.WebAPI.Controllers.NotificationsController (VietPropEstate.WebAPI).
[2026-05-24 10:19:34.257 +07:00 INF] Handling GetUserNotificationsQuery {"UserId":"b0d7f7d4-26e4-447e-8c5b-8702835f658c","PageNumber":1,"PageSize":20,"UnreadOnly":false,"$type":"GetUserNotificationsQuery"}
[2026-05-24 10:19:34.266 +07:00 INF] Executed DbCommand (0ms) [Parameters=[@__request_UserId_0='?' (Size = 450)], CommandType='"Text"', CommandTimeout='60']
SELECT COUNT(*)
FROM [Notifications] AS [n]
WHERE [n].[IsDeleted] = CAST(0 AS bit) AND [n].[UserId] = @__request_UserId_0 AND [n].[IsDeleted] = CAST(0 AS bit)
[2026-05-24 10:19:34.270 +07:00 INF] Executed DbCommand (0ms) [Parameters=[@__request_UserId_0='?' (Size = 450), @__p_1='?' (DbType = Int32), @__p_2='?' (DbType = Int32)], CommandType='"Text"', CommandTimeout='60']
SELECT [n].[Id], [n].[UserId], [n].[Title], [n].[Content], [n].[Type], [n].[IsRead], [n].[ReadAt], [n].[ReferenceId], [n].[ActionUrl], [n].[CreatedAt]
FROM [Notifications] AS [n]
WHERE [n].[IsDeleted] = CAST(0 AS bit) AND [n].[UserId] = @__request_UserId_0 AND [n].[IsDeleted] = CAST(0 AS bit)
ORDER BY [n].[CreatedAt] DESC
OFFSET @__p_1 ROWS FETCH NEXT @__p_2 ROWS ONLY
[2026-05-24 10:19:34.274 +07:00 INF] Handled GetUserNotificationsQuery in 16ms
[2026-05-24 10:19:34.276 +07:00 INF] Executing OkObjectResult, writing value of type 'VietPropEstate.Application.Common.Models.PaginatedList`1[[VietPropEstate.Application.Features.Notifications.DTOs.NotificationDto, VietPropEstate.Application, Version=1.0.0.0, Culture=neutral, PublicKeyToken=null]]'.
[2026-05-24 10:19:34.278 +07:00 INF] Executed action VietPropEstate.WebAPI.Controllers.NotificationsController.GetNotifications (VietPropEstate.WebAPI) in 21.2965ms
[2026-05-24 10:19:34.281 +07:00 INF] Executed endpoint 'VietPropEstate.WebAPI.Controllers.NotificationsController.GetNotifications (VietPropEstate.WebAPI)'
[2026-05-24 10:19:34.282 +07:00 INF] HTTP GET /api/notifications responded 200 in 29.7136 ms
[2026-05-24 10:19:34.285 +07:00 INF] Request finished HTTP/1.1 GET http://localhost:5198/api/notifications?pageNumber=1&pageSize=20&unreadOnly=false - 200 null application/json; charset=utf-8 36.3606ms
[2026-05-24 10:19:40.568 +07:00 INF] Request starting HTTP/1.1 OPTIONS http://localhost:5198/api/auth/me - null null
[2026-05-24 10:19:40.571 +07:00 INF] CORS policy execution successful.
[2026-05-24 10:19:40.573 +07:00 INF] Request finished HTTP/1.1 OPTIONS http://localhost:5198/api/auth/me - 204 null null 4.3595ms
[2026-05-24 10:19:40.576 +07:00 INF] Request starting HTTP/1.1 GET http://localhost:5198/api/auth/me - null null
[2026-05-24 10:19:40.580 +07:00 INF] CORS policy execution successful.
[2026-05-24 10:19:40.582 +07:00 INF] Executing endpoint 'VietPropEstate.WebAPI.Controllers.AuthController.GetProfile (VietPropEstate.WebAPI)'
[2026-05-24 10:19:40.588 +07:00 INF] Route matched with {action = "GetProfile", controller = "Auth"}. Executing controller action with signature System.Threading.Tasks.Task`1[Microsoft.AspNetCore.Mvc.IActionResult] GetProfile(System.Threading.CancellationToken) on controller VietPropEstate.WebAPI.Controllers.AuthController (VietPropEstate.WebAPI).
[2026-05-24 10:19:40.598 +07:00 INF] Executed DbCommand (3ms) [Parameters=[@__p_0='?' (Size = 450)], CommandType='"Text"', CommandTimeout='60']
SELECT TOP(1) [a].[Id], [a].[AccessFailedCount], [a].[AddressLine], [a].[AvatarUrl], [a].[ConcurrencyStamp], [a].[CreatedAt], [a].[Email], [a].[EmailConfirmed], [a].[FirstName], [a].[IsActive], [a].[LastLoginAt], [a].[LastName], [a].[LockoutEnabled], [a].[LockoutEnd], [a].[NormalizedEmail], [a].[NormalizedUserName], [a].[PasswordHash], [a].[PhoneNumber], [a].[PhoneNumberConfirmed], [a].[ProvinceCode], [a].[ProvinceName], [a].[SecurityStamp], [a].[TwoFactorEnabled], [a].[UserName], [a].[WardCode], [a].[WardName]
FROM [AspNetUsers] AS [a]
WHERE [a].[Id] = @__p_0
[2026-05-24 10:19:40.606 +07:00 INF] Executed DbCommand (3ms) [Parameters=[@__userId_0='?' (Size = 450)], CommandType='"Text"', CommandTimeout='60']
SELECT [a0].[Name]
FROM [AspNetUserRoles] AS [a]
INNER JOIN [AspNetRoles] AS [a0] ON [a].[RoleId] = [a0].[Id]
WHERE [a].[UserId] = @__userId_0
[2026-05-24 10:19:40.610 +07:00 INF] Executing OkObjectResult, writing value of type 'VietPropEstate.Application.Features.Auth.DTOs.UserProfileDto'.
[2026-05-24 10:19:40.616 +07:00 INF] Executed action VietPropEstate.WebAPI.Controllers.AuthController.GetProfile (VietPropEstate.WebAPI) in 24.2916ms
[2026-05-24 10:19:40.617 +07:00 INF] Executed endpoint 'VietPropEstate.WebAPI.Controllers.AuthController.GetProfile (VietPropEstate.WebAPI)'
[2026-05-24 10:19:40.619 +07:00 INF] HTTP GET /api/auth/me responded 200 in 37.2306 ms
[2026-05-24 10:19:40.621 +07:00 INF] Request finished HTTP/1.1 GET http://localhost:5198/api/auth/me - 200 null application/json; charset=utf-8 44.4713ms
[2026-05-24 10:21:56.598 +07:00 INF] Request starting HTTP/1.1 OPTIONS http://localhost:5198/api/vip-packages - null null
[2026-05-24 10:21:56.601 +07:00 INF] CORS policy execution successful.
[2026-05-24 10:21:56.601 +07:00 INF] Request starting HTTP/1.1 OPTIONS http://localhost:5198/api/notifications?pageNumber=1&pageSize=20&unreadOnly=false - null null
[2026-05-24 10:21:56.602 +07:00 INF] Request finished HTTP/1.1 OPTIONS http://localhost:5198/api/vip-packages - 204 null null 4.6691ms
[2026-05-24 10:21:56.606 +07:00 INF] CORS policy execution successful.
[2026-05-24 10:21:56.609 +07:00 INF] Request starting HTTP/1.1 GET http://localhost:5198/api/vip-packages - null null
[2026-05-24 10:21:56.610 +07:00 INF] Request finished HTTP/1.1 OPTIONS http://localhost:5198/api/notifications?pageNumber=1&pageSize=20&unreadOnly=false - 204 null null 8.9552ms
[2026-05-24 10:21:56.614 +07:00 INF] CORS policy execution successful.
[2026-05-24 10:21:56.618 +07:00 INF] Request starting HTTP/1.1 GET http://localhost:5198/api/notifications?pageNumber=1&pageSize=20&unreadOnly=false - null null
[2026-05-24 10:21:56.620 +07:00 INF] HTTP GET /api/vip-packages responded 404 in 0.6709 ms
[2026-05-24 10:21:56.623 +07:00 INF] CORS policy execution successful.
[2026-05-24 10:21:56.625 +07:00 INF] Request finished HTTP/1.1 GET http://localhost:5198/api/vip-packages - 404 0 null 16.1381ms
[2026-05-24 10:21:56.627 +07:00 INF] Executing endpoint 'VietPropEstate.WebAPI.Controllers.NotificationsController.GetNotifications (VietPropEstate.WebAPI)'
[2026-05-24 10:21:56.631 +07:00 INF] Request reached the end of the middleware pipeline without being handled by application code. Request path: GET http://localhost:5198/api/vip-packages, Response status code: 404
[2026-05-24 10:21:56.633 +07:00 INF] Route matched with {action = "GetNotifications", controller = "Notifications"}. Executing controller action with signature System.Threading.Tasks.Task`1[Microsoft.AspNetCore.Mvc.IActionResult] GetNotifications(Int32, Int32, Boolean, System.Threading.CancellationToken) on controller VietPropEstate.WebAPI.Controllers.NotificationsController (VietPropEstate.WebAPI).
[2026-05-24 10:21:56.639 +07:00 INF] Handling GetUserNotificationsQuery {"UserId":"b0d7f7d4-26e4-447e-8c5b-8702835f658c","PageNumber":1,"PageSize":20,"UnreadOnly":false,"$type":"GetUserNotificationsQuery"}
[2026-05-24 10:21:56.648 +07:00 INF] Executed DbCommand (2ms) [Parameters=[@__request_UserId_0='?' (Size = 450)], CommandType='"Text"', CommandTimeout='60']
SELECT COUNT(*)
FROM [Notifications] AS [n]
WHERE [n].[IsDeleted] = CAST(0 AS bit) AND [n].[UserId] = @__request_UserId_0 AND [n].[IsDeleted] = CAST(0 AS bit)
[2026-05-24 10:21:56.654 +07:00 INF] Executed DbCommand (2ms) [Parameters=[@__request_UserId_0='?' (Size = 450), @__p_1='?' (DbType = Int32), @__p_2='?' (DbType = Int32)], CommandType='"Text"', CommandTimeout='60']
SELECT [n].[Id], [n].[UserId], [n].[Title], [n].[Content], [n].[Type], [n].[IsRead], [n].[ReadAt], [n].[ReferenceId], [n].[ActionUrl], [n].[CreatedAt]
FROM [Notifications] AS [n]
WHERE [n].[IsDeleted] = CAST(0 AS bit) AND [n].[UserId] = @__request_UserId_0 AND [n].[IsDeleted] = CAST(0 AS bit)
ORDER BY [n].[CreatedAt] DESC
OFFSET @__p_1 ROWS FETCH NEXT @__p_2 ROWS ONLY
[2026-05-24 10:21:56.657 +07:00 INF] Handled GetUserNotificationsQuery in 18ms
[2026-05-24 10:21:56.660 +07:00 INF] Executing OkObjectResult, writing value of type 'VietPropEstate.Application.Common.Models.PaginatedList`1[[VietPropEstate.Application.Features.Notifications.DTOs.NotificationDto, VietPropEstate.Application, Version=1.0.0.0, Culture=neutral, PublicKeyToken=null]]'.
[2026-05-24 10:21:56.661 +07:00 INF] Executed action VietPropEstate.WebAPI.Controllers.NotificationsController.GetNotifications (VietPropEstate.WebAPI) in 22.5722ms
[2026-05-24 10:21:56.664 +07:00 INF] Executed endpoint 'VietPropEstate.WebAPI.Controllers.NotificationsController.GetNotifications (VietPropEstate.WebAPI)'
[2026-05-24 10:21:56.665 +07:00 INF] HTTP GET /api/notifications responded 200 in 38.7003 ms
[2026-05-24 10:21:56.668 +07:00 INF] Request finished HTTP/1.1 GET http://localhost:5198/api/notifications?pageNumber=1&pageSize=20&unreadOnly=false - 200 null application/json; charset=utf-8 50.0711ms
[2026-05-24 10:24:00.905 +07:00 INF] Request starting HTTP/1.1 OPTIONS http://localhost:5198/api/conversations/unread - null null
[2026-05-24 10:24:00.908 +07:00 INF] CORS policy execution successful.
[2026-05-24 10:24:00.909 +07:00 INF] Request starting HTTP/1.1 OPTIONS http://localhost:5198/api/notifications?pageNumber=1&pageSize=20&unreadOnly=false - null null
[2026-05-24 10:24:00.910 +07:00 INF] Request finished HTTP/1.1 OPTIONS http://localhost:5198/api/conversations/unread - 204 null null 4.7855ms
[2026-05-24 10:24:00.914 +07:00 INF] CORS policy execution successful.
[2026-05-24 10:24:00.914 +07:00 INF] Request starting HTTP/1.1 OPTIONS http://localhost:5198/api/propertytypes - null null
[2026-05-24 10:24:00.918 +07:00 INF] Request starting HTTP/1.1 GET http://localhost:5198/api/conversations/unread - null null
[2026-05-24 10:24:00.919 +07:00 INF] Request finished HTTP/1.1 OPTIONS http://localhost:5198/api/notifications?pageNumber=1&pageSize=20&unreadOnly=false - 204 null null 10.1125ms
[2026-05-24 10:24:00.921 +07:00 INF] CORS policy execution successful.
[2026-05-24 10:24:00.925 +07:00 INF] CORS policy execution successful.
[2026-05-24 10:24:00.929 +07:00 INF] Request starting HTTP/1.1 GET http://localhost:5198/api/notifications?pageNumber=1&pageSize=20&unreadOnly=false - null null
[2026-05-24 10:24:00.930 +07:00 INF] Request finished HTTP/1.1 OPTIONS http://localhost:5198/api/propertytypes - 204 null null 15.9474ms
[2026-05-24 10:24:00.932 +07:00 INF] Executing endpoint 'VietPropEstate.WebAPI.Controllers.ConversationsController.GetUnreadCounts (VietPropEstate.WebAPI)'
[2026-05-24 10:24:00.935 +07:00 INF] CORS policy execution successful.
[2026-05-24 10:24:00.940 +07:00 INF] Request starting HTTP/1.1 GET http://localhost:5198/api/propertytypes - null null
[2026-05-24 10:24:00.941 +07:00 INF] Route matched with {action = "GetUnreadCounts", controller = "Conversations"}. Executing controller action with signature System.Threading.Tasks.Task`1[Microsoft.AspNetCore.Mvc.IActionResult] GetUnreadCounts(System.Threading.CancellationToken) on controller VietPropEstate.WebAPI.Controllers.ConversationsController (VietPropEstate.WebAPI).
[2026-05-24 10:24:00.943 +07:00 INF] Executing endpoint 'VietPropEstate.WebAPI.Controllers.NotificationsController.GetNotifications (VietPropEstate.WebAPI)'
[2026-05-24 10:24:00.946 +07:00 INF] CORS policy execution successful.
[2026-05-24 10:24:00.949 +07:00 INF] Handling GetUnreadCountQuery {"UserId":"b0d7f7d4-26e4-447e-8c5b-8702835f658c","$type":"GetUnreadCountQuery"}
[2026-05-24 10:24:00.950 +07:00 INF] Route matched with {action = "GetNotifications", controller = "Notifications"}. Executing controller action with signature System.Threading.Tasks.Task`1[Microsoft.AspNetCore.Mvc.IActionResult] GetNotifications(Int32, Int32, Boolean, System.Threading.CancellationToken) on controller VietPropEstate.WebAPI.Controllers.NotificationsController (VietPropEstate.WebAPI).
[2026-05-24 10:24:00.952 +07:00 INF] Executing endpoint 'VietPropEstate.WebAPI.Controllers.PropertyTypesController.GetPropertyTypes (VietPropEstate.WebAPI)'
[2026-05-24 10:24:00.958 +07:00 INF] Handling GetUserNotificationsQuery {"UserId":"b0d7f7d4-26e4-447e-8c5b-8702835f658c","PageNumber":1,"PageSize":20,"UnreadOnly":false,"$type":"GetUserNotificationsQuery"}
[2026-05-24 10:24:00.959 +07:00 INF] Executed DbCommand (3ms) [Parameters=[@__request_UserId_0='?' (Size = 450)], CommandType='"Text"', CommandTimeout='60']
SELECT COALESCE(SUM(CASE
    WHEN [c].[BuyerId] = @__request_UserId_0 THEN [c].[BuyerUnreadCount]
    ELSE [c].[SellerUnreadCount]
END), 0)
FROM [Conversations] AS [c]
WHERE [c].[IsDeleted] = CAST(0 AS bit) AND ([c].[BuyerId] = @__request_UserId_0 OR [c].[SellerId] = @__request_UserId_0) AND [c].[IsDeleted] = CAST(0 AS bit)
[2026-05-24 10:24:00.963 +07:00 INF] Route matched with {action = "GetPropertyTypes", controller = "PropertyTypes"}. Executing controller action with signature System.Threading.Tasks.Task`1[Microsoft.AspNetCore.Mvc.IActionResult] GetPropertyTypes(System.Threading.CancellationToken) on controller VietPropEstate.WebAPI.Controllers.PropertyTypesController (VietPropEstate.WebAPI).
[2026-05-24 10:24:00.969 +07:00 INF] Executed DbCommand (2ms) [Parameters=[@__request_UserId_0='?' (Size = 450)], CommandType='"Text"', CommandTimeout='60']
SELECT COUNT(*)
FROM [Notifications] AS [n]
WHERE [n].[IsDeleted] = CAST(0 AS bit) AND [n].[UserId] = @__request_UserId_0 AND [n].[IsDeleted] = CAST(0 AS bit)
[2026-05-24 10:24:00.972 +07:00 INF] Executed DbCommand (3ms) [Parameters=[@__request_UserId_0='?' (Size = 450)], CommandType='"Text"', CommandTimeout='60']
SELECT COUNT(*)
FROM [Notifications] AS [n]
WHERE [n].[IsDeleted] = CAST(0 AS bit) AND [n].[UserId] = @__request_UserId_0 AND [n].[IsRead] = CAST(0 AS bit) AND [n].[IsDeleted] = CAST(0 AS bit)
[2026-05-24 10:24:00.974 +07:00 INF] Handling GetPropertyTypesQuery {"$type":"GetPropertyTypesQuery"}
[2026-05-24 10:24:00.977 +07:00 INF] Handled GetUnreadCountQuery in 27ms
[2026-05-24 10:24:00.977 +07:00 INF] Executed DbCommand (2ms) [Parameters=[@__request_UserId_0='?' (Size = 450), @__p_1='?' (DbType = Int32), @__p_2='?' (DbType = Int32)], CommandType='"Text"', CommandTimeout='60']
SELECT [n].[Id], [n].[UserId], [n].[Title], [n].[Content], [n].[Type], [n].[IsRead], [n].[ReadAt], [n].[ReferenceId], [n].[ActionUrl], [n].[CreatedAt]
FROM [Notifications] AS [n]
WHERE [n].[IsDeleted] = CAST(0 AS bit) AND [n].[UserId] = @__request_UserId_0 AND [n].[IsDeleted] = CAST(0 AS bit)
ORDER BY [n].[CreatedAt] DESC
OFFSET @__p_1 ROWS FETCH NEXT @__p_2 ROWS ONLY
[2026-05-24 10:24:00.981 +07:00 INF] Executing OkObjectResult, writing value of type 'VietPropEstate.Application.Features.Chat.Queries.GetUnreadCount.UnreadCountResult'.
[2026-05-24 10:24:00.985 +07:00 INF] Handled GetUserNotificationsQuery in 26ms
[2026-05-24 10:24:00.987 +07:00 INF] Executed action VietPropEstate.WebAPI.Controllers.ConversationsController.GetUnreadCounts (VietPropEstate.WebAPI) in 38.0855ms
[2026-05-24 10:24:00.989 +07:00 INF] Executing OkObjectResult, writing value of type 'VietPropEstate.Application.Common.Models.PaginatedList`1[[VietPropEstate.Application.Features.Notifications.DTOs.NotificationDto, VietPropEstate.Application, Version=1.0.0.0, Culture=neutral, PublicKeyToken=null]]'.
[2026-05-24 10:24:00.991 +07:00 INF] Executed endpoint 'VietPropEstate.WebAPI.Controllers.ConversationsController.GetUnreadCounts (VietPropEstate.WebAPI)'
[2026-05-24 10:24:00.993 +07:00 INF] Executed action VietPropEstate.WebAPI.Controllers.NotificationsController.GetNotifications (VietPropEstate.WebAPI) in 35.3424ms
[2026-05-24 10:24:00.994 +07:00 INF] HTTP GET /api/conversations/unread responded 200 in 62.9444 ms
[2026-05-24 10:24:00.997 +07:00 INF] Executed endpoint 'VietPropEstate.WebAPI.Controllers.NotificationsController.GetNotifications (VietPropEstate.WebAPI)'
[2026-05-24 10:24:00.999 +07:00 INF] Request finished HTTP/1.1 GET http://localhost:5198/api/conversations/unread - 200 null application/json; charset=utf-8 81.7113ms
[2026-05-24 10:24:01.001 +07:00 INF] HTTP GET /api/notifications responded 200 in 58.3860 ms
[2026-05-24 10:24:01.003 +07:00 INF] Executed DbCommand (2ms) [Parameters=[], CommandType='"Text"', CommandTimeout='60']
SELECT [p].[Id], [p].[CreatedAt], [p].[CreatedBy], [p].[DeletedAt], [p].[DeletedBy], [p].[Description], [p].[IsActive], [p].[IsDeleted], [p].[LastModifiedAt], [p].[LastModifiedBy], [p].[Name], [p].[RowVersion]
FROM [PropertyTypes] AS [p]
WHERE [p].[IsDeleted] = CAST(0 AS bit) AND [p].[IsActive] = CAST(1 AS bit) AND [p].[IsDeleted] = CAST(0 AS bit)
[2026-05-24 10:24:01.008 +07:00 INF] Request finished HTTP/1.1 GET http://localhost:5198/api/notifications?pageNumber=1&pageSize=20&unreadOnly=false - 200 null application/json; charset=utf-8 79.5055ms
[2026-05-24 10:24:01.018 +07:00 INF] Handled GetPropertyTypesQuery in 44ms
[2026-05-24 10:24:01.020 +07:00 INF] Executing OkObjectResult, writing value of type 'System.Collections.Generic.List`1[[VietPropEstate.Application.Features.Properties.DTOs.PropertyTypeDto, VietPropEstate.Application, Version=1.0.0.0, Culture=neutral, PublicKeyToken=null]]'.
[2026-05-24 10:24:01.024 +07:00 INF] Executed action VietPropEstate.WebAPI.Controllers.PropertyTypesController.GetPropertyTypes (VietPropEstate.WebAPI) in 52.0237ms
[2026-05-24 10:24:01.025 +07:00 INF] Executed endpoint 'VietPropEstate.WebAPI.Controllers.PropertyTypesController.GetPropertyTypes (VietPropEstate.WebAPI)'
[2026-05-24 10:24:01.027 +07:00 INF] HTTP GET /api/propertytypes responded 200 in 75.2762 ms
[2026-05-24 10:24:01.030 +07:00 INF] Request finished HTTP/1.1 GET http://localhost:5198/api/propertytypes - 200 null application/json; charset=utf-8 89.864ms
[2026-05-24 10:28:43.726 +07:00 INF] Request starting HTTP/1.1 OPTIONS http://localhost:5198/api/vip-packages/my-subscriptions - null null
[2026-05-24 10:28:43.730 +07:00 INF] CORS policy execution successful.
[2026-05-24 10:28:43.731 +07:00 INF] Request finished HTTP/1.1 OPTIONS http://localhost:5198/api/vip-packages/my-subscriptions - 204 null null 4.7158ms
[2026-05-24 10:28:43.734 +07:00 INF] Request starting HTTP/1.1 GET http://localhost:5198/api/vip-packages/my-subscriptions - null null
[2026-05-24 10:28:43.737 +07:00 INF] CORS policy execution successful.
[2026-05-24 10:28:43.738 +07:00 INF] HTTP GET /api/vip-packages/my-subscriptions responded 404 in 0.4392 ms
[2026-05-24 10:28:43.741 +07:00 INF] Request finished HTTP/1.1 GET http://localhost:5198/api/vip-packages/my-subscriptions - 404 0 null 6.8437ms
[2026-05-24 10:28:43.744 +07:00 INF] Request reached the end of the middleware pipeline without being handled by application code. Request path: GET http://localhost:5198/api/vip-packages/my-subscriptions, Response status code: 404
[2026-05-24 10:28:43.747 +07:00 INF] Request starting HTTP/1.1 OPTIONS http://localhost:5198/api/payments?pageNumber=1&pageSize=20 - null null
[2026-05-24 10:28:43.751 +07:00 INF] CORS policy execution successful.
[2026-05-24 10:28:43.752 +07:00 INF] Request finished HTTP/1.1 OPTIONS http://localhost:5198/api/payments?pageNumber=1&pageSize=20 - 204 null null 4.7259ms
[2026-05-24 10:28:43.756 +07:00 INF] Request starting HTTP/1.1 GET http://localhost:5198/api/payments?pageNumber=1&pageSize=20 - null null
[2026-05-24 10:28:43.759 +07:00 INF] CORS policy execution successful.
[2026-05-24 10:28:43.761 +07:00 INF] Executing endpoint 'VietPropEstate.WebAPI.Controllers.PaymentsController.GetHistory (VietPropEstate.WebAPI)'
[2026-05-24 10:28:43.766 +07:00 INF] Route matched with {action = "GetHistory", controller = "Payments"}. Executing controller action with signature System.Threading.Tasks.Task`1[Microsoft.AspNetCore.Mvc.IActionResult] GetHistory(Int32, Int32, System.Nullable`1[VietPropEstate.Domain.Enums.PaymentStatus], System.Threading.CancellationToken) on controller VietPropEstate.WebAPI.Controllers.PaymentsController (VietPropEstate.WebAPI).
[2026-05-24 10:28:43.774 +07:00 INF] Handling GetPaymentHistoryQuery {"UserId":"b0d7f7d4-26e4-447e-8c5b-8702835f658c","PageNumber":1,"PageSize":20,"Status":null,"$type":"GetPaymentHistoryQuery"}
[2026-05-24 10:28:43.791 +07:00 INF] Executed DbCommand (3ms) [Parameters=[@__request_UserId_0='?' (Size = 450)], CommandType='"Text"', CommandTimeout='60']
SELECT COUNT(*)
FROM [Payments] AS [p]
WHERE [p].[IsDeleted] = CAST(0 AS bit) AND [p].[UserId] = @__request_UserId_0 AND [p].[IsDeleted] = CAST(0 AS bit)
[2026-05-24 10:28:43.854 +07:00 INF] Executed DbCommand (7ms) [Parameters=[@__request_UserId_0='?' (Size = 450), @__p_1='?' (DbType = Int32), @__p_2='?' (DbType = Int32)], CommandType='"Text"', CommandTimeout='60']
SELECT [p0].[Id], [p0].[BankCode], [p0].[CreatedAt], [p0].[CreatedBy], [p0].[DeletedAt], [p0].[DeletedBy], [p0].[GatewayResponse], [p0].[IpAddress], [p0].[IsDeleted], [p0].[LastModifiedAt], [p0].[LastModifiedBy], [p0].[Notes], [p0].[OrderInfo], [p0].[PaidAt], [p0].[PaymentMethod], [p0].[PaymentReference], [p0].[RowVersion], [p0].[Status], [p0].[TransactionCode], [p0].[UserId], [p0].[UserVIPPackageId], [p0].[VIPPackageId], [p0].[VnpayTransactionId], [p0].[Amount], [p0].[Currency], [u0].[Id], [u0].[CreatedAt], [u0].[CreatedBy], [u0].[DeletedAt], [u0].[DeletedBy], [u0].[EndDate], [u0].[IsActive], [u0].[IsDeleted], [u0].[LastModifiedAt], [u0].[LastModifiedBy], [u0].[RemainingListings], [u0].[RowVersion], [u0].[StartDate], [u0].[UserId], [u0].[VIPPackageId], [v0].[Id], [v0].[CreatedAt], [v0].[CreatedBy], [v0].[DeletedAt], [v0].[DeletedBy], [v0].[Description], [v0].[DurationDays], [v0].[IsActive], [v0].[IsDeleted], [v0].[LastModifiedAt], [v0].[LastModifiedBy], [v0].[MaxListings], [v0].[Name], [v0].[RowVersion], [v0].[PriceAmount], [v0].[PriceCurrency]
FROM (
    SELECT [p].[Id], [p].[BankCode], [p].[CreatedAt], [p].[CreatedBy], [p].[DeletedAt], [p].[DeletedBy], [p].[GatewayResponse], [p].[IpAddress], [p].[IsDeleted], [p].[LastModifiedAt], [p].[LastModifiedBy], [p].[Notes], [p].[OrderInfo], [p].[PaidAt], [p].[PaymentMethod], [p].[PaymentReference], [p].[RowVersion], [p].[Status], [p].[TransactionCode], [p].[UserId], [p].[UserVIPPackageId], [p].[VIPPackageId], [p].[VnpayTransactionId], [p].[Amount], [p].[Currency]
    FROM [Payments] AS [p]
    WHERE [p].[IsDeleted] = CAST(0 AS bit) AND [p].[UserId] = @__request_UserId_0 AND [p].[IsDeleted] = CAST(0 AS bit)
    ORDER BY [p].[CreatedAt] DESC
    OFFSET @__p_1 ROWS FETCH NEXT @__p_2 ROWS ONLY
) AS [p0]
LEFT JOIN (
    SELECT [u].[Id], [u].[CreatedAt], [u].[CreatedBy], [u].[DeletedAt], [u].[DeletedBy], [u].[EndDate], [u].[IsActive], [u].[IsDeleted], [u].[LastModifiedAt], [u].[LastModifiedBy], [u].[RemainingListings], [u].[RowVersion], [u].[StartDate], [u].[UserId], [u].[VIPPackageId]
    FROM [UserVIPPackages] AS [u]
    WHERE [u].[IsDeleted] = CAST(0 AS bit)
) AS [u0] ON [p0].[UserVIPPackageId] = [u0].[Id]
LEFT JOIN (
    SELECT [v].[Id], [v].[CreatedAt], [v].[CreatedBy], [v].[DeletedAt], [v].[DeletedBy], [v].[Description], [v].[DurationDays], [v].[IsActive], [v].[IsDeleted], [v].[LastModifiedAt], [v].[LastModifiedBy], [v].[MaxListings], [v].[Name], [v].[RowVersion], [v].[PriceAmount], [v].[PriceCurrency]
    FROM [VIPPackages] AS [v]
    WHERE [v].[IsDeleted] = CAST(0 AS bit)
) AS [v0] ON [u0].[VIPPackageId] = [v0].[Id]
ORDER BY [p0].[CreatedAt] DESC
[2026-05-24 10:28:43.859 +07:00 INF] Handled GetPaymentHistoryQuery in 86ms
[2026-05-24 10:28:43.861 +07:00 INF] Executing OkObjectResult, writing value of type 'VietPropEstate.Application.Common.Models.PaginatedList`1[[VietPropEstate.Application.Features.Payments.DTOs.PaymentDto, VietPropEstate.Application, Version=1.0.0.0, Culture=neutral, PublicKeyToken=null]]'.
[2026-05-24 10:28:43.873 +07:00 INF] Executed action VietPropEstate.WebAPI.Controllers.PaymentsController.GetHistory (VietPropEstate.WebAPI) in 103.9417ms
[2026-05-24 10:28:43.874 +07:00 INF] Executed endpoint 'VietPropEstate.WebAPI.Controllers.PaymentsController.GetHistory (VietPropEstate.WebAPI)'
[2026-05-24 10:28:43.876 +07:00 INF] HTTP GET /api/payments responded 200 in 115.6636 ms
[2026-05-24 10:28:43.878 +07:00 INF] Request finished HTTP/1.1 GET http://localhost:5198/api/payments?pageNumber=1&pageSize=20 - 200 null application/json; charset=utf-8 121.8785ms
[2026-05-24 10:28:49.725 +07:00 INF] Request starting HTTP/1.1 OPTIONS http://localhost:5198/api/vip-packages - null null
[2026-05-24 10:28:49.726 +07:00 INF] Request starting HTTP/1.1 OPTIONS http://localhost:5198/api/notifications?pageNumber=1&pageSize=20&unreadOnly=false - null null
[2026-05-24 10:28:49.728 +07:00 INF] CORS policy execution successful.
[2026-05-24 10:28:49.732 +07:00 INF] CORS policy execution successful.
[2026-05-24 10:28:49.733 +07:00 INF] Request finished HTTP/1.1 OPTIONS http://localhost:5198/api/vip-packages - 204 null null 8.0448ms
[2026-05-24 10:28:49.735 +07:00 INF] Request finished HTTP/1.1 OPTIONS http://localhost:5198/api/notifications?pageNumber=1&pageSize=20&unreadOnly=false - 204 null null 8.5569ms
[2026-05-24 10:28:49.738 +07:00 INF] Request starting HTTP/1.1 GET http://localhost:5198/api/vip-packages - null null
[2026-05-24 10:28:49.742 +07:00 INF] Request starting HTTP/1.1 GET http://localhost:5198/api/notifications?pageNumber=1&pageSize=20&unreadOnly=false - null null
[2026-05-24 10:28:49.746 +07:00 INF] CORS policy execution successful.
[2026-05-24 10:28:49.749 +07:00 INF] CORS policy execution successful.
[2026-05-24 10:28:49.750 +07:00 INF] HTTP GET /api/vip-packages responded 404 in 0.2999 ms
[2026-05-24 10:28:49.752 +07:00 INF] Executing endpoint 'VietPropEstate.WebAPI.Controllers.NotificationsController.GetNotifications (VietPropEstate.WebAPI)'
[2026-05-24 10:28:49.754 +07:00 INF] Request finished HTTP/1.1 GET http://localhost:5198/api/vip-packages - 404 0 null 16.7235ms
[2026-05-24 10:28:49.756 +07:00 INF] Route matched with {action = "GetNotifications", controller = "Notifications"}. Executing controller action with signature System.Threading.Tasks.Task`1[Microsoft.AspNetCore.Mvc.IActionResult] GetNotifications(Int32, Int32, Boolean, System.Threading.CancellationToken) on controller VietPropEstate.WebAPI.Controllers.NotificationsController (VietPropEstate.WebAPI).
[2026-05-24 10:28:49.760 +07:00 INF] Request reached the end of the middleware pipeline without being handled by application code. Request path: GET http://localhost:5198/api/vip-packages, Response status code: 404
[2026-05-24 10:28:49.763 +07:00 INF] Handling GetUserNotificationsQuery {"UserId":"b0d7f7d4-26e4-447e-8c5b-8702835f658c","PageNumber":1,"PageSize":20,"UnreadOnly":false,"$type":"GetUserNotificationsQuery"}
[2026-05-24 10:28:49.775 +07:00 INF] Executed DbCommand (2ms) [Parameters=[@__request_UserId_0='?' (Size = 450)], CommandType='"Text"', CommandTimeout='60']
SELECT COUNT(*)
FROM [Notifications] AS [n]
WHERE [n].[IsDeleted] = CAST(0 AS bit) AND [n].[UserId] = @__request_UserId_0 AND [n].[IsDeleted] = CAST(0 AS bit)
[2026-05-24 10:28:49.782 +07:00 INF] Executed DbCommand (2ms) [Parameters=[@__request_UserId_0='?' (Size = 450), @__p_1='?' (DbType = Int32), @__p_2='?' (DbType = Int32)], CommandType='"Text"', CommandTimeout='60']
SELECT [n].[Id], [n].[UserId], [n].[Title], [n].[Content], [n].[Type], [n].[IsRead], [n].[ReadAt], [n].[ReferenceId], [n].[ActionUrl], [n].[CreatedAt]
FROM [Notifications] AS [n]
WHERE [n].[IsDeleted] = CAST(0 AS bit) AND [n].[UserId] = @__request_UserId_0 AND [n].[IsDeleted] = CAST(0 AS bit)
ORDER BY [n].[CreatedAt] DESC
OFFSET @__p_1 ROWS FETCH NEXT @__p_2 ROWS ONLY
[2026-05-24 10:28:49.785 +07:00 INF] Handled GetUserNotificationsQuery in 21ms
[2026-05-24 10:28:49.786 +07:00 INF] Executing OkObjectResult, writing value of type 'VietPropEstate.Application.Common.Models.PaginatedList`1[[VietPropEstate.Application.Features.Notifications.DTOs.NotificationDto, VietPropEstate.Application, Version=1.0.0.0, Culture=neutral, PublicKeyToken=null]]'.
[2026-05-24 10:28:49.789 +07:00 INF] Executed action VietPropEstate.WebAPI.Controllers.NotificationsController.GetNotifications (VietPropEstate.WebAPI) in 26.5161ms
[2026-05-24 10:28:49.791 +07:00 INF] Executed endpoint 'VietPropEstate.WebAPI.Controllers.NotificationsController.GetNotifications (VietPropEstate.WebAPI)'
[2026-05-24 10:28:49.792 +07:00 INF] HTTP GET /api/notifications responded 200 in 40.6407 ms
[2026-05-24 10:28:49.794 +07:00 INF] Request finished HTTP/1.1 GET http://localhost:5198/api/notifications?pageNumber=1&pageSize=20&unreadOnly=false - 200 null application/json; charset=utf-8 52.0956ms
[2026-05-24 10:30:07.652 +07:00 INF] Request starting HTTP/1.1 OPTIONS http://localhost:5198/api/properties?pageNumber=1&pageSize=3&isFeatured=True&status=1&sortBy=CreatedAt&sortOrder=Desc - null null
[2026-05-24 10:30:07.652 +07:00 INF] Request starting HTTP/1.1 OPTIONS http://localhost:5198/api/properties?pageNumber=1&pageSize=6&status=1&sortBy=CreatedAt&sortOrder=Desc - null null
[2026-05-24 10:30:07.654 +07:00 INF] CORS policy execution successful.
[2026-05-24 10:30:07.658 +07:00 INF] CORS policy execution successful.
[2026-05-24 10:30:07.659 +07:00 INF] Request finished HTTP/1.1 OPTIONS http://localhost:5198/api/properties?pageNumber=1&pageSize=3&isFeatured=True&status=1&sortBy=CreatedAt&sortOrder=Desc - 204 null null 7.3895ms
[2026-05-24 10:30:07.660 +07:00 INF] Request finished HTTP/1.1 OPTIONS http://localhost:5198/api/properties?pageNumber=1&pageSize=6&status=1&sortBy=CreatedAt&sortOrder=Desc - 204 null null 8.0444ms
[2026-05-24 10:30:07.665 +07:00 INF] Request starting HTTP/1.1 GET http://localhost:5198/api/properties?pageNumber=1&pageSize=3&isFeatured=True&status=1&sortBy=CreatedAt&sortOrder=Desc - null null
[2026-05-24 10:30:07.669 +07:00 INF] Request starting HTTP/1.1 GET http://localhost:5198/api/properties?pageNumber=1&pageSize=6&status=1&sortBy=CreatedAt&sortOrder=Desc - null null
[2026-05-24 10:30:07.673 +07:00 INF] CORS policy execution successful.
[2026-05-24 10:30:07.676 +07:00 INF] CORS policy execution successful.
[2026-05-24 10:30:07.678 +07:00 INF] Executing endpoint 'VietPropEstate.WebAPI.Controllers.PropertiesController.GetList (VietPropEstate.WebAPI)'
[2026-05-24 10:30:07.679 +07:00 INF] Executing endpoint 'VietPropEstate.WebAPI.Controllers.PropertiesController.GetList (VietPropEstate.WebAPI)'
[2026-05-24 10:30:07.680 +07:00 INF] Route matched with {action = "GetList", controller = "Properties"}. Executing controller action with signature System.Threading.Tasks.Task`1[Microsoft.AspNetCore.Mvc.IActionResult] GetList(Int32, Int32, System.String, System.Nullable`1[System.Guid], System.Nullable`1[System.Guid], System.Nullable`1[VietPropEstate.Domain.Enums.ListingType], System.Nullable`1[VietPropEstate.Domain.Enums.PropertyStatus], System.Nullable`1[System.Int32], System.Nullable`1[System.Int32], System.String, System.Nullable`1[System.Decimal], System.Nullable`1[System.Decimal], System.Nullable`1[System.Decimal], System.Nullable`1[System.Decimal], System.Nullable`1[System.Int32], System.Nullable`1[System.Int32], System.Nullable`1[System.Int32], System.Nullable`1[VietPropEstate.Domain.Enums.PropertyDirection], System.Nullable`1[System.Boolean], System.String, System.String, System.Threading.CancellationToken) on controller VietPropEstate.WebAPI.Controllers.PropertiesController (VietPropEstate.WebAPI).
[2026-05-24 10:30:07.682 +07:00 INF] Route matched with {action = "GetList", controller = "Properties"}. Executing controller action with signature System.Threading.Tasks.Task`1[Microsoft.AspNetCore.Mvc.IActionResult] GetList(Int32, Int32, System.String, System.Nullable`1[System.Guid], System.Nullable`1[System.Guid], System.Nullable`1[VietPropEstate.Domain.Enums.ListingType], System.Nullable`1[VietPropEstate.Domain.Enums.PropertyStatus], System.Nullable`1[System.Int32], System.Nullable`1[System.Int32], System.String, System.Nullable`1[System.Decimal], System.Nullable`1[System.Decimal], System.Nullable`1[System.Decimal], System.Nullable`1[System.Decimal], System.Nullable`1[System.Int32], System.Nullable`1[System.Int32], System.Nullable`1[System.Int32], System.Nullable`1[VietPropEstate.Domain.Enums.PropertyDirection], System.Nullable`1[System.Boolean], System.String, System.String, System.Threading.CancellationToken) on controller VietPropEstate.WebAPI.Controllers.PropertiesController (VietPropEstate.WebAPI).
[2026-05-24 10:30:07.686 +07:00 INF] Handling GetPropertiesListQuery {"PageNumber":1,"PageSize":3,"SearchTerm":null,"PropertyTypeId":null,"TransactionTypeId":null,"ListingType":null,"Status":"Active","ProvinceCode":null,"WardCode":null,"ProvinceName":null,"MinPrice":null,"MaxPrice":null,"MinArea":null,"MaxArea":null,"MinBedrooms":null,"MaxBedrooms":null,"Bathrooms":null,"Direction":null,"IsFeatured":true,"AllStatuses":false,"SortBy":"CreatedAt","SortOrder":"Desc","$type":"GetPropertiesListQuery"}
[2026-05-24 10:30:07.689 +07:00 INF] Handling GetPropertiesListQuery {"PageNumber":1,"PageSize":6,"SearchTerm":null,"PropertyTypeId":null,"TransactionTypeId":null,"ListingType":null,"Status":"Active","ProvinceCode":null,"WardCode":null,"ProvinceName":null,"MinPrice":null,"MaxPrice":null,"MinArea":null,"MaxArea":null,"MinBedrooms":null,"MaxBedrooms":null,"Bathrooms":null,"Direction":null,"IsFeatured":null,"AllStatuses":false,"SortBy":"CreatedAt","SortOrder":"Desc","$type":"GetPropertiesListQuery"}
[2026-05-24 10:30:07.715 +07:00 INF] Executed DbCommand (4ms) [Parameters=[@__status_Value_0='?' (DbType = Int32), @__isFeatured_Value_1='?' (DbType = Boolean)], CommandType='"Text"', CommandTimeout='60']
SELECT COUNT(*)
FROM [Properties] AS [p]
WHERE [p].[IsDeleted] = CAST(0 AS bit) AND [p].[Status] = @__status_Value_0 AND [p].[IsFeatured] = @__isFeatured_Value_1
[2026-05-24 10:30:07.739 +07:00 INF] Executed DbCommand (1ms) [Parameters=[@__status_Value_0='?' (DbType = Int32)], CommandType='"Text"', CommandTimeout='60']
SELECT COUNT(*)
FROM [Properties] AS [p]
WHERE [p].[IsDeleted] = CAST(0 AS bit) AND [p].[Status] = @__status_Value_0
[2026-05-24 10:30:07.748 +07:00 INF] Executed DbCommand (14ms) [Parameters=[@__status_Value_0='?' (DbType = Int32), @__isFeatured_Value_1='?' (DbType = Boolean), @__p_2='?' (DbType = Int32), @__p_3='?' (DbType = Int32)], CommandType='"Text"', CommandTimeout='60']
SELECT [p1].[Id], [p1].[AgentId], [p1].[Area], [p1].[CreatedAt], [p1].[CreatedBy], [p1].[DeletedAt], [p1].[DeletedBy], [p1].[Description], [p1].[Direction], [p1].[ExpiresAt], [p1].[FullAddress], [p1].[IsDeleted], [p1].[IsFeatured], [p1].[LastModifiedAt], [p1].[LastModifiedBy], [p1].[Latitude], [p1].[ListingType], [p1].[Longitude], [p1].[NumberOfBathrooms], [p1].[NumberOfBedrooms], [p1].[NumberOfFloors], [p1].[PropertyTypeId], [p1].[ProvinceCode], [p1].[ProvinceName], [p1].[PublishedAt], [p1].[RowVersion], [p1].[Slug], [p1].[Status], [p1].[Title], [p1].[TransactionTypeId], [p1].[VideoUrl], [p1].[ViewCount], [p1].[WardCode], [p1].[WardName], [p1].[AddressCountry], [p1].[AddressDistrict], [p1].[AddressLatitude], [p1].[AddressLongitude], [p1].[AddressProvince], [p1].[Street], [p1].[AddressWard], [p1].[PriceAmount], [p1].[PriceCurrency], [p2].[Id], [p2].[CreatedAt], [p2].[CreatedBy], [p2].[DeletedAt], [p2].[DeletedBy], [p2].[Description], [p2].[IsActive], [p2].[IsDeleted], [p2].[LastModifiedAt], [p2].[LastModifiedBy], [p2].[Name], [p2].[RowVersion], [a0].[Id], [a0].[AgencyName], [a0].[AvatarUrl], [a0].[Bio], [a0].[CreatedAt], [a0].[CreatedBy], [a0].[DeletedAt], [a0].[DeletedBy], [a0].[Email], [a0].[FullName], [a0].[IsActive], [a0].[IsDeleted], [a0].[LastModifiedAt], [a0].[LastModifiedBy], [a0].[LicenseNumber], [a0].[PhoneNumber], [a0].[RowVersion], [a0].[UserId], [t0].[Id], [t0].[CreatedAt], [t0].[CreatedBy], [t0].[DeletedAt], [t0].[DeletedBy], [t0].[Description], [t0].[IsActive], [t0].[IsDeleted], [t0].[LastModifiedAt], [t0].[LastModifiedBy], [t0].[Name], [t0].[RowVersion], [p4].[Id], [p4].[Caption], [p4].[CreatedAt], [p4].[CreatedBy], [p4].[DeletedAt], [p4].[DeletedBy], [p4].[DisplayOrder], [p4].[IsDeleted], [p4].[IsPrimary], [p4].[LastModifiedAt], [p4].[LastModifiedBy], [p4].[PropertyId], [p4].[RowVersion], [p4].[Url]
FROM (
    SELECT [p].[Id], [p].[AgentId], [p].[Area], [p].[CreatedAt], [p].[CreatedBy], [p].[DeletedAt], [p].[DeletedBy], [p].[Description], [p].[Direction], [p].[ExpiresAt], [p].[FullAddress], [p].[IsDeleted], [p].[IsFeatured], [p].[LastModifiedAt], [p].[LastModifiedBy], [p].[Latitude], [p].[ListingType], [p].[Longitude], [p].[NumberOfBathrooms], [p].[NumberOfBedrooms], [p].[NumberOfFloors], [p].[PropertyTypeId], [p].[ProvinceCode], [p].[ProvinceName], [p].[PublishedAt], [p].[RowVersion], [p].[Slug], [p].[Status], [p].[Title], [p].[TransactionTypeId], [p].[VideoUrl], [p].[ViewCount], [p].[WardCode], [p].[WardName], [p].[AddressCountry], [p].[AddressDistrict], [p].[AddressLatitude], [p].[AddressLongitude], [p].[AddressProvince], [p].[Street], [p].[AddressWard], [p].[PriceAmount], [p].[PriceCurrency]
    FROM [Properties] AS [p]
    WHERE [p].[IsDeleted] = CAST(0 AS bit) AND [p].[Status] = @__status_Value_0 AND [p].[IsFeatured] = @__isFeatured_Value_1
    ORDER BY [p].[IsFeatured] DESC, [p].[CreatedAt] DESC
    OFFSET @__p_2 ROWS FETCH NEXT @__p_3 ROWS ONLY
) AS [p1]
INNER JOIN (
    SELECT [p0].[Id], [p0].[CreatedAt], [p0].[CreatedBy], [p0].[DeletedAt], [p0].[DeletedBy], [p0].[Description], [p0].[IsActive], [p0].[IsDeleted], [p0].[LastModifiedAt], [p0].[LastModifiedBy], [p0].[Name], [p0].[RowVersion]
    FROM [PropertyTypes] AS [p0]
    WHERE [p0].[IsDeleted] = CAST(0 AS bit)
) AS [p2] ON [p1].[PropertyTypeId] = [p2].[Id]
INNER JOIN (
    SELECT [a].[Id], [a].[AgencyName], [a].[AvatarUrl], [a].[Bio], [a].[CreatedAt], [a].[CreatedBy], [a].[DeletedAt], [a].[DeletedBy], [a].[Email], [a].[FullName], [a].[IsActive], [a].[IsDeleted], [a].[LastModifiedAt], [a].[LastModifiedBy], [a].[LicenseNumber], [a].[PhoneNumber], [a].[RowVersion], [a].[UserId]
    FROM [Agents] AS [a]
    WHERE [a].[IsDeleted] = CAST(0 AS bit)
) AS [a0] ON [p1].[AgentId] = [a0].[Id]
LEFT JOIN (
    SELECT [t].[Id], [t].[CreatedAt], [t].[CreatedBy], [t].[DeletedAt], [t].[DeletedBy], [t].[Description], [t].[IsActive], [t].[IsDeleted], [t].[LastModifiedAt], [t].[LastModifiedBy], [t].[Name], [t].[RowVersion]
    FROM [TransactionTypes] AS [t]
    WHERE [t].[IsDeleted] = CAST(0 AS bit)
) AS [t0] ON [p1].[TransactionTypeId] = [t0].[Id]
LEFT JOIN (
    SELECT [p3].[Id], [p3].[Caption], [p3].[CreatedAt], [p3].[CreatedBy], [p3].[DeletedAt], [p3].[DeletedBy], [p3].[DisplayOrder], [p3].[IsDeleted], [p3].[IsPrimary], [p3].[LastModifiedAt], [p3].[LastModifiedBy], [p3].[PropertyId], [p3].[RowVersion], [p3].[Url]
    FROM [PropertyImages] AS [p3]
    WHERE [p3].[IsDeleted] = CAST(0 AS bit)
) AS [p4] ON [p1].[Id] = [p4].[PropertyId]
ORDER BY [p1].[IsFeatured] DESC, [p1].[CreatedAt] DESC, [p1].[Id], [p2].[Id], [a0].[Id], [t0].[Id]
[2026-05-24 10:30:07.754 +07:00 INF] Handled GetPropertiesListQuery in 67ms
[2026-05-24 10:30:07.756 +07:00 INF] Executing OkObjectResult, writing value of type 'VietPropEstate.Application.Common.Models.PaginatedList`1[[VietPropEstate.Application.Features.Properties.DTOs.PropertyDto, VietPropEstate.Application, Version=1.0.0.0, Culture=neutral, PublicKeyToken=null]]'.
[2026-05-24 10:30:07.758 +07:00 INF] Executed DbCommand (15ms) [Parameters=[@__status_Value_0='?' (DbType = Int32), @__p_1='?' (DbType = Int32), @__p_2='?' (DbType = Int32)], CommandType='"Text"', CommandTimeout='60']
SELECT [p1].[Id], [p1].[AgentId], [p1].[Area], [p1].[CreatedAt], [p1].[CreatedBy], [p1].[DeletedAt], [p1].[DeletedBy], [p1].[Description], [p1].[Direction], [p1].[ExpiresAt], [p1].[FullAddress], [p1].[IsDeleted], [p1].[IsFeatured], [p1].[LastModifiedAt], [p1].[LastModifiedBy], [p1].[Latitude], [p1].[ListingType], [p1].[Longitude], [p1].[NumberOfBathrooms], [p1].[NumberOfBedrooms], [p1].[NumberOfFloors], [p1].[PropertyTypeId], [p1].[ProvinceCode], [p1].[ProvinceName], [p1].[PublishedAt], [p1].[RowVersion], [p1].[Slug], [p1].[Status], [p1].[Title], [p1].[TransactionTypeId], [p1].[VideoUrl], [p1].[ViewCount], [p1].[WardCode], [p1].[WardName], [p1].[AddressCountry], [p1].[AddressDistrict], [p1].[AddressLatitude], [p1].[AddressLongitude], [p1].[AddressProvince], [p1].[Street], [p1].[AddressWard], [p1].[PriceAmount], [p1].[PriceCurrency], [p2].[Id], [p2].[CreatedAt], [p2].[CreatedBy], [p2].[DeletedAt], [p2].[DeletedBy], [p2].[Description], [p2].[IsActive], [p2].[IsDeleted], [p2].[LastModifiedAt], [p2].[LastModifiedBy], [p2].[Name], [p2].[RowVersion], [a0].[Id], [a0].[AgencyName], [a0].[AvatarUrl], [a0].[Bio], [a0].[CreatedAt], [a0].[CreatedBy], [a0].[DeletedAt], [a0].[DeletedBy], [a0].[Email], [a0].[FullName], [a0].[IsActive], [a0].[IsDeleted], [a0].[LastModifiedAt], [a0].[LastModifiedBy], [a0].[LicenseNumber], [a0].[PhoneNumber], [a0].[RowVersion], [a0].[UserId], [t0].[Id], [t0].[CreatedAt], [t0].[CreatedBy], [t0].[DeletedAt], [t0].[DeletedBy], [t0].[Description], [t0].[IsActive], [t0].[IsDeleted], [t0].[LastModifiedAt], [t0].[LastModifiedBy], [t0].[Name], [t0].[RowVersion], [p4].[Id], [p4].[Caption], [p4].[CreatedAt], [p4].[CreatedBy], [p4].[DeletedAt], [p4].[DeletedBy], [p4].[DisplayOrder], [p4].[IsDeleted], [p4].[IsPrimary], [p4].[LastModifiedAt], [p4].[LastModifiedBy], [p4].[PropertyId], [p4].[RowVersion], [p4].[Url]
FROM (
    SELECT [p].[Id], [p].[AgentId], [p].[Area], [p].[CreatedAt], [p].[CreatedBy], [p].[DeletedAt], [p].[DeletedBy], [p].[Description], [p].[Direction], [p].[ExpiresAt], [p].[FullAddress], [p].[IsDeleted], [p].[IsFeatured], [p].[LastModifiedAt], [p].[LastModifiedBy], [p].[Latitude], [p].[ListingType], [p].[Longitude], [p].[NumberOfBathrooms], [p].[NumberOfBedrooms], [p].[NumberOfFloors], [p].[PropertyTypeId], [p].[ProvinceCode], [p].[ProvinceName], [p].[PublishedAt], [p].[RowVersion], [p].[Slug], [p].[Status], [p].[Title], [p].[TransactionTypeId], [p].[VideoUrl], [p].[ViewCount], [p].[WardCode], [p].[WardName], [p].[AddressCountry], [p].[AddressDistrict], [p].[AddressLatitude], [p].[AddressLongitude], [p].[AddressProvince], [p].[Street], [p].[AddressWard], [p].[PriceAmount], [p].[PriceCurrency]
    FROM [Properties] AS [p]
    WHERE [p].[IsDeleted] = CAST(0 AS bit) AND [p].[Status] = @__status_Value_0
    ORDER BY [p].[IsFeatured] DESC, [p].[CreatedAt] DESC
    OFFSET @__p_1 ROWS FETCH NEXT @__p_2 ROWS ONLY
) AS [p1]
INNER JOIN (
    SELECT [p0].[Id], [p0].[CreatedAt], [p0].[CreatedBy], [p0].[DeletedAt], [p0].[DeletedBy], [p0].[Description], [p0].[IsActive], [p0].[IsDeleted], [p0].[LastModifiedAt], [p0].[LastModifiedBy], [p0].[Name], [p0].[RowVersion]
    FROM [PropertyTypes] AS [p0]
    WHERE [p0].[IsDeleted] = CAST(0 AS bit)
) AS [p2] ON [p1].[PropertyTypeId] = [p2].[Id]
INNER JOIN (
    SELECT [a].[Id], [a].[AgencyName], [a].[AvatarUrl], [a].[Bio], [a].[CreatedAt], [a].[CreatedBy], [a].[DeletedAt], [a].[DeletedBy], [a].[Email], [a].[FullName], [a].[IsActive], [a].[IsDeleted], [a].[LastModifiedAt], [a].[LastModifiedBy], [a].[LicenseNumber], [a].[PhoneNumber], [a].[RowVersion], [a].[UserId]
    FROM [Agents] AS [a]
    WHERE [a].[IsDeleted] = CAST(0 AS bit)
) AS [a0] ON [p1].[AgentId] = [a0].[Id]
LEFT JOIN (
    SELECT [t].[Id], [t].[CreatedAt], [t].[CreatedBy], [t].[DeletedAt], [t].[DeletedBy], [t].[Description], [t].[IsActive], [t].[IsDeleted], [t].[LastModifiedAt], [t].[LastModifiedBy], [t].[Name], [t].[RowVersion]
    FROM [TransactionTypes] AS [t]
    WHERE [t].[IsDeleted] = CAST(0 AS bit)
) AS [t0] ON [p1].[TransactionTypeId] = [t0].[Id]
LEFT JOIN (
    SELECT [p3].[Id], [p3].[Caption], [p3].[CreatedAt], [p3].[CreatedBy], [p3].[DeletedAt], [p3].[DeletedBy], [p3].[DisplayOrder], [p3].[IsDeleted], [p3].[IsPrimary], [p3].[LastModifiedAt], [p3].[LastModifiedBy], [p3].[PropertyId], [p3].[RowVersion], [p3].[Url]
    FROM [PropertyImages] AS [p3]
    WHERE [p3].[IsDeleted] = CAST(0 AS bit)
) AS [p4] ON [p1].[Id] = [p4].[PropertyId]
ORDER BY [p1].[IsFeatured] DESC, [p1].[CreatedAt] DESC, [p1].[Id], [p2].[Id], [a0].[Id], [t0].[Id]
[2026-05-24 10:30:07.758 +07:00 INF] Executed action VietPropEstate.WebAPI.Controllers.PropertiesController.GetList (VietPropEstate.WebAPI) in 73.4958ms
[2026-05-24 10:30:07.764 +07:00 INF] Handled GetPropertiesListQuery in 74ms
[2026-05-24 10:30:07.765 +07:00 INF] Executed endpoint 'VietPropEstate.WebAPI.Controllers.PropertiesController.GetList (VietPropEstate.WebAPI)'
[2026-05-24 10:30:07.767 +07:00 INF] Executing OkObjectResult, writing value of type 'VietPropEstate.Application.Common.Models.PaginatedList`1[[VietPropEstate.Application.Features.Properties.DTOs.PropertyDto, VietPropEstate.Application, Version=1.0.0.0, Culture=neutral, PublicKeyToken=null]]'.
[2026-05-24 10:30:07.768 +07:00 INF] HTTP GET /api/properties responded 200 in 90.8043 ms
[2026-05-24 10:30:07.770 +07:00 INF] Executed action VietPropEstate.WebAPI.Controllers.PropertiesController.GetList (VietPropEstate.WebAPI) in 82.5191ms
[2026-05-24 10:30:07.773 +07:00 INF] Request finished HTTP/1.1 GET http://localhost:5198/api/properties?pageNumber=1&pageSize=3&isFeatured=True&status=1&sortBy=CreatedAt&sortOrder=Desc - 200 null application/json; charset=utf-8 107.8753ms
[2026-05-24 10:30:07.774 +07:00 INF] Executed endpoint 'VietPropEstate.WebAPI.Controllers.PropertiesController.GetList (VietPropEstate.WebAPI)'
[2026-05-24 10:30:07.780 +07:00 INF] HTTP GET /api/properties responded 200 in 101.7564 ms
[2026-05-24 10:30:07.783 +07:00 INF] Request finished HTTP/1.1 GET http://localhost:5198/api/properties?pageNumber=1&pageSize=6&status=1&sortBy=CreatedAt&sortOrder=Desc - 200 null application/json; charset=utf-8 114.2832ms
[2026-05-24 10:30:09.260 +07:00 INF] Request starting HTTP/1.1 OPTIONS http://localhost:5198/api/notifications?pageNumber=1&pageSize=20&unreadOnly=false - null null
[2026-05-24 10:30:09.263 +07:00 INF] CORS policy execution successful.
[2026-05-24 10:30:09.264 +07:00 INF] Request finished HTTP/1.1 OPTIONS http://localhost:5198/api/notifications?pageNumber=1&pageSize=20&unreadOnly=false - 204 null null 4.2168ms
[2026-05-24 10:30:09.269 +07:00 INF] Request starting HTTP/1.1 GET http://localhost:5198/api/notifications?pageNumber=1&pageSize=20&unreadOnly=false - null null
[2026-05-24 10:30:09.272 +07:00 INF] CORS policy execution successful.
[2026-05-24 10:30:09.274 +07:00 INF] Executing endpoint 'VietPropEstate.WebAPI.Controllers.NotificationsController.GetNotifications (VietPropEstate.WebAPI)'
[2026-05-24 10:30:09.275 +07:00 INF] Route matched with {action = "GetNotifications", controller = "Notifications"}. Executing controller action with signature System.Threading.Tasks.Task`1[Microsoft.AspNetCore.Mvc.IActionResult] GetNotifications(Int32, Int32, Boolean, System.Threading.CancellationToken) on controller VietPropEstate.WebAPI.Controllers.NotificationsController (VietPropEstate.WebAPI).
[2026-05-24 10:30:09.278 +07:00 INF] Handling GetUserNotificationsQuery {"UserId":"b0d7f7d4-26e4-447e-8c5b-8702835f658c","PageNumber":1,"PageSize":20,"UnreadOnly":false,"$type":"GetUserNotificationsQuery"}
[2026-05-24 10:30:09.286 +07:00 INF] Executed DbCommand (2ms) [Parameters=[@__request_UserId_0='?' (Size = 450)], CommandType='"Text"', CommandTimeout='60']
SELECT COUNT(*)
FROM [Notifications] AS [n]
WHERE [n].[IsDeleted] = CAST(0 AS bit) AND [n].[UserId] = @__request_UserId_0 AND [n].[IsDeleted] = CAST(0 AS bit)
[2026-05-24 10:30:09.291 +07:00 INF] Executed DbCommand (2ms) [Parameters=[@__request_UserId_0='?' (Size = 450), @__p_1='?' (DbType = Int32), @__p_2='?' (DbType = Int32)], CommandType='"Text"', CommandTimeout='60']
SELECT [n].[Id], [n].[UserId], [n].[Title], [n].[Content], [n].[Type], [n].[IsRead], [n].[ReadAt], [n].[ReferenceId], [n].[ActionUrl], [n].[CreatedAt]
FROM [Notifications] AS [n]
WHERE [n].[IsDeleted] = CAST(0 AS bit) AND [n].[UserId] = @__request_UserId_0 AND [n].[IsDeleted] = CAST(0 AS bit)
ORDER BY [n].[CreatedAt] DESC
OFFSET @__p_1 ROWS FETCH NEXT @__p_2 ROWS ONLY
[2026-05-24 10:30:09.294 +07:00 INF] Handled GetUserNotificationsQuery in 15ms
[2026-05-24 10:30:09.295 +07:00 INF] Executing OkObjectResult, writing value of type 'VietPropEstate.Application.Common.Models.PaginatedList`1[[VietPropEstate.Application.Features.Notifications.DTOs.NotificationDto, VietPropEstate.Application, Version=1.0.0.0, Culture=neutral, PublicKeyToken=null]]'.
[2026-05-24 10:30:09.298 +07:00 INF] Executed action VietPropEstate.WebAPI.Controllers.NotificationsController.GetNotifications (VietPropEstate.WebAPI) in 19.7563ms
[2026-05-24 10:30:09.299 +07:00 INF] Executed endpoint 'VietPropEstate.WebAPI.Controllers.NotificationsController.GetNotifications (VietPropEstate.WebAPI)'
[2026-05-24 10:30:09.300 +07:00 INF] HTTP GET /api/notifications responded 200 in 26.7718 ms
[2026-05-24 10:30:09.303 +07:00 INF] Request finished HTTP/1.1 GET http://localhost:5198/api/notifications?pageNumber=1&pageSize=20&unreadOnly=false - 200 null application/json; charset=utf-8 34.1606ms
[2026-05-24 10:30:11.484 +07:00 INF] Request starting HTTP/1.1 OPTIONS http://localhost:5198/api/conversations/unread - null null
[2026-05-24 10:30:11.487 +07:00 INF] CORS policy execution successful.
[2026-05-24 10:30:11.488 +07:00 INF] Request finished HTTP/1.1 OPTIONS http://localhost:5198/api/conversations/unread - 204 null null 3.7001ms
[2026-05-24 10:30:11.492 +07:00 INF] Request starting HTTP/1.1 GET http://localhost:5198/api/conversations/unread - null null
[2026-05-24 10:30:11.496 +07:00 INF] CORS policy execution successful.
[2026-05-24 10:30:11.497 +07:00 INF] Executing endpoint 'VietPropEstate.WebAPI.Controllers.ConversationsController.GetUnreadCounts (VietPropEstate.WebAPI)'
[2026-05-24 10:30:11.498 +07:00 INF] Request starting HTTP/1.1 GET http://localhost:5198/api/notifications?pageNumber=1&pageSize=20&unreadOnly=false - null null
[2026-05-24 10:30:11.499 +07:00 INF] Route matched with {action = "GetUnreadCounts", controller = "Conversations"}. Executing controller action with signature System.Threading.Tasks.Task`1[Microsoft.AspNetCore.Mvc.IActionResult] GetUnreadCounts(System.Threading.CancellationToken) on controller VietPropEstate.WebAPI.Controllers.ConversationsController (VietPropEstate.WebAPI).
[2026-05-24 10:30:11.500 +07:00 INF] Request starting HTTP/1.1 OPTIONS http://localhost:5198/api/conversations?pageNumber=1&pageSize=20 - null null
[2026-05-24 10:30:11.503 +07:00 INF] CORS policy execution successful.
[2026-05-24 10:30:11.505 +07:00 INF] Handling GetUnreadCountQuery {"UserId":"b0d7f7d4-26e4-447e-8c5b-8702835f658c","$type":"GetUnreadCountQuery"}
[2026-05-24 10:30:11.509 +07:00 INF] CORS policy execution successful.
[2026-05-24 10:30:11.511 +07:00 INF] Executing endpoint 'VietPropEstate.WebAPI.Controllers.NotificationsController.GetNotifications (VietPropEstate.WebAPI)'
[2026-05-24 10:30:11.515 +07:00 INF] Request finished HTTP/1.1 OPTIONS http://localhost:5198/api/conversations?pageNumber=1&pageSize=20 - 204 null null 15.0447ms
[2026-05-24 10:30:11.517 +07:00 INF] Route matched with {action = "GetNotifications", controller = "Notifications"}. Executing controller action with signature System.Threading.Tasks.Task`1[Microsoft.AspNetCore.Mvc.IActionResult] GetNotifications(Int32, Int32, Boolean, System.Threading.CancellationToken) on controller VietPropEstate.WebAPI.Controllers.NotificationsController (VietPropEstate.WebAPI).
[2026-05-24 10:30:11.518 +07:00 INF] Executed DbCommand (3ms) [Parameters=[@__request_UserId_0='?' (Size = 450)], CommandType='"Text"', CommandTimeout='60']
SELECT COALESCE(SUM(CASE
    WHEN [c].[BuyerId] = @__request_UserId_0 THEN [c].[BuyerUnreadCount]
    ELSE [c].[SellerUnreadCount]
END), 0)
FROM [Conversations] AS [c]
WHERE [c].[IsDeleted] = CAST(0 AS bit) AND ([c].[BuyerId] = @__request_UserId_0 OR [c].[SellerId] = @__request_UserId_0) AND [c].[IsDeleted] = CAST(0 AS bit)
[2026-05-24 10:30:11.520 +07:00 INF] Request starting HTTP/1.1 GET http://localhost:5198/api/conversations?pageNumber=1&pageSize=20 - null null
[2026-05-24 10:30:11.523 +07:00 INF] Handling GetUserNotificationsQuery {"UserId":"b0d7f7d4-26e4-447e-8c5b-8702835f658c","PageNumber":1,"PageSize":20,"UnreadOnly":false,"$type":"GetUserNotificationsQuery"}
[2026-05-24 10:30:11.529 +07:00 INF] Executed DbCommand (3ms) [Parameters=[@__request_UserId_0='?' (Size = 450)], CommandType='"Text"', CommandTimeout='60']
SELECT COUNT(*)
FROM [Notifications] AS [n]
WHERE [n].[IsDeleted] = CAST(0 AS bit) AND [n].[UserId] = @__request_UserId_0 AND [n].[IsRead] = CAST(0 AS bit) AND [n].[IsDeleted] = CAST(0 AS bit)
[2026-05-24 10:30:11.530 +07:00 INF] CORS policy execution successful.
[2026-05-24 10:30:11.537 +07:00 INF] Executed DbCommand (2ms) [Parameters=[@__request_UserId_0='?' (Size = 450)], CommandType='"Text"', CommandTimeout='60']
SELECT COUNT(*)
FROM [Notifications] AS [n]
WHERE [n].[IsDeleted] = CAST(0 AS bit) AND [n].[UserId] = @__request_UserId_0 AND [n].[IsDeleted] = CAST(0 AS bit)
[2026-05-24 10:30:11.538 +07:00 INF] Handled GetUnreadCountQuery in 33ms
[2026-05-24 10:30:11.540 +07:00 INF] Executing endpoint 'VietPropEstate.WebAPI.Controllers.ConversationsController.GetMyConversations (VietPropEstate.WebAPI)'
[2026-05-24 10:30:11.545 +07:00 INF] Executing OkObjectResult, writing value of type 'VietPropEstate.Application.Features.Chat.Queries.GetUnreadCount.UnreadCountResult'.
[2026-05-24 10:30:11.547 +07:00 INF] Route matched with {action = "GetMyConversations", controller = "Conversations"}. Executing controller action with signature System.Threading.Tasks.Task`1[Microsoft.AspNetCore.Mvc.IActionResult] GetMyConversations(Int32, Int32, Boolean, System.Threading.CancellationToken) on controller VietPropEstate.WebAPI.Controllers.ConversationsController (VietPropEstate.WebAPI).
[2026-05-24 10:30:11.547 +07:00 INF] Executed DbCommand (3ms) [Parameters=[@__request_UserId_0='?' (Size = 450), @__p_1='?' (DbType = Int32), @__p_2='?' (DbType = Int32)], CommandType='"Text"', CommandTimeout='60']
SELECT [n].[Id], [n].[UserId], [n].[Title], [n].[Content], [n].[Type], [n].[IsRead], [n].[ReadAt], [n].[ReferenceId], [n].[ActionUrl], [n].[CreatedAt]
FROM [Notifications] AS [n]
WHERE [n].[IsDeleted] = CAST(0 AS bit) AND [n].[UserId] = @__request_UserId_0 AND [n].[IsDeleted] = CAST(0 AS bit)
ORDER BY [n].[CreatedAt] DESC
OFFSET @__p_1 ROWS FETCH NEXT @__p_2 ROWS ONLY
[2026-05-24 10:30:11.549 +07:00 INF] Executed action VietPropEstate.WebAPI.Controllers.ConversationsController.GetUnreadCounts (VietPropEstate.WebAPI) in 43.4517ms
[2026-05-24 10:30:11.552 +07:00 INF] Handling GetUserConversationsQuery {"UserId":"b0d7f7d4-26e4-447e-8c5b-8702835f658c","PageNumber":1,"PageSize":20,"IncludeClosed":false,"$type":"GetUserConversationsQuery"}
[2026-05-24 10:30:11.555 +07:00 INF] Handled GetUserNotificationsQuery in 32ms
[2026-05-24 10:30:11.557 +07:00 INF] Executed endpoint 'VietPropEstate.WebAPI.Controllers.ConversationsController.GetUnreadCounts (VietPropEstate.WebAPI)'
[2026-05-24 10:30:11.565 +07:00 INF] Executing OkObjectResult, writing value of type 'VietPropEstate.Application.Common.Models.PaginatedList`1[[VietPropEstate.Application.Features.Notifications.DTOs.NotificationDto, VietPropEstate.Application, Version=1.0.0.0, Culture=neutral, PublicKeyToken=null]]'.
[2026-05-24 10:30:11.566 +07:00 INF] HTTP GET /api/conversations/unread responded 200 in 69.3648 ms
[2026-05-24 10:30:11.568 +07:00 INF] Executed action VietPropEstate.WebAPI.Controllers.NotificationsController.GetNotifications (VietPropEstate.WebAPI) in 45.8784ms
[2026-05-24 10:30:11.571 +07:00 INF] Request finished HTTP/1.1 GET http://localhost:5198/api/conversations/unread - 200 null application/json; charset=utf-8 78.9686ms
[2026-05-24 10:30:11.573 +07:00 INF] Executed endpoint 'VietPropEstate.WebAPI.Controllers.NotificationsController.GetNotifications (VietPropEstate.WebAPI)'
[2026-05-24 10:30:11.577 +07:00 INF] Executed DbCommand (4ms) [Parameters=[@__request_UserId_0='?' (Size = 450)], CommandType='"Text"', CommandTimeout='60']
SELECT [u].[Id], [u].[ConversationId], [u].[CreatedAt], [u].[CreatedBy], [u].[DeletedAt], [u].[DeletedBy], [u].[IsDeleted], [u].[IsMuted], [u].[IsPinned], [u].[LastModifiedAt], [u].[LastModifiedBy], [u].[PinnedAt], [u].[RowVersion], [u].[UserId]
FROM [UserConversationSettings] AS [u]
WHERE [u].[IsDeleted] = CAST(0 AS bit) AND [u].[UserId] = @__request_UserId_0
[2026-05-24 10:30:11.579 +07:00 INF] HTTP GET /api/notifications responded 200 in 68.1976 ms
[2026-05-24 10:30:11.584 +07:00 INF] Request finished HTTP/1.1 GET http://localhost:5198/api/notifications?pageNumber=1&pageSize=20&unreadOnly=false - 200 null application/json; charset=utf-8 86.3435ms
[2026-05-24 10:30:11.585 +07:00 INF] Executed DbCommand (3ms) [Parameters=[@__request_UserId_0='?' (Size = 450)], CommandType='"Text"', CommandTimeout='60']
SELECT [u].[Id], [u].[BlockedUserId], [u].[BlockerId], [u].[CreatedAt], [u].[CreatedBy], [u].[DeletedAt], [u].[DeletedBy], [u].[IsDeleted], [u].[LastModifiedAt], [u].[LastModifiedBy], [u].[RowVersion]
FROM [UserBlocks] AS [u]
WHERE [u].[IsDeleted] = CAST(0 AS bit) AND ([u].[BlockerId] = @__request_UserId_0 OR [u].[BlockedUserId] = @__request_UserId_0)
[2026-05-24 10:30:11.599 +07:00 INF] Executed DbCommand (7ms) [Parameters=[@__request_UserId_0='?' (Size = 450)], CommandType='"Text"', CommandTimeout='60']
SELECT [c].[Id], [c].[BuyerId], [c].[BuyerUnreadCount], [c].[ClosedAt], [c].[CreatedAt], [c].[CreatedBy], [c].[DeletedAt], [c].[DeletedBy], [c].[IsClosed], [c].[IsDeleted], [c].[LastMessageAt], [c].[LastMessagePreview], [c].[LastModifiedAt], [c].[LastModifiedBy], [c].[PropertyId], [c].[RowVersion], [c].[SellerId], [c].[SellerUnreadCount], [c].[Subject], [p0].[Id], [p0].[AgentId], [p0].[Area], [p0].[CreatedAt], [p0].[CreatedBy], [p0].[DeletedAt], [p0].[DeletedBy], [p0].[Description], [p0].[Direction], [p0].[ExpiresAt], [p0].[FullAddress], [p0].[IsDeleted], [p0].[IsFeatured], [p0].[LastModifiedAt], [p0].[LastModifiedBy], [p0].[Latitude], [p0].[ListingType], [p0].[Longitude], [p0].[NumberOfBathrooms], [p0].[NumberOfBedrooms], [p0].[NumberOfFloors], [p0].[PropertyTypeId], [p0].[ProvinceCode], [p0].[ProvinceName], [p0].[PublishedAt], [p0].[RowVersion], [p0].[Slug], [p0].[Status], [p0].[Title], [p0].[TransactionTypeId], [p0].[VideoUrl], [p0].[ViewCount], [p0].[WardCode], [p0].[WardName], [p0].[AddressCountry], [p0].[AddressDistrict], [p0].[AddressLatitude], [p0].[AddressLongitude], [p0].[AddressProvince], [p0].[Street], [p0].[AddressWard], [p0].[PriceAmount], [p0].[PriceCurrency], [p3].[Id], [p3].[Caption], [p3].[CreatedAt], [p3].[CreatedBy], [p3].[DeletedAt], [p3].[DeletedBy], [p3].[DisplayOrder], [p3].[IsDeleted], [p3].[IsPrimary], [p3].[LastModifiedAt], [p3].[LastModifiedBy], [p3].[PropertyId], [p3].[RowVersion], [p3].[Url]
FROM [Conversations] AS [c]
INNER JOIN (
    SELECT [p].[Id], [p].[AgentId], [p].[Area], [p].[CreatedAt], [p].[CreatedBy], [p].[DeletedAt], [p].[DeletedBy], [p].[Description], [p].[Direction], [p].[ExpiresAt], [p].[FullAddress], [p].[IsDeleted], [p].[IsFeatured], [p].[LastModifiedAt], [p].[LastModifiedBy], [p].[Latitude], [p].[ListingType], [p].[Longitude], [p].[NumberOfBathrooms], [p].[NumberOfBedrooms], [p].[NumberOfFloors], [p].[PropertyTypeId], [p].[ProvinceCode], [p].[ProvinceName], [p].[PublishedAt], [p].[RowVersion], [p].[Slug], [p].[Status], [p].[Title], [p].[TransactionTypeId], [p].[VideoUrl], [p].[ViewCount], [p].[WardCode], [p].[WardName], [p].[AddressCountry], [p].[AddressDistrict], [p].[AddressLatitude], [p].[AddressLongitude], [p].[AddressProvince], [p].[Street], [p].[AddressWard], [p].[PriceAmount], [p].[PriceCurrency]
    FROM [Properties] AS [p]
    WHERE [p].[IsDeleted] = CAST(0 AS bit)
) AS [p0] ON [c].[PropertyId] = [p0].[Id]
LEFT JOIN (
    SELECT [p2].[Id], [p2].[Caption], [p2].[CreatedAt], [p2].[CreatedBy], [p2].[DeletedAt], [p2].[DeletedBy], [p2].[DisplayOrder], [p2].[IsDeleted], [p2].[IsPrimary], [p2].[LastModifiedAt], [p2].[LastModifiedBy], [p2].[PropertyId], [p2].[RowVersion], [p2].[Url]
    FROM (
        SELECT [p1].[Id], [p1].[Caption], [p1].[CreatedAt], [p1].[CreatedBy], [p1].[DeletedAt], [p1].[DeletedBy], [p1].[DisplayOrder], [p1].[IsDeleted], [p1].[IsPrimary], [p1].[LastModifiedAt], [p1].[LastModifiedBy], [p1].[PropertyId], [p1].[RowVersion], [p1].[Url], ROW_NUMBER() OVER(PARTITION BY [p1].[PropertyId] ORDER BY [p1].[Id]) AS [row]
        FROM [PropertyImages] AS [p1]
        WHERE [p1].[IsDeleted] = CAST(0 AS bit) AND [p1].[IsPrimary] = CAST(1 AS bit)
    ) AS [p2]
    WHERE [p2].[row] <= 1
) AS [p3] ON [p0].[Id] = [p3].[PropertyId]
WHERE [c].[IsDeleted] = CAST(0 AS bit) AND ([c].[BuyerId] = @__request_UserId_0 OR [c].[SellerId] = @__request_UserId_0) AND [c].[IsDeleted] = CAST(0 AS bit) AND [c].[IsClosed] = CAST(0 AS bit)
ORDER BY [c].[Id], [p0].[Id]
[2026-05-24 10:30:11.610 +07:00 INF] Executed DbCommand (5ms) [Parameters=[@__ids_0='?' (Size = 4000)], CommandType='"Text"', CommandTimeout='60']
SELECT [a].[UserId], [a].[FullName]
FROM [Agents] AS [a]
WHERE [a].[IsDeleted] = CAST(0 AS bit) AND [a].[UserId] IS NOT NULL AND [a].[UserId] IN (
    SELECT [i].[value]
    FROM OPENJSON(@__ids_0) WITH ([value] nvarchar(450) '$') AS [i]
)
[2026-05-24 10:30:11.617 +07:00 INF] Executed DbCommand (3ms) [Parameters=[@__ids_0='?' (Size = 4000)], CommandType='"Text"', CommandTimeout='60']
SELECT [c].[UserId], [c].[FullName]
FROM [Customers] AS [c]
WHERE [c].[IsDeleted] = CAST(0 AS bit) AND [c].[UserId] IS NOT NULL AND [c].[UserId] IN (
    SELECT [i].[value]
    FROM OPENJSON(@__ids_0) WITH ([value] nvarchar(450) '$') AS [i]
)
[2026-05-24 10:30:11.623 +07:00 INF] Executed DbCommand (3ms) [Parameters=[@__ids_0='?' (Size = 4000)], CommandType='"Text"', CommandTimeout='60']
SELECT [a].[Id], [a].[AvatarUrl]
FROM [AspNetUsers] AS [a]
WHERE [a].[Id] IN (
    SELECT [i].[value]
    FROM OPENJSON(@__ids_0) WITH ([value] nvarchar(450) '$') AS [i]
)
[2026-05-24 10:30:11.630 +07:00 INF] Executed DbCommand (4ms) [Parameters=[@__ids_0='?' (Size = 4000)], CommandType='"Text"', CommandTimeout='60']
SELECT [a].[UserId], [a].[AvatarUrl]
FROM [Agents] AS [a]
WHERE [a].[IsDeleted] = CAST(0 AS bit) AND [a].[UserId] IS NOT NULL AND [a].[UserId] IN (
    SELECT [i].[value]
    FROM OPENJSON(@__ids_0) WITH ([value] nvarchar(450) '$') AS [i]
)
[2026-05-24 10:30:11.634 +07:00 INF] Handled GetUserConversationsQuery in 81ms
[2026-05-24 10:30:11.635 +07:00 INF] Executing OkObjectResult, writing value of type 'VietPropEstate.Application.Common.Models.PaginatedList`1[[VietPropEstate.Application.Features.Chat.DTOs.ConversationDto, VietPropEstate.Application, Version=1.0.0.0, Culture=neutral, PublicKeyToken=null]]'.
[2026-05-24 10:30:11.637 +07:00 INF] Executed action VietPropEstate.WebAPI.Controllers.ConversationsController.GetMyConversations (VietPropEstate.WebAPI) in 85.8667ms
[2026-05-24 10:30:11.640 +07:00 INF] Executed endpoint 'VietPropEstate.WebAPI.Controllers.ConversationsController.GetMyConversations (VietPropEstate.WebAPI)'
[2026-05-24 10:30:11.641 +07:00 INF] HTTP GET /api/conversations responded 200 in 101.2054 ms
[2026-05-24 10:30:11.644 +07:00 INF] Request finished HTTP/1.1 GET http://localhost:5198/api/conversations?pageNumber=1&pageSize=20 - 200 null application/json; charset=utf-8 123.6651ms
[2026-05-24 10:30:11.664 +07:00 INF] Request starting HTTP/1.1 OPTIONS http://localhost:5198/api/conversations/b1d13690-59bc-4cf6-bb86-f0350344b2f9/messages?pageNumber=1&pageSize=50 - null null
[2026-05-24 10:30:11.668 +07:00 INF] CORS policy execution successful.
[2026-05-24 10:30:11.669 +07:00 INF] Request finished HTTP/1.1 OPTIONS http://localhost:5198/api/conversations/b1d13690-59bc-4cf6-bb86-f0350344b2f9/messages?pageNumber=1&pageSize=50 - 204 null null 5.259ms
[2026-05-24 10:30:11.674 +07:00 INF] Request starting HTTP/1.1 GET http://localhost:5198/api/conversations/b1d13690-59bc-4cf6-bb86-f0350344b2f9/messages?pageNumber=1&pageSize=50 - null null
[2026-05-24 10:30:11.678 +07:00 INF] CORS policy execution successful.
[2026-05-24 10:30:11.679 +07:00 INF] Executing endpoint 'VietPropEstate.WebAPI.Controllers.ConversationsController.GetMessages (VietPropEstate.WebAPI)'
[2026-05-24 10:30:11.681 +07:00 INF] Route matched with {action = "GetMessages", controller = "Conversations"}. Executing controller action with signature System.Threading.Tasks.Task`1[Microsoft.AspNetCore.Mvc.IActionResult] GetMessages(System.Guid, Int32, Int32, System.Nullable`1[System.DateTime], System.Threading.CancellationToken) on controller VietPropEstate.WebAPI.Controllers.ConversationsController (VietPropEstate.WebAPI).
[2026-05-24 10:30:11.684 +07:00 INF] Handling GetConversationMessagesQuery {"ConversationId":"b1d13690-59bc-4cf6-bb86-f0350344b2f9","RequestingUserId":"b0d7f7d4-26e4-447e-8c5b-8702835f658c","PageNumber":1,"PageSize":50,"Before":null,"$type":"GetConversationMessagesQuery"}
[2026-05-24 10:30:11.693 +07:00 INF] Executed DbCommand (1ms) [Parameters=[@__request_ConversationId_0='?' (DbType = Guid)], CommandType='"Text"', CommandTimeout='60']
SELECT TOP(1) [c].[Id], [c].[BuyerId], [c].[BuyerUnreadCount], [c].[ClosedAt], [c].[CreatedAt], [c].[CreatedBy], [c].[DeletedAt], [c].[DeletedBy], [c].[IsClosed], [c].[IsDeleted], [c].[LastMessageAt], [c].[LastMessagePreview], [c].[LastModifiedAt], [c].[LastModifiedBy], [c].[PropertyId], [c].[RowVersion], [c].[SellerId], [c].[SellerUnreadCount], [c].[Subject]
FROM [Conversations] AS [c]
WHERE [c].[IsDeleted] = CAST(0 AS bit) AND [c].[Id] = @__request_ConversationId_0 AND [c].[IsDeleted] = CAST(0 AS bit)
[2026-05-24 10:30:11.702 +07:00 INF] Executed DbCommand (4ms) [Parameters=[@__request_ConversationId_0='?' (DbType = Guid)], CommandType='"Text"', CommandTimeout='60']
SELECT COUNT(*)
FROM [Messages] AS [m]
WHERE [m].[IsDeleted] = CAST(0 AS bit) AND [m].[ConversationId] = @__request_ConversationId_0 AND [m].[IsDeleted] = CAST(0 AS bit)
[2026-05-24 10:30:11.707 +07:00 INF] Executed DbCommand (2ms) [Parameters=[@__request_ConversationId_0='?' (DbType = Guid), @__p_1='?' (DbType = Int32), @__p_2='?' (DbType = Int32)], CommandType='"Text"', CommandTimeout='60']
SELECT [m].[Id], [m].[AttachmentUrl], [m].[Content], [m].[ConversationId], [m].[CreatedAt], [m].[CreatedBy], [m].[DeletedAt], [m].[DeletedBy], [m].[IsDeleted], [m].[LastModifiedAt], [m].[LastModifiedBy], [m].[ReadAt], [m].[RowVersion], [m].[SenderId], [m].[Status]
FROM [Messages] AS [m]
WHERE [m].[IsDeleted] = CAST(0 AS bit) AND [m].[ConversationId] = @__request_ConversationId_0 AND [m].[IsDeleted] = CAST(0 AS bit)
ORDER BY [m].[CreatedAt] DESC
OFFSET @__p_1 ROWS FETCH NEXT @__p_2 ROWS ONLY
[2026-05-24 10:30:11.712 +07:00 INF] Executed DbCommand (0ms) [Parameters=[@__ids_0='?' (Size = 4000)], CommandType='"Text"', CommandTimeout='60']
SELECT [a].[UserId], [a].[FullName]
FROM [Agents] AS [a]
WHERE [a].[IsDeleted] = CAST(0 AS bit) AND [a].[UserId] IS NOT NULL AND [a].[UserId] IN (
    SELECT [i].[value]
    FROM OPENJSON(@__ids_0) WITH ([value] nvarchar(450) '$') AS [i]
)
[2026-05-24 10:30:11.716 +07:00 INF] Executed DbCommand (0ms) [Parameters=[@__ids_0='?' (Size = 4000)], CommandType='"Text"', CommandTimeout='60']
SELECT [c].[UserId], [c].[FullName]
FROM [Customers] AS [c]
WHERE [c].[IsDeleted] = CAST(0 AS bit) AND [c].[UserId] IS NOT NULL AND [c].[UserId] IN (
    SELECT [i].[value]
    FROM OPENJSON(@__ids_0) WITH ([value] nvarchar(450) '$') AS [i]
)
[2026-05-24 10:30:11.720 +07:00 INF] Executed DbCommand (0ms) [Parameters=[@__ids_0='?' (Size = 4000)], CommandType='"Text"', CommandTimeout='60']
SELECT [a].[Id], [a].[AvatarUrl]
FROM [AspNetUsers] AS [a]
WHERE [a].[Id] IN (
    SELECT [i].[value]
    FROM OPENJSON(@__ids_0) WITH ([value] nvarchar(450) '$') AS [i]
)
[2026-05-24 10:30:11.723 +07:00 INF] Executed DbCommand (1ms) [Parameters=[@__ids_0='?' (Size = 4000)], CommandType='"Text"', CommandTimeout='60']
SELECT [a].[UserId], [a].[AvatarUrl]
FROM [Agents] AS [a]
WHERE [a].[IsDeleted] = CAST(0 AS bit) AND [a].[UserId] IS NOT NULL AND [a].[UserId] IN (
    SELECT [i].[value]
    FROM OPENJSON(@__ids_0) WITH ([value] nvarchar(450) '$') AS [i]
)
[2026-05-24 10:30:11.726 +07:00 INF] Handled GetConversationMessagesQuery in 42ms
[2026-05-24 10:30:11.728 +07:00 INF] Executing OkObjectResult, writing value of type 'VietPropEstate.Application.Common.Models.PaginatedList`1[[VietPropEstate.Application.Features.Chat.DTOs.MessageDto, VietPropEstate.Application, Version=1.0.0.0, Culture=neutral, PublicKeyToken=null]]'.
[2026-05-24 10:30:11.730 +07:00 INF] Executed action VietPropEstate.WebAPI.Controllers.ConversationsController.GetMessages (VietPropEstate.WebAPI) in 47.2097ms
[2026-05-24 10:30:11.732 +07:00 INF] Executed endpoint 'VietPropEstate.WebAPI.Controllers.ConversationsController.GetMessages (VietPropEstate.WebAPI)'
[2026-05-24 10:30:11.734 +07:00 INF] HTTP GET /api/conversations/b1d13690-59bc-4cf6-bb86-f0350344b2f9/messages responded 200 in 54.7402 ms
[2026-05-24 10:30:11.736 +07:00 INF] Request finished HTTP/1.1 GET http://localhost:5198/api/conversations/b1d13690-59bc-4cf6-bb86-f0350344b2f9/messages?pageNumber=1&pageSize=50 - 200 null application/json; charset=utf-8 62.539ms
[2026-05-24 10:30:11.741 +07:00 INF] Request starting HTTP/1.1 OPTIONS http://localhost:5198/api/conversations/b1d13690-59bc-4cf6-bb86-f0350344b2f9/read - null null
[2026-05-24 10:30:11.744 +07:00 INF] CORS policy execution successful.
[2026-05-24 10:30:11.745 +07:00 INF] Request finished HTTP/1.1 OPTIONS http://localhost:5198/api/conversations/b1d13690-59bc-4cf6-bb86-f0350344b2f9/read - 204 null null 4.7207ms
[2026-05-24 10:30:11.749 +07:00 INF] Request starting HTTP/1.1 POST http://localhost:5198/api/conversations/b1d13690-59bc-4cf6-bb86-f0350344b2f9/read - null 0
[2026-05-24 10:30:11.752 +07:00 INF] CORS policy execution successful.
[2026-05-24 10:30:11.754 +07:00 INF] Executing endpoint 'VietPropEstate.WebAPI.Controllers.ConversationsController.MarkAsRead (VietPropEstate.WebAPI)'
[2026-05-24 10:30:11.755 +07:00 INF] Route matched with {action = "MarkAsRead", controller = "Conversations"}. Executing controller action with signature System.Threading.Tasks.Task`1[Microsoft.AspNetCore.Mvc.IActionResult] MarkAsRead(System.Guid, System.Threading.CancellationToken) on controller VietPropEstate.WebAPI.Controllers.ConversationsController (VietPropEstate.WebAPI).
[2026-05-24 10:30:11.758 +07:00 INF] Handling MarkMessagesAsReadCommand {"ConversationId":"b1d13690-59bc-4cf6-bb86-f0350344b2f9","UserId":"b0d7f7d4-26e4-447e-8c5b-8702835f658c","$type":"MarkMessagesAsReadCommand"}
[2026-05-24 10:30:11.766 +07:00 INF] Executed DbCommand (2ms) [Parameters=[@__request_ConversationId_0='?' (DbType = Guid)], CommandType='"Text"', CommandTimeout='60']
SELECT TOP(1) [c].[Id], [c].[BuyerId], [c].[BuyerUnreadCount], [c].[ClosedAt], [c].[CreatedAt], [c].[CreatedBy], [c].[DeletedAt], [c].[DeletedBy], [c].[IsClosed], [c].[IsDeleted], [c].[LastMessageAt], [c].[LastMessagePreview], [c].[LastModifiedAt], [c].[LastModifiedBy], [c].[PropertyId], [c].[RowVersion], [c].[SellerId], [c].[SellerUnreadCount], [c].[Subject]
FROM [Conversations] AS [c]
WHERE [c].[IsDeleted] = CAST(0 AS bit) AND [c].[Id] = @__request_ConversationId_0 AND [c].[IsDeleted] = CAST(0 AS bit)
[2026-05-24 10:30:11.772 +07:00 INF] Executed DbCommand (3ms) [Parameters=[@__request_ConversationId_0='?' (DbType = Guid), @__request_UserId_1='?' (Size = 450)], CommandType='"Text"', CommandTimeout='60']
SELECT [m].[Id], [m].[AttachmentUrl], [m].[Content], [m].[ConversationId], [m].[CreatedAt], [m].[CreatedBy], [m].[DeletedAt], [m].[DeletedBy], [m].[IsDeleted], [m].[LastModifiedAt], [m].[LastModifiedBy], [m].[ReadAt], [m].[RowVersion], [m].[SenderId], [m].[Status]
FROM [Messages] AS [m]
WHERE [m].[IsDeleted] = CAST(0 AS bit) AND [m].[ConversationId] = @__request_ConversationId_0 AND [m].[SenderId] <> @__request_UserId_1 AND [m].[Status] IN (0, 1) AND [m].[IsDeleted] = CAST(0 AS bit)
[2026-05-24 10:30:11.775 +07:00 INF] Handled MarkMessagesAsReadCommand in 16ms
[2026-05-24 10:30:11.777 +07:00 INF] Executing StatusCodeResult, setting HTTP status code 204
[2026-05-24 10:30:11.778 +07:00 INF] Executed action VietPropEstate.WebAPI.Controllers.ConversationsController.MarkAsRead (VietPropEstate.WebAPI) in 20.3988ms
[2026-05-24 10:30:11.779 +07:00 INF] Executed endpoint 'VietPropEstate.WebAPI.Controllers.ConversationsController.MarkAsRead (VietPropEstate.WebAPI)'
[2026-05-24 10:30:11.781 +07:00 INF] HTTP POST /api/conversations/b1d13690-59bc-4cf6-bb86-f0350344b2f9/read responded 204 in 27.5007 ms
[2026-05-24 10:30:11.783 +07:00 INF] Request finished HTTP/1.1 POST http://localhost:5198/api/conversations/b1d13690-59bc-4cf6-bb86-f0350344b2f9/read - 204 null null 34.1436ms
[2026-05-24 10:30:11.787 +07:00 INF] Request starting HTTP/1.1 GET http://localhost:5198/api/conversations/unread - null null
[2026-05-24 10:30:11.790 +07:00 INF] CORS policy execution successful.
[2026-05-24 10:30:11.792 +07:00 INF] Executing endpoint 'VietPropEstate.WebAPI.Controllers.ConversationsController.GetUnreadCounts (VietPropEstate.WebAPI)'
[2026-05-24 10:30:11.793 +07:00 INF] Route matched with {action = "GetUnreadCounts", controller = "Conversations"}. Executing controller action with signature System.Threading.Tasks.Task`1[Microsoft.AspNetCore.Mvc.IActionResult] GetUnreadCounts(System.Threading.CancellationToken) on controller VietPropEstate.WebAPI.Controllers.ConversationsController (VietPropEstate.WebAPI).
[2026-05-24 10:30:11.795 +07:00 INF] Handling GetUnreadCountQuery {"UserId":"b0d7f7d4-26e4-447e-8c5b-8702835f658c","$type":"GetUnreadCountQuery"}
[2026-05-24 10:30:11.801 +07:00 INF] Executed DbCommand (2ms) [Parameters=[@__request_UserId_0='?' (Size = 450)], CommandType='"Text"', CommandTimeout='60']
SELECT COALESCE(SUM(CASE
    WHEN [c].[BuyerId] = @__request_UserId_0 THEN [c].[BuyerUnreadCount]
    ELSE [c].[SellerUnreadCount]
END), 0)
FROM [Conversations] AS [c]
WHERE [c].[IsDeleted] = CAST(0 AS bit) AND ([c].[BuyerId] = @__request_UserId_0 OR [c].[SellerId] = @__request_UserId_0) AND [c].[IsDeleted] = CAST(0 AS bit)
[2026-05-24 10:30:11.807 +07:00 INF] Executed DbCommand (3ms) [Parameters=[@__request_UserId_0='?' (Size = 450)], CommandType='"Text"', CommandTimeout='60']
SELECT COUNT(*)
FROM [Notifications] AS [n]
WHERE [n].[IsDeleted] = CAST(0 AS bit) AND [n].[UserId] = @__request_UserId_0 AND [n].[IsRead] = CAST(0 AS bit) AND [n].[IsDeleted] = CAST(0 AS bit)
[2026-05-24 10:30:11.810 +07:00 INF] Handled GetUnreadCountQuery in 15ms
[2026-05-24 10:30:11.812 +07:00 INF] Executing OkObjectResult, writing value of type 'VietPropEstate.Application.Features.Chat.Queries.GetUnreadCount.UnreadCountResult'.
[2026-05-24 10:30:11.814 +07:00 INF] Executed action VietPropEstate.WebAPI.Controllers.ConversationsController.GetUnreadCounts (VietPropEstate.WebAPI) in 19.371ms
[2026-05-24 10:30:11.816 +07:00 INF] Executed endpoint 'VietPropEstate.WebAPI.Controllers.ConversationsController.GetUnreadCounts (VietPropEstate.WebAPI)'
[2026-05-24 10:30:11.818 +07:00 INF] HTTP GET /api/conversations/unread responded 200 in 26.1001 ms
[2026-05-24 10:30:11.820 +07:00 INF] Request finished HTTP/1.1 GET http://localhost:5198/api/conversations/unread - 200 null application/json; charset=utf-8 32.7335ms
[2026-05-24 10:30:11.831 +07:00 INF] Request starting HTTP/1.1 GET http://localhost:5198/api/conversations?pageNumber=1&pageSize=20 - null null
[2026-05-24 10:30:11.833 +07:00 INF] CORS policy execution successful.
[2026-05-24 10:30:11.835 +07:00 INF] Executing endpoint 'VietPropEstate.WebAPI.Controllers.ConversationsController.GetMyConversations (VietPropEstate.WebAPI)'
[2026-05-24 10:30:11.836 +07:00 INF] Route matched with {action = "GetMyConversations", controller = "Conversations"}. Executing controller action with signature System.Threading.Tasks.Task`1[Microsoft.AspNetCore.Mvc.IActionResult] GetMyConversations(Int32, Int32, Boolean, System.Threading.CancellationToken) on controller VietPropEstate.WebAPI.Controllers.ConversationsController (VietPropEstate.WebAPI).
[2026-05-24 10:30:11.838 +07:00 INF] Handling GetUserConversationsQuery {"UserId":"b0d7f7d4-26e4-447e-8c5b-8702835f658c","PageNumber":1,"PageSize":20,"IncludeClosed":false,"$type":"GetUserConversationsQuery"}
[2026-05-24 10:30:11.846 +07:00 INF] Executed DbCommand (2ms) [Parameters=[@__request_UserId_0='?' (Size = 450)], CommandType='"Text"', CommandTimeout='60']
SELECT [u].[Id], [u].[ConversationId], [u].[CreatedAt], [u].[CreatedBy], [u].[DeletedAt], [u].[DeletedBy], [u].[IsDeleted], [u].[IsMuted], [u].[IsPinned], [u].[LastModifiedAt], [u].[LastModifiedBy], [u].[PinnedAt], [u].[RowVersion], [u].[UserId]
FROM [UserConversationSettings] AS [u]
WHERE [u].[IsDeleted] = CAST(0 AS bit) AND [u].[UserId] = @__request_UserId_0
[2026-05-24 10:30:11.851 +07:00 INF] Executed DbCommand (2ms) [Parameters=[@__request_UserId_0='?' (Size = 450)], CommandType='"Text"', CommandTimeout='60']
SELECT [u].[Id], [u].[BlockedUserId], [u].[BlockerId], [u].[CreatedAt], [u].[CreatedBy], [u].[DeletedAt], [u].[DeletedBy], [u].[IsDeleted], [u].[LastModifiedAt], [u].[LastModifiedBy], [u].[RowVersion]
FROM [UserBlocks] AS [u]
WHERE [u].[IsDeleted] = CAST(0 AS bit) AND ([u].[BlockerId] = @__request_UserId_0 OR [u].[BlockedUserId] = @__request_UserId_0)
[2026-05-24 10:30:11.864 +07:00 INF] Executed DbCommand (9ms) [Parameters=[@__request_UserId_0='?' (Size = 450)], CommandType='"Text"', CommandTimeout='60']
SELECT [c].[Id], [c].[BuyerId], [c].[BuyerUnreadCount], [c].[ClosedAt], [c].[CreatedAt], [c].[CreatedBy], [c].[DeletedAt], [c].[DeletedBy], [c].[IsClosed], [c].[IsDeleted], [c].[LastMessageAt], [c].[LastMessagePreview], [c].[LastModifiedAt], [c].[LastModifiedBy], [c].[PropertyId], [c].[RowVersion], [c].[SellerId], [c].[SellerUnreadCount], [c].[Subject], [p0].[Id], [p0].[AgentId], [p0].[Area], [p0].[CreatedAt], [p0].[CreatedBy], [p0].[DeletedAt], [p0].[DeletedBy], [p0].[Description], [p0].[Direction], [p0].[ExpiresAt], [p0].[FullAddress], [p0].[IsDeleted], [p0].[IsFeatured], [p0].[LastModifiedAt], [p0].[LastModifiedBy], [p0].[Latitude], [p0].[ListingType], [p0].[Longitude], [p0].[NumberOfBathrooms], [p0].[NumberOfBedrooms], [p0].[NumberOfFloors], [p0].[PropertyTypeId], [p0].[ProvinceCode], [p0].[ProvinceName], [p0].[PublishedAt], [p0].[RowVersion], [p0].[Slug], [p0].[Status], [p0].[Title], [p0].[TransactionTypeId], [p0].[VideoUrl], [p0].[ViewCount], [p0].[WardCode], [p0].[WardName], [p0].[AddressCountry], [p0].[AddressDistrict], [p0].[AddressLatitude], [p0].[AddressLongitude], [p0].[AddressProvince], [p0].[Street], [p0].[AddressWard], [p0].[PriceAmount], [p0].[PriceCurrency], [p3].[Id], [p3].[Caption], [p3].[CreatedAt], [p3].[CreatedBy], [p3].[DeletedAt], [p3].[DeletedBy], [p3].[DisplayOrder], [p3].[IsDeleted], [p3].[IsPrimary], [p3].[LastModifiedAt], [p3].[LastModifiedBy], [p3].[PropertyId], [p3].[RowVersion], [p3].[Url]
FROM [Conversations] AS [c]
INNER JOIN (
    SELECT [p].[Id], [p].[AgentId], [p].[Area], [p].[CreatedAt], [p].[CreatedBy], [p].[DeletedAt], [p].[DeletedBy], [p].[Description], [p].[Direction], [p].[ExpiresAt], [p].[FullAddress], [p].[IsDeleted], [p].[IsFeatured], [p].[LastModifiedAt], [p].[LastModifiedBy], [p].[Latitude], [p].[ListingType], [p].[Longitude], [p].[NumberOfBathrooms], [p].[NumberOfBedrooms], [p].[NumberOfFloors], [p].[PropertyTypeId], [p].[ProvinceCode], [p].[ProvinceName], [p].[PublishedAt], [p].[RowVersion], [p].[Slug], [p].[Status], [p].[Title], [p].[TransactionTypeId], [p].[VideoUrl], [p].[ViewCount], [p].[WardCode], [p].[WardName], [p].[AddressCountry], [p].[AddressDistrict], [p].[AddressLatitude], [p].[AddressLongitude], [p].[AddressProvince], [p].[Street], [p].[AddressWard], [p].[PriceAmount], [p].[PriceCurrency]
    FROM [Properties] AS [p]
    WHERE [p].[IsDeleted] = CAST(0 AS bit)
) AS [p0] ON [c].[PropertyId] = [p0].[Id]
LEFT JOIN (
    SELECT [p2].[Id], [p2].[Caption], [p2].[CreatedAt], [p2].[CreatedBy], [p2].[DeletedAt], [p2].[DeletedBy], [p2].[DisplayOrder], [p2].[IsDeleted], [p2].[IsPrimary], [p2].[LastModifiedAt], [p2].[LastModifiedBy], [p2].[PropertyId], [p2].[RowVersion], [p2].[Url]
    FROM (
        SELECT [p1].[Id], [p1].[Caption], [p1].[CreatedAt], [p1].[CreatedBy], [p1].[DeletedAt], [p1].[DeletedBy], [p1].[DisplayOrder], [p1].[IsDeleted], [p1].[IsPrimary], [p1].[LastModifiedAt], [p1].[LastModifiedBy], [p1].[PropertyId], [p1].[RowVersion], [p1].[Url], ROW_NUMBER() OVER(PARTITION BY [p1].[PropertyId] ORDER BY [p1].[Id]) AS [row]
        FROM [PropertyImages] AS [p1]
        WHERE [p1].[IsDeleted] = CAST(0 AS bit) AND [p1].[IsPrimary] = CAST(1 AS bit)
    ) AS [p2]
    WHERE [p2].[row] <= 1
) AS [p3] ON [p0].[Id] = [p3].[PropertyId]
WHERE [c].[IsDeleted] = CAST(0 AS bit) AND ([c].[BuyerId] = @__request_UserId_0 OR [c].[SellerId] = @__request_UserId_0) AND [c].[IsDeleted] = CAST(0 AS bit) AND [c].[IsClosed] = CAST(0 AS bit)
ORDER BY [c].[Id], [p0].[Id]
[2026-05-24 10:30:11.872 +07:00 INF] Executed DbCommand (4ms) [Parameters=[@__ids_0='?' (Size = 4000)], CommandType='"Text"', CommandTimeout='60']
SELECT [a].[UserId], [a].[FullName]
FROM [Agents] AS [a]
WHERE [a].[IsDeleted] = CAST(0 AS bit) AND [a].[UserId] IS NOT NULL AND [a].[UserId] IN (
    SELECT [i].[value]
    FROM OPENJSON(@__ids_0) WITH ([value] nvarchar(450) '$') AS [i]
)
[2026-05-24 10:30:11.879 +07:00 INF] Executed DbCommand (3ms) [Parameters=[@__ids_0='?' (Size = 4000)], CommandType='"Text"', CommandTimeout='60']
SELECT [c].[UserId], [c].[FullName]
FROM [Customers] AS [c]
WHERE [c].[IsDeleted] = CAST(0 AS bit) AND [c].[UserId] IS NOT NULL AND [c].[UserId] IN (
    SELECT [i].[value]
    FROM OPENJSON(@__ids_0) WITH ([value] nvarchar(450) '$') AS [i]
)
[2026-05-24 10:30:11.885 +07:00 INF] Executed DbCommand (3ms) [Parameters=[@__ids_0='?' (Size = 4000)], CommandType='"Text"', CommandTimeout='60']
SELECT [a].[Id], [a].[AvatarUrl]
FROM [AspNetUsers] AS [a]
WHERE [a].[Id] IN (
    SELECT [i].[value]
    FROM OPENJSON(@__ids_0) WITH ([value] nvarchar(450) '$') AS [i]
)
[2026-05-24 10:30:11.892 +07:00 INF] Executed DbCommand (3ms) [Parameters=[@__ids_0='?' (Size = 4000)], CommandType='"Text"', CommandTimeout='60']
SELECT [a].[UserId], [a].[AvatarUrl]
FROM [Agents] AS [a]
WHERE [a].[IsDeleted] = CAST(0 AS bit) AND [a].[UserId] IS NOT NULL AND [a].[UserId] IN (
    SELECT [i].[value]
    FROM OPENJSON(@__ids_0) WITH ([value] nvarchar(450) '$') AS [i]
)
[2026-05-24 10:30:11.895 +07:00 INF] Handled GetUserConversationsQuery in 57ms
[2026-05-24 10:30:11.897 +07:00 INF] Executing OkObjectResult, writing value of type 'VietPropEstate.Application.Common.Models.PaginatedList`1[[VietPropEstate.Application.Features.Chat.DTOs.ConversationDto, VietPropEstate.Application, Version=1.0.0.0, Culture=neutral, PublicKeyToken=null]]'.
[2026-05-24 10:30:11.899 +07:00 INF] Executed action VietPropEstate.WebAPI.Controllers.ConversationsController.GetMyConversations (VietPropEstate.WebAPI) in 61.4271ms
[2026-05-24 10:30:11.901 +07:00 INF] Executed endpoint 'VietPropEstate.WebAPI.Controllers.ConversationsController.GetMyConversations (VietPropEstate.WebAPI)'
[2026-05-24 10:30:11.903 +07:00 INF] HTTP GET /api/conversations responded 200 in 68.3991 ms
[2026-05-24 10:30:11.905 +07:00 INF] Request finished HTTP/1.1 GET http://localhost:5198/api/conversations?pageNumber=1&pageSize=20 - 200 null application/json; charset=utf-8 74.5143ms
[2026-05-24 10:30:26.846 +07:00 INF] Request starting HTTP/1.1 OPTIONS http://localhost:5198/api/auth/me - null null
[2026-05-24 10:30:26.849 +07:00 INF] CORS policy execution successful.
[2026-05-24 10:30:26.851 +07:00 INF] Request finished HTTP/1.1 OPTIONS http://localhost:5198/api/auth/me - 204 null null 4.0236ms
[2026-05-24 10:30:26.854 +07:00 INF] Request starting HTTP/1.1 GET http://localhost:5198/api/auth/me - null null
[2026-05-24 10:30:26.858 +07:00 INF] CORS policy execution successful.
[2026-05-24 10:30:26.859 +07:00 INF] Executing endpoint 'VietPropEstate.WebAPI.Controllers.AuthController.GetProfile (VietPropEstate.WebAPI)'
[2026-05-24 10:30:26.861 +07:00 INF] Route matched with {action = "GetProfile", controller = "Auth"}. Executing controller action with signature System.Threading.Tasks.Task`1[Microsoft.AspNetCore.Mvc.IActionResult] GetProfile(System.Threading.CancellationToken) on controller VietPropEstate.WebAPI.Controllers.AuthController (VietPropEstate.WebAPI).
[2026-05-24 10:30:26.866 +07:00 INF] Executed DbCommand (2ms) [Parameters=[@__p_0='?' (Size = 450)], CommandType='"Text"', CommandTimeout='60']
SELECT TOP(1) [a].[Id], [a].[AccessFailedCount], [a].[AddressLine], [a].[AvatarUrl], [a].[ConcurrencyStamp], [a].[CreatedAt], [a].[Email], [a].[EmailConfirmed], [a].[FirstName], [a].[IsActive], [a].[LastLoginAt], [a].[LastName], [a].[LockoutEnabled], [a].[LockoutEnd], [a].[NormalizedEmail], [a].[NormalizedUserName], [a].[PasswordHash], [a].[PhoneNumber], [a].[PhoneNumberConfirmed], [a].[ProvinceCode], [a].[ProvinceName], [a].[SecurityStamp], [a].[TwoFactorEnabled], [a].[UserName], [a].[WardCode], [a].[WardName]
FROM [AspNetUsers] AS [a]
WHERE [a].[Id] = @__p_0
[2026-05-24 10:30:26.872 +07:00 INF] Executed DbCommand (2ms) [Parameters=[@__userId_0='?' (Size = 450)], CommandType='"Text"', CommandTimeout='60']
SELECT [a0].[Name]
FROM [AspNetUserRoles] AS [a]
INNER JOIN [AspNetRoles] AS [a0] ON [a].[RoleId] = [a0].[Id]
WHERE [a].[UserId] = @__userId_0
[2026-05-24 10:30:26.875 +07:00 INF] Executing OkObjectResult, writing value of type 'VietPropEstate.Application.Features.Auth.DTOs.UserProfileDto'.
[2026-05-24 10:30:26.877 +07:00 INF] Executed action VietPropEstate.WebAPI.Controllers.AuthController.GetProfile (VietPropEstate.WebAPI) in 13.274ms
[2026-05-24 10:30:26.879 +07:00 INF] Executed endpoint 'VietPropEstate.WebAPI.Controllers.AuthController.GetProfile (VietPropEstate.WebAPI)'
[2026-05-24 10:30:26.879 +07:00 INF] HTTP GET /api/auth/me responded 200 in 20.4464 ms
[2026-05-24 10:30:26.882 +07:00 INF] Request finished HTTP/1.1 GET http://localhost:5198/api/auth/me - 200 null application/json; charset=utf-8 27.862ms
[2026-05-24 10:31:34.240 +07:00 INF] Request starting HTTP/1.1 OPTIONS http://localhost:5198/api/auth/logout - null null
[2026-05-24 10:31:34.243 +07:00 INF] CORS policy execution successful.
[2026-05-24 10:31:34.245 +07:00 INF] Request finished HTTP/1.1 OPTIONS http://localhost:5198/api/auth/logout - 204 null null 5.0032ms
[2026-05-24 10:31:34.249 +07:00 INF] Request starting HTTP/1.1 POST http://localhost:5198/api/auth/logout - null 0
[2026-05-24 10:31:34.252 +07:00 INF] CORS policy execution successful.
[2026-05-24 10:31:34.254 +07:00 INF] Executing endpoint 'VietPropEstate.WebAPI.Controllers.AuthController.Logout (VietPropEstate.WebAPI)'
[2026-05-24 10:31:34.259 +07:00 INF] Route matched with {action = "Logout", controller = "Auth"}. Executing controller action with signature System.Threading.Tasks.Task`1[Microsoft.AspNetCore.Mvc.IActionResult] Logout(System.Threading.CancellationToken) on controller VietPropEstate.WebAPI.Controllers.AuthController (VietPropEstate.WebAPI).
[2026-05-24 10:31:34.264 +07:00 INF] Handling LogoutCommand {"UserId":"b0d7f7d4-26e4-447e-8c5b-8702835f658c","IpAddress":"::1","$type":"LogoutCommand"}
[2026-05-24 10:31:34.285 +07:00 INF] Executed DbCommand (4ms) [Parameters=[@__userId_0='?' (Size = 450)], CommandType='"Text"', CommandTimeout='60']
SELECT [r].[Id], [r].[CreatedAt], [r].[CreatedByIp], [r].[ExpiresAt], [r].[IsRevoked], [r].[ReplacedByToken], [r].[RevokedAt], [r].[RevokedByIp], [r].[RevokedReason], [r].[Token], [r].[UserId]
FROM [RefreshTokens] AS [r]
WHERE [r].[UserId] = @__userId_0 AND [r].[IsRevoked] = CAST(0 AS bit)
[2026-05-24 10:31:34.323 +07:00 INF] Executed DbCommand (6ms) [Parameters=[@p10='?' (DbType = Guid), @p0='?' (DbType = DateTime2), @p1='?' (Size = 45), @p2='?' (DbType = DateTime2), @p3='?' (DbType = Boolean), @p4='?' (Size = 500), @p5='?' (DbType = DateTime2), @p6='?' (Size = 45), @p7='?' (Size = 500), @p8='?' (Size = 500), @p9='?' (Size = 450), @p21='?' (DbType = Guid), @p11='?' (DbType = DateTime2), @p12='?' (Size = 45), @p13='?' (DbType = DateTime2), @p14='?' (DbType = Boolean), @p15='?' (Size = 500), @p16='?' (DbType = DateTime2), @p17='?' (Size = 45), @p18='?' (Size = 500), @p19='?' (Size = 500), @p20='?' (Size = 450), @p32='?' (DbType = Guid), @p22='?' (DbType = DateTime2), @p23='?' (Size = 45), @p24='?' (DbType = DateTime2), @p25='?' (DbType = Boolean), @p26='?' (Size = 500), @p27='?' (DbType = DateTime2), @p28='?' (Size = 45), @p29='?' (Size = 500), @p30='?' (Size = 500), @p31='?' (Size = 450), @p43='?' (DbType = Guid), @p33='?' (DbType = DateTime2), @p34='?' (Size = 45), @p35='?' (DbType = DateTime2), @p36='?' (DbType = Boolean), @p37='?' (Size = 500), @p38='?' (DbType = DateTime2), @p39='?' (Size = 45), @p40='?' (Size = 500), @p41='?' (Size = 500), @p42='?' (Size = 450)], CommandType='"Text"', CommandTimeout='60']
SET NOCOUNT ON;
UPDATE [RefreshTokens] SET [CreatedAt] = @p0, [CreatedByIp] = @p1, [ExpiresAt] = @p2, [IsRevoked] = @p3, [ReplacedByToken] = @p4, [RevokedAt] = @p5, [RevokedByIp] = @p6, [RevokedReason] = @p7, [Token] = @p8, [UserId] = @p9
OUTPUT 1
WHERE [Id] = @p10;
UPDATE [RefreshTokens] SET [CreatedAt] = @p11, [CreatedByIp] = @p12, [ExpiresAt] = @p13, [IsRevoked] = @p14, [ReplacedByToken] = @p15, [RevokedAt] = @p16, [RevokedByIp] = @p17, [RevokedReason] = @p18, [Token] = @p19, [UserId] = @p20
OUTPUT 1
WHERE [Id] = @p21;
UPDATE [RefreshTokens] SET [CreatedAt] = @p22, [CreatedByIp] = @p23, [ExpiresAt] = @p24, [IsRevoked] = @p25, [ReplacedByToken] = @p26, [RevokedAt] = @p27, [RevokedByIp] = @p28, [RevokedReason] = @p29, [Token] = @p30, [UserId] = @p31
OUTPUT 1
WHERE [Id] = @p32;
UPDATE [RefreshTokens] SET [CreatedAt] = @p33, [CreatedByIp] = @p34, [ExpiresAt] = @p35, [IsRevoked] = @p36, [ReplacedByToken] = @p37, [RevokedAt] = @p38, [RevokedByIp] = @p39, [RevokedReason] = @p40, [Token] = @p41, [UserId] = @p42
OUTPUT 1
WHERE [Id] = @p43;
[2026-05-24 10:31:34.329 +07:00 INF] User b0d7f7d4-26e4-447e-8c5b-8702835f658c logged out, 4 token(s) revoked.
[2026-05-24 10:31:34.331 +07:00 INF] Handled LogoutCommand in 67ms
[2026-05-24 10:31:34.334 +07:00 INF] Executing StatusCodeResult, setting HTTP status code 204
[2026-05-24 10:31:34.335 +07:00 INF] Executed action VietPropEstate.WebAPI.Controllers.AuthController.Logout (VietPropEstate.WebAPI) in 73.4469ms
[2026-05-24 10:31:34.337 +07:00 INF] Executed endpoint 'VietPropEstate.WebAPI.Controllers.AuthController.Logout (VietPropEstate.WebAPI)'
[2026-05-24 10:31:34.339 +07:00 INF] HTTP POST /api/auth/logout responded 204 in 84.9930 ms
[2026-05-24 10:31:34.341 +07:00 INF] Request finished HTTP/1.1 POST http://localhost:5198/api/auth/logout - 204 null null 92.76ms
[2026-05-24 10:31:38.516 +07:00 INF] Request starting HTTP/1.1 OPTIONS http://localhost:5198/api/auth/login - null null
[2026-05-24 10:31:38.519 +07:00 INF] CORS policy execution successful.
[2026-05-24 10:31:38.520 +07:00 INF] Request finished HTTP/1.1 OPTIONS http://localhost:5198/api/auth/login - 204 null null 4.3818ms
[2026-05-24 10:31:38.524 +07:00 INF] Request starting HTTP/1.1 POST http://localhost:5198/api/auth/login - application/json; charset=utf-8 58
[2026-05-24 10:31:38.527 +07:00 INF] CORS policy execution successful.
[2026-05-24 10:31:38.528 +07:00 INF] Executing endpoint 'VietPropEstate.WebAPI.Controllers.AuthController.Login (VietPropEstate.WebAPI)'
[2026-05-24 10:31:38.530 +07:00 INF] Route matched with {action = "Login", controller = "Auth"}. Executing controller action with signature System.Threading.Tasks.Task`1[Microsoft.AspNetCore.Mvc.IActionResult] Login(VietPropEstate.Application.Features.Auth.Commands.LoginUser.LoginUserCommand, System.Threading.CancellationToken) on controller VietPropEstate.WebAPI.Controllers.AuthController (VietPropEstate.WebAPI).
[2026-05-24 10:31:38.535 +07:00 INF] Handling LoginUserCommand {"Email":"admin@vietpropestate.vn","Password":"Admin@123","IpAddress":"::1","$type":"LoginUserCommand"}
[2026-05-24 10:31:38.543 +07:00 INF] Executed DbCommand (2ms) [Parameters=[@__normalizedEmail_0='?' (Size = 256)], CommandType='"Text"', CommandTimeout='60']
SELECT TOP(2) [a].[Id], [a].[AccessFailedCount], [a].[AddressLine], [a].[AvatarUrl], [a].[ConcurrencyStamp], [a].[CreatedAt], [a].[Email], [a].[EmailConfirmed], [a].[FirstName], [a].[IsActive], [a].[LastLoginAt], [a].[LastName], [a].[LockoutEnabled], [a].[LockoutEnd], [a].[NormalizedEmail], [a].[NormalizedUserName], [a].[PasswordHash], [a].[PhoneNumber], [a].[PhoneNumberConfirmed], [a].[ProvinceCode], [a].[ProvinceName], [a].[SecurityStamp], [a].[TwoFactorEnabled], [a].[UserName], [a].[WardCode], [a].[WardName]
FROM [AspNetUsers] AS [a]
WHERE [a].[NormalizedEmail] = @__normalizedEmail_0
[2026-05-24 10:31:38.643 +07:00 INF] Executed DbCommand (1ms) [Parameters=[@__normalizedUserName_0='?' (Size = 256)], CommandType='"Text"', CommandTimeout='60']
SELECT TOP(1) [a].[Id], [a].[AccessFailedCount], [a].[AddressLine], [a].[AvatarUrl], [a].[ConcurrencyStamp], [a].[CreatedAt], [a].[Email], [a].[EmailConfirmed], [a].[FirstName], [a].[IsActive], [a].[LastLoginAt], [a].[LastName], [a].[LockoutEnabled], [a].[LockoutEnd], [a].[NormalizedEmail], [a].[NormalizedUserName], [a].[PasswordHash], [a].[PhoneNumber], [a].[PhoneNumberConfirmed], [a].[ProvinceCode], [a].[ProvinceName], [a].[SecurityStamp], [a].[TwoFactorEnabled], [a].[UserName], [a].[WardCode], [a].[WardName]
FROM [AspNetUsers] AS [a]
WHERE [a].[NormalizedUserName] = @__normalizedUserName_0
[2026-05-24 10:31:38.648 +07:00 INF] Executed DbCommand (0ms) [Parameters=[@__normalizedEmail_0='?' (Size = 256)], CommandType='"Text"', CommandTimeout='60']
SELECT TOP(2) [a].[Id], [a].[AccessFailedCount], [a].[AddressLine], [a].[AvatarUrl], [a].[ConcurrencyStamp], [a].[CreatedAt], [a].[Email], [a].[EmailConfirmed], [a].[FirstName], [a].[IsActive], [a].[LastLoginAt], [a].[LastName], [a].[LockoutEnabled], [a].[LockoutEnd], [a].[NormalizedEmail], [a].[NormalizedUserName], [a].[PasswordHash], [a].[PhoneNumber], [a].[PhoneNumberConfirmed], [a].[ProvinceCode], [a].[ProvinceName], [a].[SecurityStamp], [a].[TwoFactorEnabled], [a].[UserName], [a].[WardCode], [a].[WardName]
FROM [AspNetUsers] AS [a]
WHERE [a].[NormalizedEmail] = @__normalizedEmail_0
[2026-05-24 10:31:38.656 +07:00 INF] Executed DbCommand (4ms) [Parameters=[@p25='?' (Size = 450), @p0='?' (DbType = Int32), @p1='?' (Size = 4000), @p2='?' (Size = 4000), @p3='?' (Size = 4000), @p26='?' (Size = 4000), @p4='?' (DbType = DateTime2), @p5='?' (Size = 256), @p6='?' (DbType = Boolean), @p7='?' (Size = 4000), @p8='?' (DbType = Boolean), @p9='?' (DbType = DateTime2), @p10='?' (Size = 4000), @p11='?' (DbType = Boolean), @p12='?' (DbType = DateTimeOffset), @p13='?' (Size = 256), @p14='?' (Size = 256), @p15='?' (Size = 4000), @p16='?' (Size = 4000), @p17='?' (DbType = Boolean), @p18='?' (DbType = Int32), @p19='?' (Size = 4000), @p20='?' (Size = 4000), @p21='?' (DbType = Boolean), @p22='?' (Size = 256), @p23='?' (DbType = Int32), @p24='?' (Size = 4000)], CommandType='"Text"', CommandTimeout='60']
SET IMPLICIT_TRANSACTIONS OFF;
SET NOCOUNT ON;
UPDATE [AspNetUsers] SET [AccessFailedCount] = @p0, [AddressLine] = @p1, [AvatarUrl] = @p2, [ConcurrencyStamp] = @p3, [CreatedAt] = @p4, [Email] = @p5, [EmailConfirmed] = @p6, [FirstName] = @p7, [IsActive] = @p8, [LastLoginAt] = @p9, [LastName] = @p10, [LockoutEnabled] = @p11, [LockoutEnd] = @p12, [NormalizedEmail] = @p13, [NormalizedUserName] = @p14, [PasswordHash] = @p15, [PhoneNumber] = @p16, [PhoneNumberConfirmed] = @p17, [ProvinceCode] = @p18, [ProvinceName] = @p19, [SecurityStamp] = @p20, [TwoFactorEnabled] = @p21, [UserName] = @p22, [WardCode] = @p23, [WardName] = @p24
OUTPUT 1
WHERE [Id] = @p25 AND [ConcurrencyStamp] = @p26;
[2026-05-24 10:31:38.662 +07:00 INF] Executed DbCommand (2ms) [Parameters=[@__userId_0='?' (Size = 450)], CommandType='"Text"', CommandTimeout='60']
SELECT [a0].[Name]
FROM [AspNetUserRoles] AS [a]
INNER JOIN [AspNetRoles] AS [a0] ON [a].[RoleId] = [a0].[Id]
WHERE [a].[UserId] = @__userId_0
[2026-05-24 10:31:38.667 +07:00 INF] Executed DbCommand (2ms) [Parameters=[@__userId_0='?' (Size = 450)], CommandType='"Text"', CommandTimeout='60']
SELECT [r].[Id], [r].[CreatedAt], [r].[CreatedByIp], [r].[ExpiresAt], [r].[IsRevoked], [r].[ReplacedByToken], [r].[RevokedAt], [r].[RevokedByIp], [r].[RevokedReason], [r].[Token], [r].[UserId]
FROM [RefreshTokens] AS [r]
WHERE [r].[UserId] = @__userId_0 AND ([r].[IsRevoked] = CAST(1 AS bit) OR [r].[ExpiresAt] < GETUTCDATE())
[2026-05-24 10:31:38.673 +07:00 INF] Executed DbCommand (2ms) [Parameters=[@p0='?' (DbType = Guid), @p1='?' (DbType = DateTime2), @p2='?' (Size = 45), @p3='?' (DbType = DateTime2), @p4='?' (DbType = Boolean), @p5='?' (Size = 500), @p6='?' (DbType = DateTime2), @p7='?' (Size = 45), @p8='?' (Size = 500), @p9='?' (Size = 500), @p10='?' (Size = 450)], CommandType='"Text"', CommandTimeout='60']
SET IMPLICIT_TRANSACTIONS OFF;
SET NOCOUNT ON;
INSERT INTO [RefreshTokens] ([Id], [CreatedAt], [CreatedByIp], [ExpiresAt], [IsRevoked], [ReplacedByToken], [RevokedAt], [RevokedByIp], [RevokedReason], [Token], [UserId])
VALUES (@p0, @p1, @p2, @p3, @p4, @p5, @p6, @p7, @p8, @p9, @p10);
[2026-05-24 10:31:38.676 +07:00 INF] User admin@vietpropestate.vn logged in from ::1.
[2026-05-24 10:31:38.679 +07:00 INF] Executed DbCommand (1ms) [Parameters=[@__userId_0='?' (Size = 450)], CommandType='"Text"', CommandTimeout='60']
SELECT [a0].[Name]
FROM [AspNetUserRoles] AS [a]
INNER JOIN [AspNetRoles] AS [a0] ON [a].[RoleId] = [a0].[Id]
WHERE [a].[UserId] = @__userId_0
[2026-05-24 10:31:38.681 +07:00 INF] Handled LoginUserCommand in 146ms
[2026-05-24 10:31:38.684 +07:00 INF] Executing OkObjectResult, writing value of type 'VietPropEstate.Application.Features.Auth.DTOs.LoginApiResponse'.
[2026-05-24 10:31:38.685 +07:00 INF] Executed action VietPropEstate.WebAPI.Controllers.AuthController.Login (VietPropEstate.WebAPI) in 152.7857ms
[2026-05-24 10:31:38.687 +07:00 INF] Executed endpoint 'VietPropEstate.WebAPI.Controllers.AuthController.Login (VietPropEstate.WebAPI)'
[2026-05-24 10:31:38.689 +07:00 INF] HTTP POST /api/auth/login responded 200 in 160.9531 ms
[2026-05-24 10:31:38.691 +07:00 INF] Request finished HTTP/1.1 POST http://localhost:5198/api/auth/login - 200 null application/json; charset=utf-8 167.913ms
[2026-05-24 10:31:38.719 +07:00 INF] Request starting HTTP/1.1 OPTIONS http://localhost:5198/api/conversations/unread - null null
[2026-05-24 10:31:38.722 +07:00 INF] CORS policy execution successful.
[2026-05-24 10:31:38.723 +07:00 INF] Request starting HTTP/1.1 OPTIONS http://localhost:5198/api/notifications?pageNumber=1&pageSize=20&unreadOnly=false - null null
[2026-05-24 10:31:38.723 +07:00 INF] Request finished HTTP/1.1 OPTIONS http://localhost:5198/api/conversations/unread - 204 null null 4.3172ms
[2026-05-24 10:31:38.725 +07:00 INF] Request starting HTTP/1.1 OPTIONS http://localhost:5198/api/properties/my-listings?pageNumber=1&pageSize=10 - null null
[2026-05-24 10:31:38.725 +07:00 INF] Request starting HTTP/1.1 GET http://localhost:5198/api/conversations/unread - null null
[2026-05-24 10:31:38.726 +07:00 INF] CORS policy execution successful.
[2026-05-24 10:31:38.731 +07:00 INF] Request starting HTTP/1.1 OPTIONS http://localhost:5198/api/dashboard/stats - null null
[2026-05-24 10:31:38.734 +07:00 INF] CORS policy execution successful.
[2026-05-24 10:31:38.738 +07:00 INF] CORS policy execution successful.
[2026-05-24 10:31:38.738 +07:00 INF] Request finished HTTP/1.1 OPTIONS http://localhost:5198/api/notifications?pageNumber=1&pageSize=20&unreadOnly=false - 204 null null 15.2886ms
[2026-05-24 10:31:38.742 +07:00 INF] CORS policy execution successful.
[2026-05-24 10:31:38.743 +07:00 INF] Request finished HTTP/1.1 OPTIONS http://localhost:5198/api/properties/my-listings?pageNumber=1&pageSize=10 - 204 null null 17.9051ms
[2026-05-24 10:31:38.745 +07:00 INF] Executing endpoint 'VietPropEstate.WebAPI.Controllers.ConversationsController.GetUnreadCounts (VietPropEstate.WebAPI)'
[2026-05-24 10:31:38.748 +07:00 INF] Request starting HTTP/1.1 GET http://localhost:5198/api/notifications?pageNumber=1&pageSize=20&unreadOnly=false - null null
[2026-05-24 10:31:38.750 +07:00 INF] Request finished HTTP/1.1 OPTIONS http://localhost:5198/api/dashboard/stats - 204 null null 19.0051ms
[2026-05-24 10:31:38.754 +07:00 INF] Request starting HTTP/1.1 GET http://localhost:5198/api/properties/my-listings?pageNumber=1&pageSize=10 - null null
[2026-05-24 10:31:38.756 +07:00 INF] Route matched with {action = "GetUnreadCounts", controller = "Conversations"}. Executing controller action with signature System.Threading.Tasks.Task`1[Microsoft.AspNetCore.Mvc.IActionResult] GetUnreadCounts(System.Threading.CancellationToken) on controller VietPropEstate.WebAPI.Controllers.ConversationsController (VietPropEstate.WebAPI).
[2026-05-24 10:31:38.759 +07:00 INF] CORS policy execution successful.
[2026-05-24 10:31:38.762 +07:00 INF] Request starting HTTP/1.1 GET http://localhost:5198/api/dashboard/stats - null null
[2026-05-24 10:31:38.766 +07:00 INF] CORS policy execution successful.
[2026-05-24 10:31:38.768 +07:00 INF] Handling GetUnreadCountQuery {"UserId":"79ab50a8-ba36-497b-9b82-a73021cc3fff","$type":"GetUnreadCountQuery"}
[2026-05-24 10:31:38.769 +07:00 INF] Executing endpoint 'VietPropEstate.WebAPI.Controllers.NotificationsController.GetNotifications (VietPropEstate.WebAPI)'
[2026-05-24 10:31:38.772 +07:00 INF] CORS policy execution successful.
[2026-05-24 10:31:38.773 +07:00 INF] Executing endpoint 'VietPropEstate.WebAPI.Controllers.PropertiesController.GetMyListings (VietPropEstate.WebAPI)'
[2026-05-24 10:31:38.777 +07:00 INF] Route matched with {action = "GetNotifications", controller = "Notifications"}. Executing controller action with signature System.Threading.Tasks.Task`1[Microsoft.AspNetCore.Mvc.IActionResult] GetNotifications(Int32, Int32, Boolean, System.Threading.CancellationToken) on controller VietPropEstate.WebAPI.Controllers.NotificationsController (VietPropEstate.WebAPI).
[2026-05-24 10:31:38.779 +07:00 INF] Executing endpoint 'VietPropEstate.WebAPI.Controllers.DashboardController.GetStats (VietPropEstate.WebAPI)'
[2026-05-24 10:31:38.780 +07:00 INF] Executed DbCommand (3ms) [Parameters=[@__request_UserId_0='?' (Size = 450)], CommandType='"Text"', CommandTimeout='60']
SELECT COALESCE(SUM(CASE
    WHEN [c].[BuyerId] = @__request_UserId_0 THEN [c].[BuyerUnreadCount]
    ELSE [c].[SellerUnreadCount]
END), 0)
FROM [Conversations] AS [c]
WHERE [c].[IsDeleted] = CAST(0 AS bit) AND ([c].[BuyerId] = @__request_UserId_0 OR [c].[SellerId] = @__request_UserId_0) AND [c].[IsDeleted] = CAST(0 AS bit)
[2026-05-24 10:31:38.780 +07:00 INF] Route matched with {action = "GetMyListings", controller = "Properties"}. Executing controller action with signature System.Threading.Tasks.Task`1[Microsoft.AspNetCore.Mvc.IActionResult] GetMyListings(Int32, Int32, System.Nullable`1[VietPropEstate.Domain.Enums.PropertyStatus], System.Threading.CancellationToken) on controller VietPropEstate.WebAPI.Controllers.PropertiesController (VietPropEstate.WebAPI).
[2026-05-24 10:31:38.782 +07:00 INF] Handling GetUserNotificationsQuery {"UserId":"79ab50a8-ba36-497b-9b82-a73021cc3fff","PageNumber":1,"PageSize":20,"UnreadOnly":false,"$type":"GetUserNotificationsQuery"}
[2026-05-24 10:31:38.784 +07:00 INF] Route matched with {action = "GetStats", controller = "Dashboard"}. Executing controller action with signature System.Threading.Tasks.Task`1[Microsoft.AspNetCore.Mvc.IActionResult] GetStats(System.Threading.CancellationToken) on controller VietPropEstate.WebAPI.Controllers.DashboardController (VietPropEstate.WebAPI).
[2026-05-24 10:31:38.789 +07:00 INF] Executed DbCommand (2ms) [Parameters=[@__request_UserId_0='?' (Size = 450)], CommandType='"Text"', CommandTimeout='60']
SELECT COUNT(*)
FROM [Notifications] AS [n]
WHERE [n].[IsDeleted] = CAST(0 AS bit) AND [n].[UserId] = @__request_UserId_0 AND [n].[IsRead] = CAST(0 AS bit) AND [n].[IsDeleted] = CAST(0 AS bit)
[2026-05-24 10:31:38.790 +07:00 INF] Handling GetMyPropertiesQuery {"PageNumber":1,"PageSize":10,"Status":null,"$type":"GetMyPropertiesQuery"}
[2026-05-24 10:31:38.798 +07:00 INF] Executed DbCommand (2ms) [Parameters=[@__request_UserId_0='?' (Size = 450)], CommandType='"Text"', CommandTimeout='60']
SELECT COUNT(*)
FROM [Notifications] AS [n]
WHERE [n].[IsDeleted] = CAST(0 AS bit) AND [n].[UserId] = @__request_UserId_0 AND [n].[IsDeleted] = CAST(0 AS bit)
[2026-05-24 10:31:38.801 +07:00 INF] Handled GetUnreadCountQuery in 32ms
[2026-05-24 10:31:38.805 +07:00 INF] Executed DbCommand (2ms) [Parameters=[@__userId_0='?' (Size = 450)], CommandType='"Text"', CommandTimeout='60']
SELECT TOP(1) [a].[Id], [a].[AgencyName], [a].[AvatarUrl], [a].[Bio], [a].[CreatedAt], [a].[CreatedBy], [a].[DeletedAt], [a].[DeletedBy], [a].[Email], [a].[FullName], [a].[IsActive], [a].[IsDeleted], [a].[LastModifiedAt], [a].[LastModifiedBy], [a].[LicenseNumber], [a].[PhoneNumber], [a].[RowVersion], [a].[UserId]
FROM [Agents] AS [a]
WHERE [a].[IsDeleted] = CAST(0 AS bit) AND [a].[UserId] = @__userId_0 AND [a].[IsDeleted] = CAST(0 AS bit)
[2026-05-24 10:31:38.810 +07:00 INF] Executed DbCommand (2ms) [Parameters=[@___currentUser_UserId_0='?' (Size = 450)], CommandType='"Text"', CommandTimeout='60']
SELECT TOP(1) [a].[Id], [a].[AgencyName], [a].[AvatarUrl], [a].[Bio], [a].[CreatedAt], [a].[CreatedBy], [a].[DeletedAt], [a].[DeletedBy], [a].[Email], [a].[FullName], [a].[IsActive], [a].[IsDeleted], [a].[LastModifiedAt], [a].[LastModifiedBy], [a].[LicenseNumber], [a].[PhoneNumber], [a].[RowVersion], [a].[UserId]
FROM [Agents] AS [a]
WHERE [a].[IsDeleted] = CAST(0 AS bit) AND [a].[UserId] = @___currentUser_UserId_0 AND [a].[IsActive] = CAST(1 AS bit) AND [a].[IsDeleted] = CAST(0 AS bit)
[2026-05-24 10:31:38.810 +07:00 INF] Executed DbCommand (1ms) [Parameters=[@__request_UserId_0='?' (Size = 450), @__p_1='?' (DbType = Int32), @__p_2='?' (DbType = Int32)], CommandType='"Text"', CommandTimeout='60']
SELECT [n].[Id], [n].[UserId], [n].[Title], [n].[Content], [n].[Type], [n].[IsRead], [n].[ReadAt], [n].[ReferenceId], [n].[ActionUrl], [n].[CreatedAt]
FROM [Notifications] AS [n]
WHERE [n].[IsDeleted] = CAST(0 AS bit) AND [n].[UserId] = @__request_UserId_0 AND [n].[IsDeleted] = CAST(0 AS bit)
ORDER BY [n].[CreatedAt] DESC
OFFSET @__p_1 ROWS FETCH NEXT @__p_2 ROWS ONLY
[2026-05-24 10:31:38.810 +07:00 INF] Executing OkObjectResult, writing value of type 'VietPropEstate.Application.Features.Chat.Queries.GetUnreadCount.UnreadCountResult'.
[2026-05-24 10:31:38.816 +07:00 INF] Executed DbCommand (2ms) [Parameters=[@__agent_Id_0='?' (DbType = Guid)], CommandType='"Text"', CommandTimeout='60']
SELECT [p].[Status], [p].[ViewCount]
FROM [Properties] AS [p]
WHERE [p].[IsDeleted] = CAST(0 AS bit) AND [p].[AgentId] = @__agent_Id_0
[2026-05-24 10:31:38.819 +07:00 INF] Executed DbCommand (2ms) [Parameters=[@__agentId_0='?' (DbType = Guid)], CommandType='"Text"', CommandTimeout='60']
SELECT COUNT(*)
FROM [Properties] AS [p]
WHERE [p].[IsDeleted] = CAST(0 AS bit) AND [p].[AgentId] = @__agentId_0
[2026-05-24 10:31:38.819 +07:00 INF] Handled GetUserNotificationsQuery in 37ms
[2026-05-24 10:31:38.821 +07:00 INF] Executed action VietPropEstate.WebAPI.Controllers.ConversationsController.GetUnreadCounts (VietPropEstate.WebAPI) in 53.5139ms
[2026-05-24 10:31:38.828 +07:00 INF] Executed DbCommand (3ms) [Parameters=[@__userId_0='?' (Size = 450)], CommandType='"Text"', CommandTimeout='60']
SELECT COUNT(*)
FROM [Favorites] AS [f]
WHERE [f].[IsDeleted] = CAST(0 AS bit) AND [f].[UserId] = @__userId_0 AND [f].[IsDeleted] = CAST(0 AS bit)
[2026-05-24 10:31:38.829 +07:00 INF] Executing OkObjectResult, writing value of type 'VietPropEstate.Application.Common.Models.PaginatedList`1[[VietPropEstate.Application.Features.Notifications.DTOs.NotificationDto, VietPropEstate.Application, Version=1.0.0.0, Culture=neutral, PublicKeyToken=null]]'.
[2026-05-24 10:31:38.830 +07:00 INF] Executed endpoint 'VietPropEstate.WebAPI.Controllers.ConversationsController.GetUnreadCounts (VietPropEstate.WebAPI)'
[2026-05-24 10:31:38.833 +07:00 INF] Handling GetUnreadCountQuery {"UserId":"79ab50a8-ba36-497b-9b82-a73021cc3fff","$type":"GetUnreadCountQuery"}
[2026-05-24 10:31:38.835 +07:00 INF] Executed action VietPropEstate.WebAPI.Controllers.NotificationsController.GetNotifications (VietPropEstate.WebAPI) in 52.8677ms
[2026-05-24 10:31:38.837 +07:00 INF] HTTP GET /api/conversations/unread responded 200 in 92.3947 ms
[2026-05-24 10:31:38.840 +07:00 INF] Executed DbCommand (12ms) [Parameters=[@__agentId_0='?' (DbType = Guid), @__p_1='?' (DbType = Int32), @__p_2='?' (DbType = Int32)], CommandType='"Text"', CommandTimeout='60']
SELECT [p1].[Id], [p1].[AgentId], [p1].[Area], [p1].[CreatedAt], [p1].[CreatedBy], [p1].[DeletedAt], [p1].[DeletedBy], [p1].[Description], [p1].[Direction], [p1].[ExpiresAt], [p1].[FullAddress], [p1].[IsDeleted], [p1].[IsFeatured], [p1].[LastModifiedAt], [p1].[LastModifiedBy], [p1].[Latitude], [p1].[ListingType], [p1].[Longitude], [p1].[NumberOfBathrooms], [p1].[NumberOfBedrooms], [p1].[NumberOfFloors], [p1].[PropertyTypeId], [p1].[ProvinceCode], [p1].[ProvinceName], [p1].[PublishedAt], [p1].[RowVersion], [p1].[Slug], [p1].[Status], [p1].[Title], [p1].[TransactionTypeId], [p1].[VideoUrl], [p1].[ViewCount], [p1].[WardCode], [p1].[WardName], [p1].[AddressCountry], [p1].[AddressDistrict], [p1].[AddressLatitude], [p1].[AddressLongitude], [p1].[AddressProvince], [p1].[Street], [p1].[AddressWard], [p1].[PriceAmount], [p1].[PriceCurrency], [p2].[Id], [p2].[CreatedAt], [p2].[CreatedBy], [p2].[DeletedAt], [p2].[DeletedBy], [p2].[Description], [p2].[IsActive], [p2].[IsDeleted], [p2].[LastModifiedAt], [p2].[LastModifiedBy], [p2].[Name], [p2].[RowVersion], [a0].[Id], [a0].[AgencyName], [a0].[AvatarUrl], [a0].[Bio], [a0].[CreatedAt], [a0].[CreatedBy], [a0].[DeletedAt], [a0].[DeletedBy], [a0].[Email], [a0].[FullName], [a0].[IsActive], [a0].[IsDeleted], [a0].[LastModifiedAt], [a0].[LastModifiedBy], [a0].[LicenseNumber], [a0].[PhoneNumber], [a0].[RowVersion], [a0].[UserId], [t0].[Id], [t0].[CreatedAt], [t0].[CreatedBy], [t0].[DeletedAt], [t0].[DeletedBy], [t0].[Description], [t0].[IsActive], [t0].[IsDeleted], [t0].[LastModifiedAt], [t0].[LastModifiedBy], [t0].[Name], [t0].[RowVersion], [p4].[Id], [p4].[Caption], [p4].[CreatedAt], [p4].[CreatedBy], [p4].[DeletedAt], [p4].[DeletedBy], [p4].[DisplayOrder], [p4].[IsDeleted], [p4].[IsPrimary], [p4].[LastModifiedAt], [p4].[LastModifiedBy], [p4].[PropertyId], [p4].[RowVersion], [p4].[Url]
FROM (
    SELECT [p].[Id], [p].[AgentId], [p].[Area], [p].[CreatedAt], [p].[CreatedBy], [p].[DeletedAt], [p].[DeletedBy], [p].[Description], [p].[Direction], [p].[ExpiresAt], [p].[FullAddress], [p].[IsDeleted], [p].[IsFeatured], [p].[LastModifiedAt], [p].[LastModifiedBy], [p].[Latitude], [p].[ListingType], [p].[Longitude], [p].[NumberOfBathrooms], [p].[NumberOfBedrooms], [p].[NumberOfFloors], [p].[PropertyTypeId], [p].[ProvinceCode], [p].[ProvinceName], [p].[PublishedAt], [p].[RowVersion], [p].[Slug], [p].[Status], [p].[Title], [p].[TransactionTypeId], [p].[VideoUrl], [p].[ViewCount], [p].[WardCode], [p].[WardName], [p].[AddressCountry], [p].[AddressDistrict], [p].[AddressLatitude], [p].[AddressLongitude], [p].[AddressProvince], [p].[Street], [p].[AddressWard], [p].[PriceAmount], [p].[PriceCurrency]
    FROM [Properties] AS [p]
    WHERE [p].[IsDeleted] = CAST(0 AS bit) AND [p].[AgentId] = @__agentId_0
    ORDER BY [p].[CreatedAt] DESC
    OFFSET @__p_1 ROWS FETCH NEXT @__p_2 ROWS ONLY
) AS [p1]
INNER JOIN (
    SELECT [p0].[Id], [p0].[CreatedAt], [p0].[CreatedBy], [p0].[DeletedAt], [p0].[DeletedBy], [p0].[Description], [p0].[IsActive], [p0].[IsDeleted], [p0].[LastModifiedAt], [p0].[LastModifiedBy], [p0].[Name], [p0].[RowVersion]
    FROM [PropertyTypes] AS [p0]
    WHERE [p0].[IsDeleted] = CAST(0 AS bit)
) AS [p2] ON [p1].[PropertyTypeId] = [p2].[Id]
INNER JOIN (
    SELECT [a].[Id], [a].[AgencyName], [a].[AvatarUrl], [a].[Bio], [a].[CreatedAt], [a].[CreatedBy], [a].[DeletedAt], [a].[DeletedBy], [a].[Email], [a].[FullName], [a].[IsActive], [a].[IsDeleted], [a].[LastModifiedAt], [a].[LastModifiedBy], [a].[LicenseNumber], [a].[PhoneNumber], [a].[RowVersion], [a].[UserId]
    FROM [Agents] AS [a]
    WHERE [a].[IsDeleted] = CAST(0 AS bit)
) AS [a0] ON [p1].[AgentId] = [a0].[Id]
LEFT JOIN (
    SELECT [t].[Id], [t].[CreatedAt], [t].[CreatedBy], [t].[DeletedAt], [t].[DeletedBy], [t].[Description], [t].[IsActive], [t].[IsDeleted], [t].[LastModifiedAt], [t].[LastModifiedBy], [t].[Name], [t].[RowVersion]
    FROM [TransactionTypes] AS [t]
    WHERE [t].[IsDeleted] = CAST(0 AS bit)
) AS [t0] ON [p1].[TransactionTypeId] = [t0].[Id]
LEFT JOIN (
    SELECT [p3].[Id], [p3].[Caption], [p3].[CreatedAt], [p3].[CreatedBy], [p3].[DeletedAt], [p3].[DeletedBy], [p3].[DisplayOrder], [p3].[IsDeleted], [p3].[IsPrimary], [p3].[LastModifiedAt], [p3].[LastModifiedBy], [p3].[PropertyId], [p3].[RowVersion], [p3].[Url]
    FROM [PropertyImages] AS [p3]
    WHERE [p3].[IsDeleted] = CAST(0 AS bit)
) AS [p4] ON [p1].[Id] = [p4].[PropertyId]
ORDER BY [p1].[CreatedAt] DESC, [p1].[Id], [p2].[Id], [a0].[Id], [t0].[Id]
[2026-05-24 10:31:38.841 +07:00 INF] Executed DbCommand (0ms) [Parameters=[@__request_UserId_0='?' (Size = 450)], CommandType='"Text"', CommandTimeout='60']
SELECT COALESCE(SUM(CASE
    WHEN [c].[BuyerId] = @__request_UserId_0 THEN [c].[BuyerUnreadCount]
    ELSE [c].[SellerUnreadCount]
END), 0)
FROM [Conversations] AS [c]
WHERE [c].[IsDeleted] = CAST(0 AS bit) AND ([c].[BuyerId] = @__request_UserId_0 OR [c].[SellerId] = @__request_UserId_0) AND [c].[IsDeleted] = CAST(0 AS bit)
[2026-05-24 10:31:38.842 +07:00 INF] Executed endpoint 'VietPropEstate.WebAPI.Controllers.NotificationsController.GetNotifications (VietPropEstate.WebAPI)'
[2026-05-24 10:31:38.844 +07:00 INF] Request finished HTTP/1.1 GET http://localhost:5198/api/conversations/unread - 200 null application/json; charset=utf-8 119.1005ms
[2026-05-24 10:31:38.851 +07:00 INF] Handled GetMyPropertiesQuery in 60ms
[2026-05-24 10:31:38.853 +07:00 INF] Executed DbCommand (0ms) [Parameters=[@__request_UserId_0='?' (Size = 450)], CommandType='"Text"', CommandTimeout='60']
SELECT COUNT(*)
FROM [Notifications] AS [n]
WHERE [n].[IsDeleted] = CAST(0 AS bit) AND [n].[UserId] = @__request_UserId_0 AND [n].[IsRead] = CAST(0 AS bit) AND [n].[IsDeleted] = CAST(0 AS bit)
[2026-05-24 10:31:38.854 +07:00 INF] HTTP GET /api/notifications responded 200 in 85.1974 ms
[2026-05-24 10:31:38.860 +07:00 INF] Executing OkObjectResult, writing value of type 'VietPropEstate.Application.Common.Models.PaginatedList`1[[VietPropEstate.Application.Features.Properties.DTOs.PropertyDto, VietPropEstate.Application, Version=1.0.0.0, Culture=neutral, PublicKeyToken=null]]'.
[2026-05-24 10:31:38.863 +07:00 INF] Handled GetUnreadCountQuery in 29ms
[2026-05-24 10:31:38.866 +07:00 INF] Request finished HTTP/1.1 GET http://localhost:5198/api/notifications?pageNumber=1&pageSize=20&unreadOnly=false - 200 null application/json; charset=utf-8 117.2039ms
[2026-05-24 10:31:38.868 +07:00 INF] Executed action VietPropEstate.WebAPI.Controllers.PropertiesController.GetMyListings (VietPropEstate.WebAPI) in 78.2561ms
[2026-05-24 10:31:38.869 +07:00 INF] Executing OkObjectResult, writing value of type 'VietPropEstate.Application.Features.Dashboard.DTOs.DashboardStatsDto'.
[2026-05-24 10:31:38.875 +07:00 INF] Executed endpoint 'VietPropEstate.WebAPI.Controllers.PropertiesController.GetMyListings (VietPropEstate.WebAPI)'
[2026-05-24 10:31:38.877 +07:00 INF] Executed action VietPropEstate.WebAPI.Controllers.DashboardController.GetStats (VietPropEstate.WebAPI) in 79.2682ms
[2026-05-24 10:31:38.878 +07:00 INF] HTTP GET /api/properties/my-listings responded 200 in 105.8352 ms
[2026-05-24 10:31:38.880 +07:00 INF] Executed endpoint 'VietPropEstate.WebAPI.Controllers.DashboardController.GetStats (VietPropEstate.WebAPI)'
[2026-05-24 10:31:38.883 +07:00 INF] Request finished HTTP/1.1 GET http://localhost:5198/api/properties/my-listings?pageNumber=1&pageSize=10 - 200 null application/json; charset=utf-8 128.4681ms
[2026-05-24 10:31:38.884 +07:00 INF] HTTP GET /api/dashboard/stats responded 200 in 105.2595 ms
[2026-05-24 10:31:38.891 +07:00 INF] Request finished HTTP/1.1 GET http://localhost:5198/api/dashboard/stats - 200 null application/json; charset=utf-8 128.7541ms
[2026-05-24 10:31:38.924 +07:00 INF] Request starting HTTP/1.1 GET http://localhost:5198/uploads/properties/0f3e4098-cb2c-4a5c-8850-6e8f87c0767f/3c94f6bed45c40dcb7fb40034dbd4a8e.jpg - null null
[2026-05-24 10:31:38.927 +07:00 INF] The file /uploads/properties/0f3e4098-cb2c-4a5c-8850-6e8f87c0767f/3c94f6bed45c40dcb7fb40034dbd4a8e.jpg was not modified
[2026-05-24 10:31:38.929 +07:00 INF] Request finished HTTP/1.1 GET http://localhost:5198/uploads/properties/0f3e4098-cb2c-4a5c-8850-6e8f87c0767f/3c94f6bed45c40dcb7fb40034dbd4a8e.jpg - 304 null image/jpeg 4.9205ms
[2026-05-24 10:34:44.462 +07:00 INF] Request starting HTTP/1.1 OPTIONS http://localhost:5198/api/properties?pageNumber=1&pageSize=3&isFeatured=True&status=1&sortBy=CreatedAt&sortOrder=Desc - null null
[2026-05-24 10:34:44.463 +07:00 INF] Request starting HTTP/1.1 OPTIONS http://localhost:5198/api/properties?pageNumber=1&pageSize=6&status=1&sortBy=CreatedAt&sortOrder=Desc - null null
[2026-05-24 10:34:44.465 +07:00 INF] Request starting HTTP/1.1 OPTIONS http://localhost:5198/api/notifications?pageNumber=1&pageSize=20&unreadOnly=false - null null
[2026-05-24 10:34:44.465 +07:00 INF] CORS policy execution successful.
[2026-05-24 10:34:44.469 +07:00 INF] CORS policy execution successful.
[2026-05-24 10:34:44.473 +07:00 INF] CORS policy execution successful.
[2026-05-24 10:34:44.474 +07:00 INF] Request finished HTTP/1.1 OPTIONS http://localhost:5198/api/properties?pageNumber=1&pageSize=3&isFeatured=True&status=1&sortBy=CreatedAt&sortOrder=Desc - 204 null null 12.283ms
[2026-05-24 10:34:44.476 +07:00 INF] Request finished HTTP/1.1 OPTIONS http://localhost:5198/api/properties?pageNumber=1&pageSize=6&status=1&sortBy=CreatedAt&sortOrder=Desc - 204 null null 12.5636ms
[2026-05-24 10:34:44.477 +07:00 INF] Request finished HTTP/1.1 OPTIONS http://localhost:5198/api/notifications?pageNumber=1&pageSize=20&unreadOnly=false - 204 null null 11.8623ms
[2026-05-24 10:34:44.481 +07:00 INF] Request starting HTTP/1.1 GET http://localhost:5198/api/properties?pageNumber=1&pageSize=3&isFeatured=True&status=1&sortBy=CreatedAt&sortOrder=Desc - null null
[2026-05-24 10:34:44.486 +07:00 INF] Request starting HTTP/1.1 GET http://localhost:5198/api/notifications?pageNumber=1&pageSize=20&unreadOnly=false - null null
[2026-05-24 10:34:44.491 +07:00 INF] Request starting HTTP/1.1 GET http://localhost:5198/api/properties?pageNumber=1&pageSize=6&status=1&sortBy=CreatedAt&sortOrder=Desc - null null
[2026-05-24 10:34:44.495 +07:00 INF] CORS policy execution successful.
[2026-05-24 10:34:44.498 +07:00 INF] CORS policy execution successful.
[2026-05-24 10:34:44.502 +07:00 INF] CORS policy execution successful.
[2026-05-24 10:34:44.504 +07:00 INF] Executing endpoint 'VietPropEstate.WebAPI.Controllers.PropertiesController.GetList (VietPropEstate.WebAPI)'
[2026-05-24 10:34:44.505 +07:00 INF] Executing endpoint 'VietPropEstate.WebAPI.Controllers.NotificationsController.GetNotifications (VietPropEstate.WebAPI)'
[2026-05-24 10:34:44.506 +07:00 INF] Executing endpoint 'VietPropEstate.WebAPI.Controllers.PropertiesController.GetList (VietPropEstate.WebAPI)'
[2026-05-24 10:34:44.508 +07:00 INF] Route matched with {action = "GetList", controller = "Properties"}. Executing controller action with signature System.Threading.Tasks.Task`1[Microsoft.AspNetCore.Mvc.IActionResult] GetList(Int32, Int32, System.String, System.Nullable`1[System.Guid], System.Nullable`1[System.Guid], System.Nullable`1[VietPropEstate.Domain.Enums.ListingType], System.Nullable`1[VietPropEstate.Domain.Enums.PropertyStatus], System.Nullable`1[System.Int32], System.Nullable`1[System.Int32], System.String, System.Nullable`1[System.Decimal], System.Nullable`1[System.Decimal], System.Nullable`1[System.Decimal], System.Nullable`1[System.Decimal], System.Nullable`1[System.Int32], System.Nullable`1[System.Int32], System.Nullable`1[System.Int32], System.Nullable`1[VietPropEstate.Domain.Enums.PropertyDirection], System.Nullable`1[System.Boolean], System.String, System.String, System.Threading.CancellationToken) on controller VietPropEstate.WebAPI.Controllers.PropertiesController (VietPropEstate.WebAPI).
[2026-05-24 10:34:44.509 +07:00 INF] Route matched with {action = "GetNotifications", controller = "Notifications"}. Executing controller action with signature System.Threading.Tasks.Task`1[Microsoft.AspNetCore.Mvc.IActionResult] GetNotifications(Int32, Int32, Boolean, System.Threading.CancellationToken) on controller VietPropEstate.WebAPI.Controllers.NotificationsController (VietPropEstate.WebAPI).
[2026-05-24 10:34:44.511 +07:00 INF] Route matched with {action = "GetList", controller = "Properties"}. Executing controller action with signature System.Threading.Tasks.Task`1[Microsoft.AspNetCore.Mvc.IActionResult] GetList(Int32, Int32, System.String, System.Nullable`1[System.Guid], System.Nullable`1[System.Guid], System.Nullable`1[VietPropEstate.Domain.Enums.ListingType], System.Nullable`1[VietPropEstate.Domain.Enums.PropertyStatus], System.Nullable`1[System.Int32], System.Nullable`1[System.Int32], System.String, System.Nullable`1[System.Decimal], System.Nullable`1[System.Decimal], System.Nullable`1[System.Decimal], System.Nullable`1[System.Decimal], System.Nullable`1[System.Int32], System.Nullable`1[System.Int32], System.Nullable`1[System.Int32], System.Nullable`1[VietPropEstate.Domain.Enums.PropertyDirection], System.Nullable`1[System.Boolean], System.String, System.String, System.Threading.CancellationToken) on controller VietPropEstate.WebAPI.Controllers.PropertiesController (VietPropEstate.WebAPI).
[2026-05-24 10:34:44.515 +07:00 INF] Handling GetPropertiesListQuery {"PageNumber":1,"PageSize":3,"SearchTerm":null,"PropertyTypeId":null,"TransactionTypeId":null,"ListingType":null,"Status":"Active","ProvinceCode":null,"WardCode":null,"ProvinceName":null,"MinPrice":null,"MaxPrice":null,"MinArea":null,"MaxArea":null,"MinBedrooms":null,"MaxBedrooms":null,"Bathrooms":null,"Direction":null,"IsFeatured":true,"AllStatuses":false,"SortBy":"CreatedAt","SortOrder":"Desc","$type":"GetPropertiesListQuery"}
[2026-05-24 10:34:44.517 +07:00 INF] Handling GetUserNotificationsQuery {"UserId":"79ab50a8-ba36-497b-9b82-a73021cc3fff","PageNumber":1,"PageSize":20,"UnreadOnly":false,"$type":"GetUserNotificationsQuery"}
[2026-05-24 10:34:44.521 +07:00 INF] Handling GetPropertiesListQuery {"PageNumber":1,"PageSize":6,"SearchTerm":null,"PropertyTypeId":null,"TransactionTypeId":null,"ListingType":null,"Status":"Active","ProvinceCode":null,"WardCode":null,"ProvinceName":null,"MinPrice":null,"MaxPrice":null,"MinArea":null,"MaxArea":null,"MinBedrooms":null,"MaxBedrooms":null,"Bathrooms":null,"Direction":null,"IsFeatured":null,"AllStatuses":false,"SortBy":"CreatedAt","SortOrder":"Desc","$type":"GetPropertiesListQuery"}
[2026-05-24 10:34:44.545 +07:00 INF] Executed DbCommand (3ms) [Parameters=[@__status_Value_0='?' (DbType = Int32), @__isFeatured_Value_1='?' (DbType = Boolean)], CommandType='"Text"', CommandTimeout='60']
SELECT COUNT(*)
FROM [Properties] AS [p]
WHERE [p].[IsDeleted] = CAST(0 AS bit) AND [p].[Status] = @__status_Value_0 AND [p].[IsFeatured] = @__isFeatured_Value_1
[2026-05-24 10:34:44.549 +07:00 INF] Executed DbCommand (2ms) [Parameters=[@__request_UserId_0='?' (Size = 450)], CommandType='"Text"', CommandTimeout='60']
SELECT COUNT(*)
FROM [Notifications] AS [n]
WHERE [n].[IsDeleted] = CAST(0 AS bit) AND [n].[UserId] = @__request_UserId_0 AND [n].[IsDeleted] = CAST(0 AS bit)
[2026-05-24 10:34:44.570 +07:00 INF] Executed DbCommand (2ms) [Parameters=[@__status_Value_0='?' (DbType = Int32)], CommandType='"Text"', CommandTimeout='60']
SELECT COUNT(*)
FROM [Properties] AS [p]
WHERE [p].[IsDeleted] = CAST(0 AS bit) AND [p].[Status] = @__status_Value_0
[2026-05-24 10:34:44.574 +07:00 INF] Executed DbCommand (2ms) [Parameters=[@__request_UserId_0='?' (Size = 450), @__p_1='?' (DbType = Int32), @__p_2='?' (DbType = Int32)], CommandType='"Text"', CommandTimeout='60']
SELECT [n].[Id], [n].[UserId], [n].[Title], [n].[Content], [n].[Type], [n].[IsRead], [n].[ReadAt], [n].[ReferenceId], [n].[ActionUrl], [n].[CreatedAt]
FROM [Notifications] AS [n]
WHERE [n].[IsDeleted] = CAST(0 AS bit) AND [n].[UserId] = @__request_UserId_0 AND [n].[IsDeleted] = CAST(0 AS bit)
ORDER BY [n].[CreatedAt] DESC
OFFSET @__p_1 ROWS FETCH NEXT @__p_2 ROWS ONLY
[2026-05-24 10:34:44.578 +07:00 INF] Handled GetUserNotificationsQuery in 61ms
[2026-05-24 10:34:44.580 +07:00 INF] Executing OkObjectResult, writing value of type 'VietPropEstate.Application.Common.Models.PaginatedList`1[[VietPropEstate.Application.Features.Notifications.DTOs.NotificationDto, VietPropEstate.Application, Version=1.0.0.0, Culture=neutral, PublicKeyToken=null]]'.
[2026-05-24 10:34:44.583 +07:00 INF] Executed action VietPropEstate.WebAPI.Controllers.NotificationsController.GetNotifications (VietPropEstate.WebAPI) in 65.8968ms
[2026-05-24 10:34:44.585 +07:00 INF] Executed endpoint 'VietPropEstate.WebAPI.Controllers.NotificationsController.GetNotifications (VietPropEstate.WebAPI)'
[2026-05-24 10:34:44.586 +07:00 INF] HTTP GET /api/notifications responded 200 in 81.7908 ms
[2026-05-24 10:34:44.589 +07:00 INF] Request finished HTTP/1.1 GET http://localhost:5198/api/notifications?pageNumber=1&pageSize=20&unreadOnly=false - 200 null application/json; charset=utf-8 102.9944ms
[2026-05-24 10:34:44.594 +07:00 INF] Executed DbCommand (24ms) [Parameters=[@__status_Value_0='?' (DbType = Int32), @__isFeatured_Value_1='?' (DbType = Boolean), @__p_2='?' (DbType = Int32), @__p_3='?' (DbType = Int32)], CommandType='"Text"', CommandTimeout='60']
SELECT [p1].[Id], [p1].[AgentId], [p1].[Area], [p1].[CreatedAt], [p1].[CreatedBy], [p1].[DeletedAt], [p1].[DeletedBy], [p1].[Description], [p1].[Direction], [p1].[ExpiresAt], [p1].[FullAddress], [p1].[IsDeleted], [p1].[IsFeatured], [p1].[LastModifiedAt], [p1].[LastModifiedBy], [p1].[Latitude], [p1].[ListingType], [p1].[Longitude], [p1].[NumberOfBathrooms], [p1].[NumberOfBedrooms], [p1].[NumberOfFloors], [p1].[PropertyTypeId], [p1].[ProvinceCode], [p1].[ProvinceName], [p1].[PublishedAt], [p1].[RowVersion], [p1].[Slug], [p1].[Status], [p1].[Title], [p1].[TransactionTypeId], [p1].[VideoUrl], [p1].[ViewCount], [p1].[WardCode], [p1].[WardName], [p1].[AddressCountry], [p1].[AddressDistrict], [p1].[AddressLatitude], [p1].[AddressLongitude], [p1].[AddressProvince], [p1].[Street], [p1].[AddressWard], [p1].[PriceAmount], [p1].[PriceCurrency], [p2].[Id], [p2].[CreatedAt], [p2].[CreatedBy], [p2].[DeletedAt], [p2].[DeletedBy], [p2].[Description], [p2].[IsActive], [p2].[IsDeleted], [p2].[LastModifiedAt], [p2].[LastModifiedBy], [p2].[Name], [p2].[RowVersion], [a0].[Id], [a0].[AgencyName], [a0].[AvatarUrl], [a0].[Bio], [a0].[CreatedAt], [a0].[CreatedBy], [a0].[DeletedAt], [a0].[DeletedBy], [a0].[Email], [a0].[FullName], [a0].[IsActive], [a0].[IsDeleted], [a0].[LastModifiedAt], [a0].[LastModifiedBy], [a0].[LicenseNumber], [a0].[PhoneNumber], [a0].[RowVersion], [a0].[UserId], [t0].[Id], [t0].[CreatedAt], [t0].[CreatedBy], [t0].[DeletedAt], [t0].[DeletedBy], [t0].[Description], [t0].[IsActive], [t0].[IsDeleted], [t0].[LastModifiedAt], [t0].[LastModifiedBy], [t0].[Name], [t0].[RowVersion], [p4].[Id], [p4].[Caption], [p4].[CreatedAt], [p4].[CreatedBy], [p4].[DeletedAt], [p4].[DeletedBy], [p4].[DisplayOrder], [p4].[IsDeleted], [p4].[IsPrimary], [p4].[LastModifiedAt], [p4].[LastModifiedBy], [p4].[PropertyId], [p4].[RowVersion], [p4].[Url]
FROM (
    SELECT [p].[Id], [p].[AgentId], [p].[Area], [p].[CreatedAt], [p].[CreatedBy], [p].[DeletedAt], [p].[DeletedBy], [p].[Description], [p].[Direction], [p].[ExpiresAt], [p].[FullAddress], [p].[IsDeleted], [p].[IsFeatured], [p].[LastModifiedAt], [p].[LastModifiedBy], [p].[Latitude], [p].[ListingType], [p].[Longitude], [p].[NumberOfBathrooms], [p].[NumberOfBedrooms], [p].[NumberOfFloors], [p].[PropertyTypeId], [p].[ProvinceCode], [p].[ProvinceName], [p].[PublishedAt], [p].[RowVersion], [p].[Slug], [p].[Status], [p].[Title], [p].[TransactionTypeId], [p].[VideoUrl], [p].[ViewCount], [p].[WardCode], [p].[WardName], [p].[AddressCountry], [p].[AddressDistrict], [p].[AddressLatitude], [p].[AddressLongitude], [p].[AddressProvince], [p].[Street], [p].[AddressWard], [p].[PriceAmount], [p].[PriceCurrency]
    FROM [Properties] AS [p]
    WHERE [p].[IsDeleted] = CAST(0 AS bit) AND [p].[Status] = @__status_Value_0 AND [p].[IsFeatured] = @__isFeatured_Value_1
    ORDER BY [p].[IsFeatured] DESC, [p].[CreatedAt] DESC
    OFFSET @__p_2 ROWS FETCH NEXT @__p_3 ROWS ONLY
) AS [p1]
INNER JOIN (
    SELECT [p0].[Id], [p0].[CreatedAt], [p0].[CreatedBy], [p0].[DeletedAt], [p0].[DeletedBy], [p0].[Description], [p0].[IsActive], [p0].[IsDeleted], [p0].[LastModifiedAt], [p0].[LastModifiedBy], [p0].[Name], [p0].[RowVersion]
    FROM [PropertyTypes] AS [p0]
    WHERE [p0].[IsDeleted] = CAST(0 AS bit)
) AS [p2] ON [p1].[PropertyTypeId] = [p2].[Id]
INNER JOIN (
    SELECT [a].[Id], [a].[AgencyName], [a].[AvatarUrl], [a].[Bio], [a].[CreatedAt], [a].[CreatedBy], [a].[DeletedAt], [a].[DeletedBy], [a].[Email], [a].[FullName], [a].[IsActive], [a].[IsDeleted], [a].[LastModifiedAt], [a].[LastModifiedBy], [a].[LicenseNumber], [a].[PhoneNumber], [a].[RowVersion], [a].[UserId]
    FROM [Agents] AS [a]
    WHERE [a].[IsDeleted] = CAST(0 AS bit)
) AS [a0] ON [p1].[AgentId] = [a0].[Id]
LEFT JOIN (
    SELECT [t].[Id], [t].[CreatedAt], [t].[CreatedBy], [t].[DeletedAt], [t].[DeletedBy], [t].[Description], [t].[IsActive], [t].[IsDeleted], [t].[LastModifiedAt], [t].[LastModifiedBy], [t].[Name], [t].[RowVersion]
    FROM [TransactionTypes] AS [t]
    WHERE [t].[IsDeleted] = CAST(0 AS bit)
) AS [t0] ON [p1].[TransactionTypeId] = [t0].[Id]
LEFT JOIN (
    SELECT [p3].[Id], [p3].[Caption], [p3].[CreatedAt], [p3].[CreatedBy], [p3].[DeletedAt], [p3].[DeletedBy], [p3].[DisplayOrder], [p3].[IsDeleted], [p3].[IsPrimary], [p3].[LastModifiedAt], [p3].[LastModifiedBy], [p3].[PropertyId], [p3].[RowVersion], [p3].[Url]
    FROM [PropertyImages] AS [p3]
    WHERE [p3].[IsDeleted] = CAST(0 AS bit)
) AS [p4] ON [p1].[Id] = [p4].[PropertyId]
ORDER BY [p1].[IsFeatured] DESC, [p1].[CreatedAt] DESC, [p1].[Id], [p2].[Id], [a0].[Id], [t0].[Id]
[2026-05-24 10:34:44.598 +07:00 INF] Executed DbCommand (22ms) [Parameters=[@__status_Value_0='?' (DbType = Int32), @__p_1='?' (DbType = Int32), @__p_2='?' (DbType = Int32)], CommandType='"Text"', CommandTimeout='60']
SELECT [p1].[Id], [p1].[AgentId], [p1].[Area], [p1].[CreatedAt], [p1].[CreatedBy], [p1].[DeletedAt], [p1].[DeletedBy], [p1].[Description], [p1].[Direction], [p1].[ExpiresAt], [p1].[FullAddress], [p1].[IsDeleted], [p1].[IsFeatured], [p1].[LastModifiedAt], [p1].[LastModifiedBy], [p1].[Latitude], [p1].[ListingType], [p1].[Longitude], [p1].[NumberOfBathrooms], [p1].[NumberOfBedrooms], [p1].[NumberOfFloors], [p1].[PropertyTypeId], [p1].[ProvinceCode], [p1].[ProvinceName], [p1].[PublishedAt], [p1].[RowVersion], [p1].[Slug], [p1].[Status], [p1].[Title], [p1].[TransactionTypeId], [p1].[VideoUrl], [p1].[ViewCount], [p1].[WardCode], [p1].[WardName], [p1].[AddressCountry], [p1].[AddressDistrict], [p1].[AddressLatitude], [p1].[AddressLongitude], [p1].[AddressProvince], [p1].[Street], [p1].[AddressWard], [p1].[PriceAmount], [p1].[PriceCurrency], [p2].[Id], [p2].[CreatedAt], [p2].[CreatedBy], [p2].[DeletedAt], [p2].[DeletedBy], [p2].[Description], [p2].[IsActive], [p2].[IsDeleted], [p2].[LastModifiedAt], [p2].[LastModifiedBy], [p2].[Name], [p2].[RowVersion], [a0].[Id], [a0].[AgencyName], [a0].[AvatarUrl], [a0].[Bio], [a0].[CreatedAt], [a0].[CreatedBy], [a0].[DeletedAt], [a0].[DeletedBy], [a0].[Email], [a0].[FullName], [a0].[IsActive], [a0].[IsDeleted], [a0].[LastModifiedAt], [a0].[LastModifiedBy], [a0].[LicenseNumber], [a0].[PhoneNumber], [a0].[RowVersion], [a0].[UserId], [t0].[Id], [t0].[CreatedAt], [t0].[CreatedBy], [t0].[DeletedAt], [t0].[DeletedBy], [t0].[Description], [t0].[IsActive], [t0].[IsDeleted], [t0].[LastModifiedAt], [t0].[LastModifiedBy], [t0].[Name], [t0].[RowVersion], [p4].[Id], [p4].[Caption], [p4].[CreatedAt], [p4].[CreatedBy], [p4].[DeletedAt], [p4].[DeletedBy], [p4].[DisplayOrder], [p4].[IsDeleted], [p4].[IsPrimary], [p4].[LastModifiedAt], [p4].[LastModifiedBy], [p4].[PropertyId], [p4].[RowVersion], [p4].[Url]
FROM (
    SELECT [p].[Id], [p].[AgentId], [p].[Area], [p].[CreatedAt], [p].[CreatedBy], [p].[DeletedAt], [p].[DeletedBy], [p].[Description], [p].[Direction], [p].[ExpiresAt], [p].[FullAddress], [p].[IsDeleted], [p].[IsFeatured], [p].[LastModifiedAt], [p].[LastModifiedBy], [p].[Latitude], [p].[ListingType], [p].[Longitude], [p].[NumberOfBathrooms], [p].[NumberOfBedrooms], [p].[NumberOfFloors], [p].[PropertyTypeId], [p].[ProvinceCode], [p].[ProvinceName], [p].[PublishedAt], [p].[RowVersion], [p].[Slug], [p].[Status], [p].[Title], [p].[TransactionTypeId], [p].[VideoUrl], [p].[ViewCount], [p].[WardCode], [p].[WardName], [p].[AddressCountry], [p].[AddressDistrict], [p].[AddressLatitude], [p].[AddressLongitude], [p].[AddressProvince], [p].[Street], [p].[AddressWard], [p].[PriceAmount], [p].[PriceCurrency]
    FROM [Properties] AS [p]
    WHERE [p].[IsDeleted] = CAST(0 AS bit) AND [p].[Status] = @__status_Value_0
    ORDER BY [p].[IsFeatured] DESC, [p].[CreatedAt] DESC
    OFFSET @__p_1 ROWS FETCH NEXT @__p_2 ROWS ONLY
) AS [p1]
INNER JOIN (
    SELECT [p0].[Id], [p0].[CreatedAt], [p0].[CreatedBy], [p0].[DeletedAt], [p0].[DeletedBy], [p0].[Description], [p0].[IsActive], [p0].[IsDeleted], [p0].[LastModifiedAt], [p0].[LastModifiedBy], [p0].[Name], [p0].[RowVersion]
    FROM [PropertyTypes] AS [p0]
    WHERE [p0].[IsDeleted] = CAST(0 AS bit)
) AS [p2] ON [p1].[PropertyTypeId] = [p2].[Id]
INNER JOIN (
    SELECT [a].[Id], [a].[AgencyName], [a].[AvatarUrl], [a].[Bio], [a].[CreatedAt], [a].[CreatedBy], [a].[DeletedAt], [a].[DeletedBy], [a].[Email], [a].[FullName], [a].[IsActive], [a].[IsDeleted], [a].[LastModifiedAt], [a].[LastModifiedBy], [a].[LicenseNumber], [a].[PhoneNumber], [a].[RowVersion], [a].[UserId]
    FROM [Agents] AS [a]
    WHERE [a].[IsDeleted] = CAST(0 AS bit)
) AS [a0] ON [p1].[AgentId] = [a0].[Id]
LEFT JOIN (
    SELECT [t].[Id], [t].[CreatedAt], [t].[CreatedBy], [t].[DeletedAt], [t].[DeletedBy], [t].[Description], [t].[IsActive], [t].[IsDeleted], [t].[LastModifiedAt], [t].[LastModifiedBy], [t].[Name], [t].[RowVersion]
    FROM [TransactionTypes] AS [t]
    WHERE [t].[IsDeleted] = CAST(0 AS bit)
) AS [t0] ON [p1].[TransactionTypeId] = [t0].[Id]
LEFT JOIN (
    SELECT [p3].[Id], [p3].[Caption], [p3].[CreatedAt], [p3].[CreatedBy], [p3].[DeletedAt], [p3].[DeletedBy], [p3].[DisplayOrder], [p3].[IsDeleted], [p3].[IsPrimary], [p3].[LastModifiedAt], [p3].[LastModifiedBy], [p3].[PropertyId], [p3].[RowVersion], [p3].[Url]
    FROM [PropertyImages] AS [p3]
    WHERE [p3].[IsDeleted] = CAST(0 AS bit)
) AS [p4] ON [p1].[Id] = [p4].[PropertyId]
ORDER BY [p1].[IsFeatured] DESC, [p1].[CreatedAt] DESC, [p1].[Id], [p2].[Id], [a0].[Id], [t0].[Id]
[2026-05-24 10:34:44.600 +07:00 INF] Handled GetPropertiesListQuery in 84ms
[2026-05-24 10:34:44.606 +07:00 INF] Handled GetPropertiesListQuery in 84ms
[2026-05-24 10:34:44.606 +07:00 INF] Executing OkObjectResult, writing value of type 'VietPropEstate.Application.Common.Models.PaginatedList`1[[VietPropEstate.Application.Features.Properties.DTOs.PropertyDto, VietPropEstate.Application, Version=1.0.0.0, Culture=neutral, PublicKeyToken=null]]'.
[2026-05-24 10:34:44.608 +07:00 INF] Executing OkObjectResult, writing value of type 'VietPropEstate.Application.Common.Models.PaginatedList`1[[VietPropEstate.Application.Features.Properties.DTOs.PropertyDto, VietPropEstate.Application, Version=1.0.0.0, Culture=neutral, PublicKeyToken=null]]'.
[2026-05-24 10:34:44.611 +07:00 INF] Executed action VietPropEstate.WebAPI.Controllers.PropertiesController.GetList (VietPropEstate.WebAPI) in 96.7663ms
[2026-05-24 10:34:44.613 +07:00 INF] Executed action VietPropEstate.WebAPI.Controllers.PropertiesController.GetList (VietPropEstate.WebAPI) in 92.6816ms
[2026-05-24 10:34:44.614 +07:00 INF] Executed endpoint 'VietPropEstate.WebAPI.Controllers.PropertiesController.GetList (VietPropEstate.WebAPI)'
[2026-05-24 10:34:44.616 +07:00 INF] Executed endpoint 'VietPropEstate.WebAPI.Controllers.PropertiesController.GetList (VietPropEstate.WebAPI)'
[2026-05-24 10:34:44.618 +07:00 INF] HTTP GET /api/properties responded 200 in 114.5958 ms
[2026-05-24 10:34:44.619 +07:00 INF] HTTP GET /api/properties responded 200 in 113.4518 ms
[2026-05-24 10:34:44.622 +07:00 INF] Request finished HTTP/1.1 GET http://localhost:5198/api/properties?pageNumber=1&pageSize=3&isFeatured=True&status=1&sortBy=CreatedAt&sortOrder=Desc - 200 null application/json; charset=utf-8 141.1904ms
[2026-05-24 10:34:44.625 +07:00 INF] Request finished HTTP/1.1 GET http://localhost:5198/api/properties?pageNumber=1&pageSize=6&status=1&sortBy=CreatedAt&sortOrder=Desc - 200 null application/json; charset=utf-8 134.471ms
[2026-05-24 10:34:46.404 +07:00 INF] Request starting HTTP/1.1 OPTIONS http://localhost:5198/api/properties/slug/villa-ngh-dng-nha-trang-khnh-ha-2c190143 - null null
[2026-05-24 10:34:46.407 +07:00 INF] CORS policy execution successful.
[2026-05-24 10:34:46.408 +07:00 INF] Request finished HTTP/1.1 OPTIONS http://localhost:5198/api/properties/slug/villa-ngh-dng-nha-trang-khnh-ha-2c190143 - 204 null null 4.1582ms
[2026-05-24 10:34:46.412 +07:00 INF] Request starting HTTP/1.1 GET http://localhost:5198/api/properties/slug/villa-ngh-dng-nha-trang-khnh-ha-2c190143 - null null
[2026-05-24 10:34:46.416 +07:00 INF] CORS policy execution successful.
[2026-05-24 10:34:46.417 +07:00 INF] Executing endpoint 'VietPropEstate.WebAPI.Controllers.PropertiesController.GetBySlug (VietPropEstate.WebAPI)'
[2026-05-24 10:34:46.422 +07:00 INF] Route matched with {action = "GetBySlug", controller = "Properties"}. Executing controller action with signature System.Threading.Tasks.Task`1[Microsoft.AspNetCore.Mvc.IActionResult] GetBySlug(System.String, System.Threading.CancellationToken) on controller VietPropEstate.WebAPI.Controllers.PropertiesController (VietPropEstate.WebAPI).
[2026-05-24 10:34:46.427 +07:00 INF] Handling GetPropertyBySlugQuery {"Slug":"villa-ngh-dng-nha-trang-khnh-ha-2c190143","$type":"GetPropertyBySlugQuery"}
[2026-05-24 10:34:46.535 +07:00 INF] Executed DbCommand (12ms) [Parameters=[@__slug_0='?' (Size = 600)], CommandType='"Text"', CommandTimeout='60']
SELECT [s].[Id], [s].[AgentId], [s].[Area], [s].[CreatedAt], [s].[CreatedBy], [s].[DeletedAt], [s].[DeletedBy], [s].[Description], [s].[Direction], [s].[ExpiresAt], [s].[FullAddress], [s].[IsDeleted], [s].[IsFeatured], [s].[LastModifiedAt], [s].[LastModifiedBy], [s].[Latitude], [s].[ListingType], [s].[Longitude], [s].[NumberOfBathrooms], [s].[NumberOfBedrooms], [s].[NumberOfFloors], [s].[PropertyTypeId], [s].[ProvinceCode], [s].[ProvinceName], [s].[PublishedAt], [s].[RowVersion], [s].[Slug], [s].[Status], [s].[Title], [s].[TransactionTypeId], [s].[VideoUrl], [s].[ViewCount], [s].[WardCode], [s].[WardName], [s].[AddressCountry], [s].[AddressDistrict], [s].[AddressLatitude], [s].[AddressLongitude], [s].[AddressProvince], [s].[Street], [s].[AddressWard], [s].[PriceAmount], [s].[PriceCurrency], [s].[Id0], [s].[CreatedAt0], [s].[CreatedBy0], [s].[DeletedAt0], [s].[DeletedBy0], [s].[Description0], [s].[IsActive], [s].[IsDeleted0], [s].[LastModifiedAt0], [s].[LastModifiedBy0], [s].[Name], [s].[RowVersion0], [s].[Id1], [s].[AgencyName], [s].[AvatarUrl], [s].[Bio], [s].[CreatedAt1], [s].[CreatedBy1], [s].[DeletedAt1], [s].[DeletedBy1], [s].[Email], [s].[FullName], [s].[IsActive0], [s].[IsDeleted1], [s].[LastModifiedAt1], [s].[LastModifiedBy1], [s].[LicenseNumber], [s].[PhoneNumber], [s].[RowVersion1], [s].[UserId], [s].[Id2], [s].[CreatedAt2], [s].[CreatedBy2], [s].[DeletedAt2], [s].[DeletedBy2], [s].[Description1], [s].[IsActive1], [s].[IsDeleted2], [s].[LastModifiedAt2], [s].[LastModifiedBy2], [s].[Name0], [s].[RowVersion2], [p3].[Id], [p3].[Caption], [p3].[CreatedAt], [p3].[CreatedBy], [p3].[DeletedAt], [p3].[DeletedBy], [p3].[DisplayOrder], [p3].[IsDeleted], [p3].[IsPrimary], [p3].[LastModifiedAt], [p3].[LastModifiedBy], [p3].[PropertyId], [p3].[RowVersion], [p3].[Url]
FROM (
    SELECT TOP(1) [p].[Id], [p].[AgentId], [p].[Area], [p].[CreatedAt], [p].[CreatedBy], [p].[DeletedAt], [p].[DeletedBy], [p].[Description], [p].[Direction], [p].[ExpiresAt], [p].[FullAddress], [p].[IsDeleted], [p].[IsFeatured], [p].[LastModifiedAt], [p].[LastModifiedBy], [p].[Latitude], [p].[ListingType], [p].[Longitude], [p].[NumberOfBathrooms], [p].[NumberOfBedrooms], [p].[NumberOfFloors], [p].[PropertyTypeId], [p].[ProvinceCode], [p].[ProvinceName], [p].[PublishedAt], [p].[RowVersion], [p].[Slug], [p].[Status], [p].[Title], [p].[TransactionTypeId], [p].[VideoUrl], [p].[ViewCount], [p].[WardCode], [p].[WardName], [p].[AddressCountry], [p].[AddressDistrict], [p].[AddressLatitude], [p].[AddressLongitude], [p].[AddressProvince], [p].[Street], [p].[AddressWard], [p].[PriceAmount], [p].[PriceCurrency], [p1].[Id] AS [Id0], [p1].[CreatedAt] AS [CreatedAt0], [p1].[CreatedBy] AS [CreatedBy0], [p1].[DeletedAt] AS [DeletedAt0], [p1].[DeletedBy] AS [DeletedBy0], [p1].[Description] AS [Description0], [p1].[IsActive], [p1].[IsDeleted] AS [IsDeleted0], [p1].[LastModifiedAt] AS [LastModifiedAt0], [p1].[LastModifiedBy] AS [LastModifiedBy0], [p1].[Name], [p1].[RowVersion] AS [RowVersion0], [a0].[Id] AS [Id1], [a0].[AgencyName], [a0].[AvatarUrl], [a0].[Bio], [a0].[CreatedAt] AS [CreatedAt1], [a0].[CreatedBy] AS [CreatedBy1], [a0].[DeletedAt] AS [DeletedAt1], [a0].[DeletedBy] AS [DeletedBy1], [a0].[Email], [a0].[FullName], [a0].[IsActive] AS [IsActive0], [a0].[IsDeleted] AS [IsDeleted1], [a0].[LastModifiedAt] AS [LastModifiedAt1], [a0].[LastModifiedBy] AS [LastModifiedBy1], [a0].[LicenseNumber], [a0].[PhoneNumber], [a0].[RowVersion] AS [RowVersion1], [a0].[UserId], [t0].[Id] AS [Id2], [t0].[CreatedAt] AS [CreatedAt2], [t0].[CreatedBy] AS [CreatedBy2], [t0].[DeletedAt] AS [DeletedAt2], [t0].[DeletedBy] AS [DeletedBy2], [t0].[Description] AS [Description1], [t0].[IsActive] AS [IsActive1], [t0].[IsDeleted] AS [IsDeleted2], [t0].[LastModifiedAt] AS [LastModifiedAt2], [t0].[LastModifiedBy] AS [LastModifiedBy2], [t0].[Name] AS [Name0], [t0].[RowVersion] AS [RowVersion2]
    FROM [Properties] AS [p]
    INNER JOIN (
        SELECT [p0].[Id], [p0].[CreatedAt], [p0].[CreatedBy], [p0].[DeletedAt], [p0].[DeletedBy], [p0].[Description], [p0].[IsActive], [p0].[IsDeleted], [p0].[LastModifiedAt], [p0].[LastModifiedBy], [p0].[Name], [p0].[RowVersion]
        FROM [PropertyTypes] AS [p0]
        WHERE [p0].[IsDeleted] = CAST(0 AS bit)
    ) AS [p1] ON [p].[PropertyTypeId] = [p1].[Id]
    INNER JOIN (
        SELECT [a].[Id], [a].[AgencyName], [a].[AvatarUrl], [a].[Bio], [a].[CreatedAt], [a].[CreatedBy], [a].[DeletedAt], [a].[DeletedBy], [a].[Email], [a].[FullName], [a].[IsActive], [a].[IsDeleted], [a].[LastModifiedAt], [a].[LastModifiedBy], [a].[LicenseNumber], [a].[PhoneNumber], [a].[RowVersion], [a].[UserId]
        FROM [Agents] AS [a]
        WHERE [a].[IsDeleted] = CAST(0 AS bit)
    ) AS [a0] ON [p].[AgentId] = [a0].[Id]
    LEFT JOIN (
        SELECT [t].[Id], [t].[CreatedAt], [t].[CreatedBy], [t].[DeletedAt], [t].[DeletedBy], [t].[Description], [t].[IsActive], [t].[IsDeleted], [t].[LastModifiedAt], [t].[LastModifiedBy], [t].[Name], [t].[RowVersion]
        FROM [TransactionTypes] AS [t]
        WHERE [t].[IsDeleted] = CAST(0 AS bit)
    ) AS [t0] ON [p].[TransactionTypeId] = [t0].[Id]
    WHERE [p].[IsDeleted] = CAST(0 AS bit) AND [p].[Slug] = @__slug_0
) AS [s]
LEFT JOIN (
    SELECT [p2].[Id], [p2].[Caption], [p2].[CreatedAt], [p2].[CreatedBy], [p2].[DeletedAt], [p2].[DeletedBy], [p2].[DisplayOrder], [p2].[IsDeleted], [p2].[IsPrimary], [p2].[LastModifiedAt], [p2].[LastModifiedBy], [p2].[PropertyId], [p2].[RowVersion], [p2].[Url]
    FROM [PropertyImages] AS [p2]
    WHERE [p2].[IsDeleted] = CAST(0 AS bit)
) AS [p3] ON [s].[Id] = [p3].[PropertyId]
ORDER BY [s].[Id], [s].[Id0], [s].[Id1], [s].[Id2], [p3].[DisplayOrder]
[2026-05-24 10:34:46.553 +07:00 INF] Handled GetPropertyBySlugQuery in 126ms
[2026-05-24 10:34:46.559 +07:00 INF] Handling TrackPropertyViewCommand {"PropertyId":"2c190143-46b6-42a3-a91d-6b6a8a10069c","UserId":"79ab50a8-ba36-497b-9b82-a73021cc3fff","IpAddress":"::1","UserAgent":"Mozilla/5.0 (Windows NT 10.0; Win64; x64) AppleWebKit/537.36 (KHTML, like Gecko) Chrome/148.0.0.0 Safari/537.36","SessionId":"b59366bc-cfb8-d8ab-6077-3708dc76349e","$type":"TrackPropertyViewCommand"}
[2026-05-24 10:34:46.604 +07:00 INF] Executing OkObjectResult, writing value of type 'VietPropEstate.Application.Features.Properties.DTOs.PropertyDetailDto'.
[2026-05-24 10:34:46.608 +07:00 INF] Executed DbCommand (5ms) [Parameters=[@__id_0='?' (DbType = Guid)], CommandType='"Text"', CommandTimeout='60']
UPDATE [p]
SET [p].[ViewCount] = [p].[ViewCount] + 1
FROM [Properties] AS [p]
WHERE [p].[IsDeleted] = CAST(0 AS bit) AND [p].[Id] = @__id_0
[2026-05-24 10:34:46.622 +07:00 INF] Executed action VietPropEstate.WebAPI.Controllers.PropertiesController.GetBySlug (VietPropEstate.WebAPI) in 197.8072ms
[2026-05-24 10:34:46.625 +07:00 INF] Executed endpoint 'VietPropEstate.WebAPI.Controllers.PropertiesController.GetBySlug (VietPropEstate.WebAPI)'
[2026-05-24 10:34:46.627 +07:00 INF] HTTP GET /api/properties/slug/villa-ngh-dng-nha-trang-khnh-ha-2c190143 responded 200 in 209.7451 ms
[2026-05-24 10:34:46.627 +07:00 INF] Executed DbCommand (3ms) [Parameters=[@p0='?' (DbType = Guid), @p1='?' (Size = 45), @p2='?' (DbType = Guid), @p3='?' (Size = 200), @p4='?' (Size = 500), @p5='?' (Size = 450), @p6='?' (DbType = DateTime2)], CommandType='"Text"', CommandTimeout='60']
SET IMPLICIT_TRANSACTIONS OFF;
SET NOCOUNT ON;
INSERT INTO [PropertyViews] ([Id], [IpAddress], [PropertyId], [SessionId], [UserAgent], [UserId], [ViewedAt])
VALUES (@p0, @p1, @p2, @p3, @p4, @p5, @p6);
[2026-05-24 10:34:46.630 +07:00 INF] Request finished HTTP/1.1 GET http://localhost:5198/api/properties/slug/villa-ngh-dng-nha-trang-khnh-ha-2c190143 - 200 null application/json; charset=utf-8 217.2534ms
[2026-05-24 10:34:46.635 +07:00 ERR] Error handling TrackPropertyViewCommand after 76ms
System.ObjectDisposedException: Cannot access a disposed context instance. A common cause of this error is disposing a context instance that was resolved from dependency injection and then later trying to use the same context instance elsewhere in your application. This may occur if you are calling 'Dispose' on the context instance, or wrapping it in a using statement. If you are using dependency injection, you should let the dependency injection container take care of disposing context instances.
Object name: 'ApplicationDbContext'.
   at Microsoft.EntityFrameworkCore.DbContext.get_DbContextDependencies()
   at Microsoft.EntityFrameworkCore.DbContext.SaveChangesAsync(Boolean acceptAllChangesOnSuccess, CancellationToken cancellationToken)
   at VietPropEstate.Infrastructure.Persistence.ApplicationDbContext.SaveChangesAsync(CancellationToken cancellationToken) in C:\Dev\VietPropEstate\src\VietPropEstate.Infrastructure\Persistence\ApplicationDbContext.cs:line 66
   at VietPropEstate.Infrastructure.Persistence.UnitOfWork.SaveChangesAsync(CancellationToken cancellationToken) in C:\Dev\VietPropEstate\src\VietPropEstate.Infrastructure\Persistence\UnitOfWork.cs:line 51
   at VietPropEstate.Application.Features.Properties.Commands.TrackPropertyView.TrackPropertyViewCommandHandler.Handle(TrackPropertyViewCommand request, CancellationToken cancellationToken) in C:\Dev\VietPropEstate\src\VietPropEstate.Application\Features\Properties\Commands\TrackPropertyView\TrackPropertyViewCommandHandler.cs:line 20
   at VietPropEstate.Application.Common.Behaviors.PerformanceBehavior`2.Handle(TRequest request, RequestHandlerDelegate`1 next, CancellationToken cancellationToken) in C:\Dev\VietPropEstate\src\VietPropEstate.Application\Common\Behaviors\PerformanceBehavior.cs:line 31
   at VietPropEstate.Application.Common.Behaviors.ValidationBehavior`2.Handle(TRequest request, RequestHandlerDelegate`1 next, CancellationToken cancellationToken) in C:\Dev\VietPropEstate\src\VietPropEstate.Application\Common\Behaviors\ValidationBehavior.cs:line 24
   at VietPropEstate.Application.Common.Behaviors.LoggingBehavior`2.Handle(TRequest request, RequestHandlerDelegate`1 next, CancellationToken cancellationToken) in C:\Dev\VietPropEstate\src\VietPropEstate.Application\Common\Behaviors\LoggingBehavior.cs:line 30
[2026-05-24 10:34:46.662 +07:00 INF] Request starting HTTP/1.1 OPTIONS http://localhost:5198/api/favorites/2c190143-46b6-42a3-a91d-6b6a8a10069c/status - null null
[2026-05-24 10:34:46.665 +07:00 INF] CORS policy execution successful.
[2026-05-24 10:34:46.666 +07:00 INF] Request finished HTTP/1.1 OPTIONS http://localhost:5198/api/favorites/2c190143-46b6-42a3-a91d-6b6a8a10069c/status - 204 null null 4.6998ms
[2026-05-24 10:34:46.671 +07:00 INF] Request starting HTTP/1.1 GET http://localhost:5198/api/favorites/2c190143-46b6-42a3-a91d-6b6a8a10069c/status - null null
[2026-05-24 10:34:46.675 +07:00 INF] CORS policy execution successful.
[2026-05-24 10:34:46.676 +07:00 INF] Executing endpoint 'VietPropEstate.WebAPI.Controllers.FavoritesController.GetStatus (VietPropEstate.WebAPI)'
[2026-05-24 10:34:46.682 +07:00 INF] Route matched with {action = "GetStatus", controller = "Favorites"}. Executing controller action with signature System.Threading.Tasks.Task`1[Microsoft.AspNetCore.Mvc.IActionResult] GetStatus(System.Guid, System.Threading.CancellationToken) on controller VietPropEstate.WebAPI.Controllers.FavoritesController (VietPropEstate.WebAPI).
[2026-05-24 10:34:46.692 +07:00 INF] Executed DbCommand (2ms) [Parameters=[@___currentUser_UserId_0='?' (Size = 450), @__propertyId_1='?' (DbType = Guid)], CommandType='"Text"', CommandTimeout='60']
SELECT CASE
    WHEN EXISTS (
        SELECT 1
        FROM [Favorites] AS [f]
        WHERE [f].[IsDeleted] = CAST(0 AS bit) AND [f].[UserId] = @___currentUser_UserId_0 AND [f].[PropertyId] = @__propertyId_1 AND [f].[IsDeleted] = CAST(0 AS bit)) THEN CAST(1 AS bit)
    ELSE CAST(0 AS bit)
END
[2026-05-24 10:34:46.696 +07:00 INF] Executing OkObjectResult, writing value of type '<>f__AnonymousType15`1[[System.Boolean, System.Private.CoreLib, Version=9.0.0.0, Culture=neutral, PublicKeyToken=7cec85d7bea7798e]]'.
[2026-05-24 10:34:46.699 +07:00 INF] Executed action VietPropEstate.WebAPI.Controllers.FavoritesController.GetStatus (VietPropEstate.WebAPI) in 15.0392ms
[2026-05-24 10:34:46.701 +07:00 INF] Executed endpoint 'VietPropEstate.WebAPI.Controllers.FavoritesController.GetStatus (VietPropEstate.WebAPI)'
[2026-05-24 10:34:46.703 +07:00 INF] HTTP GET /api/favorites/2c190143-46b6-42a3-a91d-6b6a8a10069c/status responded 200 in 26.9737 ms
[2026-05-24 10:34:46.705 +07:00 INF] Request finished HTTP/1.1 GET http://localhost:5198/api/favorites/2c190143-46b6-42a3-a91d-6b6a8a10069c/status - 200 null application/json; charset=utf-8 33.7088ms
[2026-05-24 10:55:45.670 +07:00 INF] Application is shutting down...
[2026-05-24 12:49:56.186 +07:00 INF] Swagger UI: /swagger
[2026-05-24 12:49:56.848 +07:00 WRN] Entity 'Property' has a global query filter defined and is the required end of a relationship with the entity 'PropertyView'. This may lead to unexpected results when the required entity is filtered out. Either configure the navigation as optional, or define matching query filters for both entities in the navigation. See https://go.microsoft.com/fwlink/?linkid=2131316 for more information.
[2026-05-24 12:49:57.505 +07:00 INF] Executed DbCommand (17ms) [Parameters=[], CommandType='"Text"', CommandTimeout='60']
SELECT 1
[2026-05-24 12:49:57.540 +07:00 INF] Executed DbCommand (21ms) [Parameters=[], CommandType='"Text"', CommandTimeout='60']
DECLARE @result int;
EXEC @result = sp_getapplock @Resource = '__EFMigrationsLock', @LockOwner = 'Session', @LockMode = 'Exclusive';
SELECT @result
[2026-05-24 12:49:57.590 +07:00 INF] Executed DbCommand (2ms) [Parameters=[], CommandType='"Text"', CommandTimeout='60']
IF OBJECT_ID(N'[__EFMigrationsHistory]') IS NULL
BEGIN
    CREATE TABLE [__EFMigrationsHistory] (
        [MigrationId] nvarchar(150) NOT NULL,
        [ProductVersion] nvarchar(32) NOT NULL,
        CONSTRAINT [PK___EFMigrationsHistory] PRIMARY KEY ([MigrationId])
    );
END;
[2026-05-24 12:49:57.605 +07:00 INF] Executed DbCommand (0ms) [Parameters=[], CommandType='"Text"', CommandTimeout='60']
SELECT 1
[2026-05-24 12:49:57.608 +07:00 INF] Executed DbCommand (0ms) [Parameters=[], CommandType='"Text"', CommandTimeout='60']
SELECT OBJECT_ID(N'[__EFMigrationsHistory]');
[2026-05-24 12:49:57.615 +07:00 INF] Executed DbCommand (2ms) [Parameters=[], CommandType='"Text"', CommandTimeout='60']
SELECT [MigrationId], [ProductVersion]
FROM [__EFMigrationsHistory]
ORDER BY [MigrationId];
[2026-05-24 12:49:57.627 +07:00 INF] Executed DbCommand (2ms) [Parameters=[], CommandType='"Text"', CommandTimeout='60']
DECLARE @result int;
EXEC @result = sp_releaseapplock @Resource = '__EFMigrationsLock', @LockOwner = 'Session';
SELECT @result
[2026-05-24 12:49:57.647 +07:00 INF] User profile is available. Using 'C:\Users\Le Quoc Khanh\AppData\Local\ASP.NET\DataProtection-Keys' as key repository and Windows DPAPI to encrypt keys at rest.
[2026-05-24 12:49:57.859 +07:00 INF] Executed DbCommand (12ms) [Parameters=[@__normalizedName_0='?' (Size = 256)], CommandType='"Text"', CommandTimeout='60']
SELECT TOP(1) [a].[Id], [a].[ConcurrencyStamp], [a].[Name], [a].[NormalizedName]
FROM [AspNetRoles] AS [a]
WHERE [a].[NormalizedName] = @__normalizedName_0
[2026-05-24 12:49:57.894 +07:00 INF] Executed DbCommand (0ms) [Parameters=[@__normalizedName_0='?' (Size = 256)], CommandType='"Text"', CommandTimeout='60']
SELECT TOP(1) [a].[Id], [a].[ConcurrencyStamp], [a].[Name], [a].[NormalizedName]
FROM [AspNetRoles] AS [a]
WHERE [a].[NormalizedName] = @__normalizedName_0
[2026-05-24 12:49:57.897 +07:00 INF] Executed DbCommand (0ms) [Parameters=[@__normalizedName_0='?' (Size = 256)], CommandType='"Text"', CommandTimeout='60']
SELECT TOP(1) [a].[Id], [a].[ConcurrencyStamp], [a].[Name], [a].[NormalizedName]
FROM [AspNetRoles] AS [a]
WHERE [a].[NormalizedName] = @__normalizedName_0
[2026-05-24 12:49:57.899 +07:00 INF] Executed DbCommand (0ms) [Parameters=[@__normalizedName_0='?' (Size = 256)], CommandType='"Text"', CommandTimeout='60']
SELECT TOP(1) [a].[Id], [a].[ConcurrencyStamp], [a].[Name], [a].[NormalizedName]
FROM [AspNetRoles] AS [a]
WHERE [a].[NormalizedName] = @__normalizedName_0
[2026-05-24 12:49:57.922 +07:00 INF] Executed DbCommand (4ms) [Parameters=[@__normalizedEmail_0='?' (Size = 256)], CommandType='"Text"', CommandTimeout='60']
SELECT TOP(2) [a].[Id], [a].[AccessFailedCount], [a].[AddressLine], [a].[AvatarUrl], [a].[ConcurrencyStamp], [a].[CreatedAt], [a].[Email], [a].[EmailConfirmed], [a].[FirstName], [a].[IsActive], [a].[LastLoginAt], [a].[LastName], [a].[LockoutEnabled], [a].[LockoutEnd], [a].[NormalizedEmail], [a].[NormalizedUserName], [a].[PasswordHash], [a].[PhoneNumber], [a].[PhoneNumberConfirmed], [a].[ProvinceCode], [a].[ProvinceName], [a].[SecurityStamp], [a].[TwoFactorEnabled], [a].[UserName], [a].[WardCode], [a].[WardName]
FROM [AspNetUsers] AS [a]
WHERE [a].[NormalizedEmail] = @__normalizedEmail_0
[2026-05-24 12:49:57.968 +07:00 INF] Executed DbCommand (2ms) [Parameters=[@__normalizedRoleName_0='?' (Size = 256)], CommandType='"Text"', CommandTimeout='60']
SELECT TOP(2) [a].[Id], [a].[ConcurrencyStamp], [a].[Name], [a].[NormalizedName]
FROM [AspNetRoles] AS [a]
WHERE [a].[NormalizedName] = @__normalizedRoleName_0
[2026-05-24 12:49:57.994 +07:00 INF] Executed DbCommand (4ms) [Parameters=[@__p_0='?' (Size = 450), @__p_1='?' (Size = 450)], CommandType='"Text"', CommandTimeout='60']
SELECT TOP(1) [a].[UserId], [a].[RoleId]
FROM [AspNetUserRoles] AS [a]
WHERE [a].[UserId] = @__p_0 AND [a].[RoleId] = @__p_1
[2026-05-24 12:49:58.054 +07:00 INF] Admin account verified: admin@vietpropestate.vn, confirmed=true, active=true.
[2026-05-24 12:49:58.154 +07:00 INF] Executed DbCommand (4ms) [Parameters=[], CommandType='"Text"', CommandTimeout='60']
SELECT CASE
    WHEN EXISTS (
        SELECT 1
        FROM [Provinces] AS [p]) THEN CAST(1 AS bit)
    ELSE CAST(0 AS bit)
END
[2026-05-24 12:49:58.156 +07:00 INF] Vietnam address data already seeded. Skipping.
[2026-05-24 12:49:58.164 +07:00 INF] Executed DbCommand (0ms) [Parameters=[@__normalizedEmail_0='?' (Size = 256)], CommandType='"Text"', CommandTimeout='60']
SELECT TOP(2) [a].[Id], [a].[AccessFailedCount], [a].[AddressLine], [a].[AvatarUrl], [a].[ConcurrencyStamp], [a].[CreatedAt], [a].[Email], [a].[EmailConfirmed], [a].[FirstName], [a].[IsActive], [a].[LastLoginAt], [a].[LastName], [a].[LockoutEnabled], [a].[LockoutEnd], [a].[NormalizedEmail], [a].[NormalizedUserName], [a].[PasswordHash], [a].[PhoneNumber], [a].[PhoneNumberConfirmed], [a].[ProvinceCode], [a].[ProvinceName], [a].[SecurityStamp], [a].[TwoFactorEnabled], [a].[UserName], [a].[WardCode], [a].[WardName]
FROM [AspNetUsers] AS [a]
WHERE [a].[NormalizedEmail] = @__normalizedEmail_0
[2026-05-24 12:49:58.167 +07:00 INF] Executed DbCommand (1ms) [Parameters=[@__normalizedRoleName_0='?' (Size = 256)], CommandType='"Text"', CommandTimeout='60']
SELECT TOP(2) [a].[Id], [a].[ConcurrencyStamp], [a].[Name], [a].[NormalizedName]
FROM [AspNetRoles] AS [a]
WHERE [a].[NormalizedName] = @__normalizedRoleName_0
[2026-05-24 12:49:58.170 +07:00 INF] Executed DbCommand (0ms) [Parameters=[@__p_0='?' (Size = 450), @__p_1='?' (Size = 450)], CommandType='"Text"', CommandTimeout='60']
SELECT TOP(1) [a].[UserId], [a].[RoleId]
FROM [AspNetUserRoles] AS [a]
WHERE [a].[UserId] = @__p_0 AND [a].[RoleId] = @__p_1
[2026-05-24 12:49:58.172 +07:00 INF] Executed DbCommand (0ms) [Parameters=[@__normalizedEmail_0='?' (Size = 256)], CommandType='"Text"', CommandTimeout='60']
SELECT TOP(2) [a].[Id], [a].[AccessFailedCount], [a].[AddressLine], [a].[AvatarUrl], [a].[ConcurrencyStamp], [a].[CreatedAt], [a].[Email], [a].[EmailConfirmed], [a].[FirstName], [a].[IsActive], [a].[LastLoginAt], [a].[LastName], [a].[LockoutEnabled], [a].[LockoutEnd], [a].[NormalizedEmail], [a].[NormalizedUserName], [a].[PasswordHash], [a].[PhoneNumber], [a].[PhoneNumberConfirmed], [a].[ProvinceCode], [a].[ProvinceName], [a].[SecurityStamp], [a].[TwoFactorEnabled], [a].[UserName], [a].[WardCode], [a].[WardName]
FROM [AspNetUsers] AS [a]
WHERE [a].[NormalizedEmail] = @__normalizedEmail_0
[2026-05-24 12:49:58.177 +07:00 INF] Executed DbCommand (0ms) [Parameters=[@__normalizedRoleName_0='?' (Size = 256)], CommandType='"Text"', CommandTimeout='60']
SELECT TOP(2) [a].[Id], [a].[ConcurrencyStamp], [a].[Name], [a].[NormalizedName]
FROM [AspNetRoles] AS [a]
WHERE [a].[NormalizedName] = @__normalizedRoleName_0
[2026-05-24 12:49:58.180 +07:00 INF] Executed DbCommand (0ms) [Parameters=[@__p_0='?' (Size = 450), @__p_1='?' (Size = 450)], CommandType='"Text"', CommandTimeout='60']
SELECT TOP(1) [a].[UserId], [a].[RoleId]
FROM [AspNetUserRoles] AS [a]
WHERE [a].[UserId] = @__p_0 AND [a].[RoleId] = @__p_1
[2026-05-24 12:49:58.183 +07:00 INF] Executed DbCommand (0ms) [Parameters=[@__normalizedEmail_0='?' (Size = 256)], CommandType='"Text"', CommandTimeout='60']
SELECT TOP(2) [a].[Id], [a].[AccessFailedCount], [a].[AddressLine], [a].[AvatarUrl], [a].[ConcurrencyStamp], [a].[CreatedAt], [a].[Email], [a].[EmailConfirmed], [a].[FirstName], [a].[IsActive], [a].[LastLoginAt], [a].[LastName], [a].[LockoutEnabled], [a].[LockoutEnd], [a].[NormalizedEmail], [a].[NormalizedUserName], [a].[PasswordHash], [a].[PhoneNumber], [a].[PhoneNumberConfirmed], [a].[ProvinceCode], [a].[ProvinceName], [a].[SecurityStamp], [a].[TwoFactorEnabled], [a].[UserName], [a].[WardCode], [a].[WardName]
FROM [AspNetUsers] AS [a]
WHERE [a].[NormalizedEmail] = @__normalizedEmail_0
[2026-05-24 12:49:58.186 +07:00 INF] Executed DbCommand (0ms) [Parameters=[@__normalizedRoleName_0='?' (Size = 256)], CommandType='"Text"', CommandTimeout='60']
SELECT TOP(2) [a].[Id], [a].[ConcurrencyStamp], [a].[Name], [a].[NormalizedName]
FROM [AspNetRoles] AS [a]
WHERE [a].[NormalizedName] = @__normalizedRoleName_0
[2026-05-24 12:49:58.188 +07:00 INF] Executed DbCommand (0ms) [Parameters=[@__p_0='?' (Size = 450), @__p_1='?' (Size = 450)], CommandType='"Text"', CommandTimeout='60']
SELECT TOP(1) [a].[UserId], [a].[RoleId]
FROM [AspNetUserRoles] AS [a]
WHERE [a].[UserId] = @__p_0 AND [a].[RoleId] = @__p_1
[2026-05-24 12:49:58.190 +07:00 INF] Executed DbCommand (0ms) [Parameters=[@__normalizedEmail_0='?' (Size = 256)], CommandType='"Text"', CommandTimeout='60']
SELECT TOP(2) [a].[Id], [a].[AccessFailedCount], [a].[AddressLine], [a].[AvatarUrl], [a].[ConcurrencyStamp], [a].[CreatedAt], [a].[Email], [a].[EmailConfirmed], [a].[FirstName], [a].[IsActive], [a].[LastLoginAt], [a].[LastName], [a].[LockoutEnabled], [a].[LockoutEnd], [a].[NormalizedEmail], [a].[NormalizedUserName], [a].[PasswordHash], [a].[PhoneNumber], [a].[PhoneNumberConfirmed], [a].[ProvinceCode], [a].[ProvinceName], [a].[SecurityStamp], [a].[TwoFactorEnabled], [a].[UserName], [a].[WardCode], [a].[WardName]
FROM [AspNetUsers] AS [a]
WHERE [a].[NormalizedEmail] = @__normalizedEmail_0
[2026-05-24 12:49:58.208 +07:00 INF] Executed DbCommand (4ms) [Parameters=[@__user_Id_0='?' (Size = 450)], CommandType='"Text"', CommandTimeout='60']
SELECT TOP(1) [a].[Id], [a].[AgencyName], [a].[AvatarUrl], [a].[Bio], [a].[CreatedAt], [a].[CreatedBy], [a].[DeletedAt], [a].[DeletedBy], [a].[Email], [a].[FullName], [a].[IsActive], [a].[IsDeleted], [a].[LastModifiedAt], [a].[LastModifiedBy], [a].[LicenseNumber], [a].[PhoneNumber], [a].[RowVersion], [a].[UserId]
FROM [Agents] AS [a]
WHERE [a].[IsDeleted] = CAST(0 AS bit) AND [a].[UserId] = @__user_Id_0 AND [a].[IsDeleted] = CAST(0 AS bit)
[2026-05-24 12:49:58.234 +07:00 INF] Executed DbCommand (0ms) [Parameters=[@__user_Id_0='?' (Size = 450)], CommandType='"Text"', CommandTimeout='60']
SELECT TOP(1) [a].[Id], [a].[AgencyName], [a].[AvatarUrl], [a].[Bio], [a].[CreatedAt], [a].[CreatedBy], [a].[DeletedAt], [a].[DeletedBy], [a].[Email], [a].[FullName], [a].[IsActive], [a].[IsDeleted], [a].[LastModifiedAt], [a].[LastModifiedBy], [a].[LicenseNumber], [a].[PhoneNumber], [a].[RowVersion], [a].[UserId]
FROM [Agents] AS [a]
WHERE [a].[IsDeleted] = CAST(0 AS bit) AND [a].[UserId] = @__user_Id_0 AND [a].[IsDeleted] = CAST(0 AS bit)
[2026-05-24 12:49:58.247 +07:00 INF] Executed DbCommand (6ms) [Parameters=[], CommandType='"Text"', CommandTimeout='60']
SELECT CASE
    WHEN EXISTS (
        SELECT 1
        FROM [Properties] AS [p]
        WHERE [p].[IsDeleted] = CAST(0 AS bit) AND [p].[Title] = N'Căn hộ 2PN cao cấp Vinhomes Central Park') THEN CAST(1 AS bit)
    ELSE CAST(0 AS bit)
END
[2026-05-24 12:49:58.250 +07:00 INF] Core test data already present ('Căn hộ 2PN cao cấp Vinhomes Central Park'). Skipping.
[2026-05-24 12:49:58.257 +07:00 INF] Executed DbCommand (3ms) [Parameters=[], CommandType='"Text"', CommandTimeout='60']
SELECT CASE
    WHEN EXISTS (
        SELECT 1
        FROM [Properties] AS [p]
        WHERE [p].[IsDeleted] = CAST(0 AS bit) AND [p].[Title] = N'Penthouse Landmark 81 view toàn cảnh Sài Gòn') THEN CAST(1 AS bit)
    ELSE CAST(0 AS bit)
END
[2026-05-24 12:49:58.260 +07:00 INF] Regional demo data already present ('Penthouse Landmark 81 view toàn cảnh Sài Gòn'). Skipping.
[2026-05-24 12:49:58.320 +07:00 INF] Now listening on: http://localhost:5198
[2026-05-24 12:49:58.322 +07:00 INF] Application started. Press Ctrl+C to shut down.
[2026-05-24 12:49:58.322 +07:00 INF] Hosting environment: Development
[2026-05-24 12:49:58.323 +07:00 INF] Content root path: C:\Dev\VietPropEstate\src\VietPropEstate.WebAPI
[2026-05-24 12:50:19.911 +07:00 INF] Request starting HTTP/1.1 GET http://localhost:5198/api/addresses/provinces - null null
[2026-05-24 12:50:19.911 +07:00 INF] Request starting HTTP/1.1 GET http://localhost:5198/api/properties?pageNumber=1&pageSize=6&status=1&sortBy=CreatedAt&sortOrder=Desc - null null
[2026-05-24 12:50:19.911 +07:00 INF] Request starting HTTP/1.1 GET http://localhost:5198/api/properties?pageNumber=1&pageSize=3&isFeatured=True&status=1&sortBy=CreatedAt&sortOrder=Desc - null null
[2026-05-24 12:50:19.983 +07:00 WRN] Failed to determine the https port for redirect.
[2026-05-24 12:50:19.986 +07:00 INF] CORS policy execution successful.
[2026-05-24 12:50:19.986 +07:00 INF] CORS policy execution successful.
[2026-05-24 12:50:19.986 +07:00 INF] CORS policy execution successful.
[2026-05-24 12:50:20.045 +07:00 INF] Executing endpoint 'VietPropEstate.WebAPI.Controllers.PropertiesController.GetList (VietPropEstate.WebAPI)'
[2026-05-24 12:50:20.045 +07:00 INF] Executing endpoint 'VietPropEstate.WebAPI.Controllers.PropertiesController.GetList (VietPropEstate.WebAPI)'
[2026-05-24 12:50:20.045 +07:00 INF] Executing endpoint 'VietPropEstate.WebAPI.Controllers.AddressesController.GetProvinces (VietPropEstate.WebAPI)'
[2026-05-24 12:50:20.068 +07:00 INF] Route matched with {action = "GetProvinces", controller = "Addresses"}. Executing controller action with signature System.Threading.Tasks.Task`1[Microsoft.AspNetCore.Mvc.IActionResult] GetProvinces(System.Threading.CancellationToken) on controller VietPropEstate.WebAPI.Controllers.AddressesController (VietPropEstate.WebAPI).
[2026-05-24 12:50:20.068 +07:00 INF] Route matched with {action = "GetList", controller = "Properties"}. Executing controller action with signature System.Threading.Tasks.Task`1[Microsoft.AspNetCore.Mvc.IActionResult] GetList(Int32, Int32, System.String, System.Nullable`1[System.Guid], System.Nullable`1[System.Guid], System.Nullable`1[VietPropEstate.Domain.Enums.ListingType], System.Nullable`1[VietPropEstate.Domain.Enums.PropertyStatus], System.Nullable`1[System.Int32], System.Nullable`1[System.Int32], System.String, System.Nullable`1[System.Decimal], System.Nullable`1[System.Decimal], System.Nullable`1[System.Decimal], System.Nullable`1[System.Decimal], System.Nullable`1[System.Int32], System.Nullable`1[System.Int32], System.Nullable`1[System.Int32], System.Nullable`1[VietPropEstate.Domain.Enums.PropertyDirection], System.Nullable`1[System.Boolean], System.String, System.String, System.Threading.CancellationToken) on controller VietPropEstate.WebAPI.Controllers.PropertiesController (VietPropEstate.WebAPI).
[2026-05-24 12:50:20.068 +07:00 INF] Route matched with {action = "GetList", controller = "Properties"}. Executing controller action with signature System.Threading.Tasks.Task`1[Microsoft.AspNetCore.Mvc.IActionResult] GetList(Int32, Int32, System.String, System.Nullable`1[System.Guid], System.Nullable`1[System.Guid], System.Nullable`1[VietPropEstate.Domain.Enums.ListingType], System.Nullable`1[VietPropEstate.Domain.Enums.PropertyStatus], System.Nullable`1[System.Int32], System.Nullable`1[System.Int32], System.String, System.Nullable`1[System.Decimal], System.Nullable`1[System.Decimal], System.Nullable`1[System.Decimal], System.Nullable`1[System.Decimal], System.Nullable`1[System.Int32], System.Nullable`1[System.Int32], System.Nullable`1[System.Int32], System.Nullable`1[VietPropEstate.Domain.Enums.PropertyDirection], System.Nullable`1[System.Boolean], System.String, System.String, System.Threading.CancellationToken) on controller VietPropEstate.WebAPI.Controllers.PropertiesController (VietPropEstate.WebAPI).
[2026-05-24 12:50:20.090 +07:00 INF] Handling GetProvincesQuery {"$type":"GetProvincesQuery"}
[2026-05-24 12:50:20.130 +07:00 INF] Handling GetPropertiesListQuery {"PageNumber":1,"PageSize":3,"SearchTerm":null,"PropertyTypeId":null,"TransactionTypeId":null,"ListingType":null,"Status":"Active","ProvinceCode":null,"WardCode":null,"ProvinceName":null,"MinPrice":null,"MaxPrice":null,"MinArea":null,"MaxArea":null,"MinBedrooms":null,"MaxBedrooms":null,"Bathrooms":null,"Direction":null,"IsFeatured":true,"AllStatuses":false,"SortBy":"CreatedAt","SortOrder":"Desc","$type":"GetPropertiesListQuery"}
[2026-05-24 12:50:20.131 +07:00 INF] Handling GetPropertiesListQuery {"PageNumber":1,"PageSize":6,"SearchTerm":null,"PropertyTypeId":null,"TransactionTypeId":null,"ListingType":null,"Status":"Active","ProvinceCode":null,"WardCode":null,"ProvinceName":null,"MinPrice":null,"MaxPrice":null,"MinArea":null,"MaxArea":null,"MinBedrooms":null,"MaxBedrooms":null,"Bathrooms":null,"Direction":null,"IsFeatured":null,"AllStatuses":false,"SortBy":"CreatedAt","SortOrder":"Desc","$type":"GetPropertiesListQuery"}
[2026-05-24 12:50:20.142 +07:00 INF] Executed DbCommand (5ms) [Parameters=[], CommandType='"Text"', CommandTimeout='60']
SELECT [p].[Code], [p].[Name], [p].[Codename], [p].[DivisionType]
FROM [Provinces] AS [p]
WHERE [p].[IsActive] = CAST(1 AS bit)
ORDER BY [p].[Name]
[2026-05-24 12:50:20.241 +07:00 INF] Handled GetProvincesQuery in 152ms
[2026-05-24 12:50:20.248 +07:00 INF] Executing OkObjectResult, writing value of type 'System.Collections.Generic.List`1[[VietPropEstate.Application.Features.Addresses.DTOs.ProvinceLookupDto, VietPropEstate.Application, Version=1.0.0.0, Culture=neutral, PublicKeyToken=null]]'.
[2026-05-24 12:50:20.278 +07:00 INF] Executed action VietPropEstate.WebAPI.Controllers.AddressesController.GetProvinces (VietPropEstate.WebAPI) in 203.1867ms
[2026-05-24 12:50:20.286 +07:00 INF] Executed endpoint 'VietPropEstate.WebAPI.Controllers.AddressesController.GetProvinces (VietPropEstate.WebAPI)'
[2026-05-24 12:50:20.291 +07:00 INF] HTTP GET /api/addresses/provinces responded 200 in 296.4381 ms
[2026-05-24 12:50:20.300 +07:00 INF] Request finished HTTP/1.1 GET http://localhost:5198/api/addresses/provinces - 200 null application/json; charset=utf-8 390.9886ms
[2026-05-24 12:50:20.375 +07:00 INF] Executed DbCommand (4ms) [Parameters=[@__status_Value_0='?' (DbType = Int32)], CommandType='"Text"', CommandTimeout='60']
SELECT COUNT(*)
FROM [Properties] AS [p]
WHERE [p].[IsDeleted] = CAST(0 AS bit) AND [p].[Status] = @__status_Value_0
[2026-05-24 12:50:20.383 +07:00 INF] Executed DbCommand (5ms) [Parameters=[@__status_Value_0='?' (DbType = Int32), @__isFeatured_Value_1='?' (DbType = Boolean)], CommandType='"Text"', CommandTimeout='60']
SELECT COUNT(*)
FROM [Properties] AS [p]
WHERE [p].[IsDeleted] = CAST(0 AS bit) AND [p].[Status] = @__status_Value_0 AND [p].[IsFeatured] = @__isFeatured_Value_1
[2026-05-24 12:50:20.657 +07:00 INF] Executed DbCommand (28ms) [Parameters=[@__status_Value_0='?' (DbType = Int32), @__p_1='?' (DbType = Int32), @__p_2='?' (DbType = Int32)], CommandType='"Text"', CommandTimeout='60']
SELECT [p1].[Id], [p1].[AgentId], [p1].[Area], [p1].[CreatedAt], [p1].[CreatedBy], [p1].[DeletedAt], [p1].[DeletedBy], [p1].[Description], [p1].[Direction], [p1].[ExpiresAt], [p1].[FullAddress], [p1].[IsDeleted], [p1].[IsFeatured], [p1].[LastModifiedAt], [p1].[LastModifiedBy], [p1].[Latitude], [p1].[ListingType], [p1].[Longitude], [p1].[NumberOfBathrooms], [p1].[NumberOfBedrooms], [p1].[NumberOfFloors], [p1].[PropertyTypeId], [p1].[ProvinceCode], [p1].[ProvinceName], [p1].[PublishedAt], [p1].[RowVersion], [p1].[Slug], [p1].[Status], [p1].[Title], [p1].[TransactionTypeId], [p1].[VideoUrl], [p1].[ViewCount], [p1].[WardCode], [p1].[WardName], [p1].[AddressCountry], [p1].[AddressDistrict], [p1].[AddressLatitude], [p1].[AddressLongitude], [p1].[AddressProvince], [p1].[Street], [p1].[AddressWard], [p1].[PriceAmount], [p1].[PriceCurrency], [p2].[Id], [p2].[CreatedAt], [p2].[CreatedBy], [p2].[DeletedAt], [p2].[DeletedBy], [p2].[Description], [p2].[IsActive], [p2].[IsDeleted], [p2].[LastModifiedAt], [p2].[LastModifiedBy], [p2].[Name], [p2].[RowVersion], [a0].[Id], [a0].[AgencyName], [a0].[AvatarUrl], [a0].[Bio], [a0].[CreatedAt], [a0].[CreatedBy], [a0].[DeletedAt], [a0].[DeletedBy], [a0].[Email], [a0].[FullName], [a0].[IsActive], [a0].[IsDeleted], [a0].[LastModifiedAt], [a0].[LastModifiedBy], [a0].[LicenseNumber], [a0].[PhoneNumber], [a0].[RowVersion], [a0].[UserId], [t0].[Id], [t0].[CreatedAt], [t0].[CreatedBy], [t0].[DeletedAt], [t0].[DeletedBy], [t0].[Description], [t0].[IsActive], [t0].[IsDeleted], [t0].[LastModifiedAt], [t0].[LastModifiedBy], [t0].[Name], [t0].[RowVersion], [p4].[Id], [p4].[Caption], [p4].[CreatedAt], [p4].[CreatedBy], [p4].[DeletedAt], [p4].[DeletedBy], [p4].[DisplayOrder], [p4].[IsDeleted], [p4].[IsPrimary], [p4].[LastModifiedAt], [p4].[LastModifiedBy], [p4].[PropertyId], [p4].[RowVersion], [p4].[Url]
FROM (
    SELECT [p].[Id], [p].[AgentId], [p].[Area], [p].[CreatedAt], [p].[CreatedBy], [p].[DeletedAt], [p].[DeletedBy], [p].[Description], [p].[Direction], [p].[ExpiresAt], [p].[FullAddress], [p].[IsDeleted], [p].[IsFeatured], [p].[LastModifiedAt], [p].[LastModifiedBy], [p].[Latitude], [p].[ListingType], [p].[Longitude], [p].[NumberOfBathrooms], [p].[NumberOfBedrooms], [p].[NumberOfFloors], [p].[PropertyTypeId], [p].[ProvinceCode], [p].[ProvinceName], [p].[PublishedAt], [p].[RowVersion], [p].[Slug], [p].[Status], [p].[Title], [p].[TransactionTypeId], [p].[VideoUrl], [p].[ViewCount], [p].[WardCode], [p].[WardName], [p].[AddressCountry], [p].[AddressDistrict], [p].[AddressLatitude], [p].[AddressLongitude], [p].[AddressProvince], [p].[Street], [p].[AddressWard], [p].[PriceAmount], [p].[PriceCurrency]
    FROM [Properties] AS [p]
    WHERE [p].[IsDeleted] = CAST(0 AS bit) AND [p].[Status] = @__status_Value_0
    ORDER BY [p].[IsFeatured] DESC, [p].[CreatedAt] DESC
    OFFSET @__p_1 ROWS FETCH NEXT @__p_2 ROWS ONLY
) AS [p1]
INNER JOIN (
    SELECT [p0].[Id], [p0].[CreatedAt], [p0].[CreatedBy], [p0].[DeletedAt], [p0].[DeletedBy], [p0].[Description], [p0].[IsActive], [p0].[IsDeleted], [p0].[LastModifiedAt], [p0].[LastModifiedBy], [p0].[Name], [p0].[RowVersion]
    FROM [PropertyTypes] AS [p0]
    WHERE [p0].[IsDeleted] = CAST(0 AS bit)
) AS [p2] ON [p1].[PropertyTypeId] = [p2].[Id]
INNER JOIN (
    SELECT [a].[Id], [a].[AgencyName], [a].[AvatarUrl], [a].[Bio], [a].[CreatedAt], [a].[CreatedBy], [a].[DeletedAt], [a].[DeletedBy], [a].[Email], [a].[FullName], [a].[IsActive], [a].[IsDeleted], [a].[LastModifiedAt], [a].[LastModifiedBy], [a].[LicenseNumber], [a].[PhoneNumber], [a].[RowVersion], [a].[UserId]
    FROM [Agents] AS [a]
    WHERE [a].[IsDeleted] = CAST(0 AS bit)
) AS [a0] ON [p1].[AgentId] = [a0].[Id]
LEFT JOIN (
    SELECT [t].[Id], [t].[CreatedAt], [t].[CreatedBy], [t].[DeletedAt], [t].[DeletedBy], [t].[Description], [t].[IsActive], [t].[IsDeleted], [t].[LastModifiedAt], [t].[LastModifiedBy], [t].[Name], [t].[RowVersion]
    FROM [TransactionTypes] AS [t]
    WHERE [t].[IsDeleted] = CAST(0 AS bit)
) AS [t0] ON [p1].[TransactionTypeId] = [t0].[Id]
LEFT JOIN (
    SELECT [p3].[Id], [p3].[Caption], [p3].[CreatedAt], [p3].[CreatedBy], [p3].[DeletedAt], [p3].[DeletedBy], [p3].[DisplayOrder], [p3].[IsDeleted], [p3].[IsPrimary], [p3].[LastModifiedAt], [p3].[LastModifiedBy], [p3].[PropertyId], [p3].[RowVersion], [p3].[Url]
    FROM [PropertyImages] AS [p3]
    WHERE [p3].[IsDeleted] = CAST(0 AS bit)
) AS [p4] ON [p1].[Id] = [p4].[PropertyId]
ORDER BY [p1].[IsFeatured] DESC, [p1].[CreatedAt] DESC, [p1].[Id], [p2].[Id], [a0].[Id], [t0].[Id]
[2026-05-24 12:50:20.657 +07:00 INF] Executed DbCommand (28ms) [Parameters=[@__status_Value_0='?' (DbType = Int32), @__isFeatured_Value_1='?' (DbType = Boolean), @__p_2='?' (DbType = Int32), @__p_3='?' (DbType = Int32)], CommandType='"Text"', CommandTimeout='60']
SELECT [p1].[Id], [p1].[AgentId], [p1].[Area], [p1].[CreatedAt], [p1].[CreatedBy], [p1].[DeletedAt], [p1].[DeletedBy], [p1].[Description], [p1].[Direction], [p1].[ExpiresAt], [p1].[FullAddress], [p1].[IsDeleted], [p1].[IsFeatured], [p1].[LastModifiedAt], [p1].[LastModifiedBy], [p1].[Latitude], [p1].[ListingType], [p1].[Longitude], [p1].[NumberOfBathrooms], [p1].[NumberOfBedrooms], [p1].[NumberOfFloors], [p1].[PropertyTypeId], [p1].[ProvinceCode], [p1].[ProvinceName], [p1].[PublishedAt], [p1].[RowVersion], [p1].[Slug], [p1].[Status], [p1].[Title], [p1].[TransactionTypeId], [p1].[VideoUrl], [p1].[ViewCount], [p1].[WardCode], [p1].[WardName], [p1].[AddressCountry], [p1].[AddressDistrict], [p1].[AddressLatitude], [p1].[AddressLongitude], [p1].[AddressProvince], [p1].[Street], [p1].[AddressWard], [p1].[PriceAmount], [p1].[PriceCurrency], [p2].[Id], [p2].[CreatedAt], [p2].[CreatedBy], [p2].[DeletedAt], [p2].[DeletedBy], [p2].[Description], [p2].[IsActive], [p2].[IsDeleted], [p2].[LastModifiedAt], [p2].[LastModifiedBy], [p2].[Name], [p2].[RowVersion], [a0].[Id], [a0].[AgencyName], [a0].[AvatarUrl], [a0].[Bio], [a0].[CreatedAt], [a0].[CreatedBy], [a0].[DeletedAt], [a0].[DeletedBy], [a0].[Email], [a0].[FullName], [a0].[IsActive], [a0].[IsDeleted], [a0].[LastModifiedAt], [a0].[LastModifiedBy], [a0].[LicenseNumber], [a0].[PhoneNumber], [a0].[RowVersion], [a0].[UserId], [t0].[Id], [t0].[CreatedAt], [t0].[CreatedBy], [t0].[DeletedAt], [t0].[DeletedBy], [t0].[Description], [t0].[IsActive], [t0].[IsDeleted], [t0].[LastModifiedAt], [t0].[LastModifiedBy], [t0].[Name], [t0].[RowVersion], [p4].[Id], [p4].[Caption], [p4].[CreatedAt], [p4].[CreatedBy], [p4].[DeletedAt], [p4].[DeletedBy], [p4].[DisplayOrder], [p4].[IsDeleted], [p4].[IsPrimary], [p4].[LastModifiedAt], [p4].[LastModifiedBy], [p4].[PropertyId], [p4].[RowVersion], [p4].[Url]
FROM (
    SELECT [p].[Id], [p].[AgentId], [p].[Area], [p].[CreatedAt], [p].[CreatedBy], [p].[DeletedAt], [p].[DeletedBy], [p].[Description], [p].[Direction], [p].[ExpiresAt], [p].[FullAddress], [p].[IsDeleted], [p].[IsFeatured], [p].[LastModifiedAt], [p].[LastModifiedBy], [p].[Latitude], [p].[ListingType], [p].[Longitude], [p].[NumberOfBathrooms], [p].[NumberOfBedrooms], [p].[NumberOfFloors], [p].[PropertyTypeId], [p].[ProvinceCode], [p].[ProvinceName], [p].[PublishedAt], [p].[RowVersion], [p].[Slug], [p].[Status], [p].[Title], [p].[TransactionTypeId], [p].[VideoUrl], [p].[ViewCount], [p].[WardCode], [p].[WardName], [p].[AddressCountry], [p].[AddressDistrict], [p].[AddressLatitude], [p].[AddressLongitude], [p].[AddressProvince], [p].[Street], [p].[AddressWard], [p].[PriceAmount], [p].[PriceCurrency]
    FROM [Properties] AS [p]
    WHERE [p].[IsDeleted] = CAST(0 AS bit) AND [p].[Status] = @__status_Value_0 AND [p].[IsFeatured] = @__isFeatured_Value_1
    ORDER BY [p].[IsFeatured] DESC, [p].[CreatedAt] DESC
    OFFSET @__p_2 ROWS FETCH NEXT @__p_3 ROWS ONLY
) AS [p1]
INNER JOIN (
    SELECT [p0].[Id], [p0].[CreatedAt], [p0].[CreatedBy], [p0].[DeletedAt], [p0].[DeletedBy], [p0].[Description], [p0].[IsActive], [p0].[IsDeleted], [p0].[LastModifiedAt], [p0].[LastModifiedBy], [p0].[Name], [p0].[RowVersion]
    FROM [PropertyTypes] AS [p0]
    WHERE [p0].[IsDeleted] = CAST(0 AS bit)
) AS [p2] ON [p1].[PropertyTypeId] = [p2].[Id]
INNER JOIN (
    SELECT [a].[Id], [a].[AgencyName], [a].[AvatarUrl], [a].[Bio], [a].[CreatedAt], [a].[CreatedBy], [a].[DeletedAt], [a].[DeletedBy], [a].[Email], [a].[FullName], [a].[IsActive], [a].[IsDeleted], [a].[LastModifiedAt], [a].[LastModifiedBy], [a].[LicenseNumber], [a].[PhoneNumber], [a].[RowVersion], [a].[UserId]
    FROM [Agents] AS [a]
    WHERE [a].[IsDeleted] = CAST(0 AS bit)
) AS [a0] ON [p1].[AgentId] = [a0].[Id]
LEFT JOIN (
    SELECT [t].[Id], [t].[CreatedAt], [t].[CreatedBy], [t].[DeletedAt], [t].[DeletedBy], [t].[Description], [t].[IsActive], [t].[IsDeleted], [t].[LastModifiedAt], [t].[LastModifiedBy], [t].[Name], [t].[RowVersion]
    FROM [TransactionTypes] AS [t]
    WHERE [t].[IsDeleted] = CAST(0 AS bit)
) AS [t0] ON [p1].[TransactionTypeId] = [t0].[Id]
LEFT JOIN (
    SELECT [p3].[Id], [p3].[Caption], [p3].[CreatedAt], [p3].[CreatedBy], [p3].[DeletedAt], [p3].[DeletedBy], [p3].[DisplayOrder], [p3].[IsDeleted], [p3].[IsPrimary], [p3].[LastModifiedAt], [p3].[LastModifiedBy], [p3].[PropertyId], [p3].[RowVersion], [p3].[Url]
    FROM [PropertyImages] AS [p3]
    WHERE [p3].[IsDeleted] = CAST(0 AS bit)
) AS [p4] ON [p1].[Id] = [p4].[PropertyId]
ORDER BY [p1].[IsFeatured] DESC, [p1].[CreatedAt] DESC, [p1].[Id], [p2].[Id], [a0].[Id], [t0].[Id]
[2026-05-24 12:50:20.708 +07:00 WRN] VietPropEstate slow request: GetPropertiesListQuery (524ms) UserId=null Request={"PageNumber":1,"PageSize":3,"SearchTerm":null,"PropertyTypeId":null,"TransactionTypeId":null,"ListingType":null,"Status":"Active","ProvinceCode":null,"WardCode":null,"ProvinceName":null,"MinPrice":null,"MaxPrice":null,"MinArea":null,"MaxArea":null,"MinBedrooms":null,"MaxBedrooms":null,"Bathrooms":null,"Direction":null,"IsFeatured":true,"AllStatuses":false,"SortBy":"CreatedAt","SortOrder":"Desc","$type":"GetPropertiesListQuery"}
[2026-05-24 12:50:20.708 +07:00 WRN] VietPropEstate slow request: GetPropertiesListQuery (524ms) UserId=null Request={"PageNumber":1,"PageSize":6,"SearchTerm":null,"PropertyTypeId":null,"TransactionTypeId":null,"ListingType":null,"Status":"Active","ProvinceCode":null,"WardCode":null,"ProvinceName":null,"MinPrice":null,"MaxPrice":null,"MinArea":null,"MaxArea":null,"MinBedrooms":null,"MaxBedrooms":null,"Bathrooms":null,"Direction":null,"IsFeatured":null,"AllStatuses":false,"SortBy":"CreatedAt","SortOrder":"Desc","$type":"GetPropertiesListQuery"}
[2026-05-24 12:50:20.730 +07:00 INF] Handled GetPropertiesListQuery in 601ms
[2026-05-24 12:50:20.752 +07:00 INF] Handled GetPropertiesListQuery in 623ms
[2026-05-24 12:50:20.755 +07:00 INF] Executing OkObjectResult, writing value of type 'VietPropEstate.Application.Common.Models.PaginatedList`1[[VietPropEstate.Application.Features.Properties.DTOs.PropertyDto, VietPropEstate.Application, Version=1.0.0.0, Culture=neutral, PublicKeyToken=null]]'.
[2026-05-24 12:50:20.756 +07:00 INF] Executing OkObjectResult, writing value of type 'VietPropEstate.Application.Common.Models.PaginatedList`1[[VietPropEstate.Application.Features.Properties.DTOs.PropertyDto, VietPropEstate.Application, Version=1.0.0.0, Culture=neutral, PublicKeyToken=null]]'.
[2026-05-24 12:50:20.833 +07:00 INF] Executed action VietPropEstate.WebAPI.Controllers.PropertiesController.GetList (VietPropEstate.WebAPI) in 754.4221ms
[2026-05-24 12:50:20.833 +07:00 INF] Executed action VietPropEstate.WebAPI.Controllers.PropertiesController.GetList (VietPropEstate.WebAPI) in 758.1974ms
[2026-05-24 12:50:20.836 +07:00 INF] Executed endpoint 'VietPropEstate.WebAPI.Controllers.PropertiesController.GetList (VietPropEstate.WebAPI)'
[2026-05-24 12:50:20.838 +07:00 INF] Executed endpoint 'VietPropEstate.WebAPI.Controllers.PropertiesController.GetList (VietPropEstate.WebAPI)'
[2026-05-24 12:50:20.840 +07:00 INF] HTTP GET /api/properties responded 200 in 846.7794 ms
[2026-05-24 12:50:20.841 +07:00 INF] HTTP GET /api/properties responded 200 in 848.4614 ms
[2026-05-24 12:50:20.845 +07:00 INF] Request finished HTTP/1.1 GET http://localhost:5198/api/properties?pageNumber=1&pageSize=3&isFeatured=True&status=1&sortBy=CreatedAt&sortOrder=Desc - 200 null application/json; charset=utf-8 936.4125ms
[2026-05-24 12:50:20.847 +07:00 INF] Request finished HTTP/1.1 GET http://localhost:5198/api/properties?pageNumber=1&pageSize=6&status=1&sortBy=CreatedAt&sortOrder=Desc - 200 null application/json; charset=utf-8 938.556ms
[2026-05-24 12:51:28.769 +07:00 INF] Request starting HTTP/1.1 OPTIONS http://localhost:5198/api/auth/register - null null
[2026-05-24 12:51:28.778 +07:00 INF] CORS policy execution successful.
[2026-05-24 12:51:28.781 +07:00 INF] Request finished HTTP/1.1 OPTIONS http://localhost:5198/api/auth/register - 204 null null 11.6589ms
[2026-05-24 12:51:28.787 +07:00 INF] Request starting HTTP/1.1 POST http://localhost:5198/api/auth/register - application/json; charset=utf-8 163
[2026-05-24 12:51:28.793 +07:00 INF] CORS policy execution successful.
[2026-05-24 12:51:28.797 +07:00 INF] Executing endpoint 'VietPropEstate.WebAPI.Controllers.AuthController.Register (VietPropEstate.WebAPI)'
[2026-05-24 12:51:28.804 +07:00 INF] Route matched with {action = "Register", controller = "Auth"}. Executing controller action with signature System.Threading.Tasks.Task`1[Microsoft.AspNetCore.Mvc.IActionResult] Register(VietPropEstate.Application.Features.Auth.Commands.RegisterUser.RegisterUserCommand, System.Threading.CancellationToken) on controller VietPropEstate.WebAPI.Controllers.AuthController (VietPropEstate.WebAPI).
[2026-05-24 12:51:28.840 +07:00 INF] Handling RegisterUserCommand {"Email":"khanhq3@gmail.com","Password":"Khanh123","ConfirmPassword":"Khanh123","FirstName":"khanh","LastName":"quoc","PhoneNumber":"0123458798","Role":"Customer","IpAddress":"::1","$type":"RegisterUserCommand"}
[2026-05-24 12:51:28.866 +07:00 INF] Executed DbCommand (3ms) [Parameters=[@__normalizedEmail_0='?' (Size = 256)], CommandType='"Text"', CommandTimeout='60']
SELECT TOP(2) [a].[Id], [a].[AccessFailedCount], [a].[AddressLine], [a].[AvatarUrl], [a].[ConcurrencyStamp], [a].[CreatedAt], [a].[Email], [a].[EmailConfirmed], [a].[FirstName], [a].[IsActive], [a].[LastLoginAt], [a].[LastName], [a].[LockoutEnabled], [a].[LockoutEnd], [a].[NormalizedEmail], [a].[NormalizedUserName], [a].[PasswordHash], [a].[PhoneNumber], [a].[PhoneNumberConfirmed], [a].[ProvinceCode], [a].[ProvinceName], [a].[SecurityStamp], [a].[TwoFactorEnabled], [a].[UserName], [a].[WardCode], [a].[WardName]
FROM [AspNetUsers] AS [a]
WHERE [a].[NormalizedEmail] = @__normalizedEmail_0
[2026-05-24 12:51:29.011 +07:00 INF] Executed DbCommand (2ms) [Parameters=[@__normalizedUserName_0='?' (Size = 256)], CommandType='"Text"', CommandTimeout='60']
SELECT TOP(1) [a].[Id], [a].[AccessFailedCount], [a].[AddressLine], [a].[AvatarUrl], [a].[ConcurrencyStamp], [a].[CreatedAt], [a].[Email], [a].[EmailConfirmed], [a].[FirstName], [a].[IsActive], [a].[LastLoginAt], [a].[LastName], [a].[LockoutEnabled], [a].[LockoutEnd], [a].[NormalizedEmail], [a].[NormalizedUserName], [a].[PasswordHash], [a].[PhoneNumber], [a].[PhoneNumberConfirmed], [a].[ProvinceCode], [a].[ProvinceName], [a].[SecurityStamp], [a].[TwoFactorEnabled], [a].[UserName], [a].[WardCode], [a].[WardName]
FROM [AspNetUsers] AS [a]
WHERE [a].[NormalizedUserName] = @__normalizedUserName_0
[2026-05-24 12:51:29.021 +07:00 INF] Executed DbCommand (1ms) [Parameters=[@__normalizedEmail_0='?' (Size = 256)], CommandType='"Text"', CommandTimeout='60']
SELECT TOP(2) [a].[Id], [a].[AccessFailedCount], [a].[AddressLine], [a].[AvatarUrl], [a].[ConcurrencyStamp], [a].[CreatedAt], [a].[Email], [a].[EmailConfirmed], [a].[FirstName], [a].[IsActive], [a].[LastLoginAt], [a].[LastName], [a].[LockoutEnabled], [a].[LockoutEnd], [a].[NormalizedEmail], [a].[NormalizedUserName], [a].[PasswordHash], [a].[PhoneNumber], [a].[PhoneNumberConfirmed], [a].[ProvinceCode], [a].[ProvinceName], [a].[SecurityStamp], [a].[TwoFactorEnabled], [a].[UserName], [a].[WardCode], [a].[WardName]
FROM [AspNetUsers] AS [a]
WHERE [a].[NormalizedEmail] = @__normalizedEmail_0
[2026-05-24 12:51:29.135 +07:00 INF] Executed DbCommand (10ms) [Parameters=[@p0='?' (Size = 450), @p1='?' (DbType = Int32), @p2='?' (Size = 4000), @p3='?' (Size = 4000), @p4='?' (Size = 4000), @p5='?' (DbType = DateTime2), @p6='?' (Size = 256), @p7='?' (DbType = Boolean), @p8='?' (Size = 4000), @p9='?' (DbType = Boolean), @p10='?' (DbType = DateTime2), @p11='?' (Size = 4000), @p12='?' (DbType = Boolean), @p13='?' (DbType = DateTimeOffset), @p14='?' (Size = 256), @p15='?' (Size = 256), @p16='?' (Size = 4000), @p17='?' (Size = 4000), @p18='?' (DbType = Boolean), @p19='?' (DbType = Int32), @p20='?' (Size = 4000), @p21='?' (Size = 4000), @p22='?' (DbType = Boolean), @p23='?' (Size = 256), @p24='?' (DbType = Int32), @p25='?' (Size = 4000)], CommandType='"Text"', CommandTimeout='60']
SET IMPLICIT_TRANSACTIONS OFF;
SET NOCOUNT ON;
INSERT INTO [AspNetUsers] ([Id], [AccessFailedCount], [AddressLine], [AvatarUrl], [ConcurrencyStamp], [CreatedAt], [Email], [EmailConfirmed], [FirstName], [IsActive], [LastLoginAt], [LastName], [LockoutEnabled], [LockoutEnd], [NormalizedEmail], [NormalizedUserName], [PasswordHash], [PhoneNumber], [PhoneNumberConfirmed], [ProvinceCode], [ProvinceName], [SecurityStamp], [TwoFactorEnabled], [UserName], [WardCode], [WardName])
VALUES (@p0, @p1, @p2, @p3, @p4, @p5, @p6, @p7, @p8, @p9, @p10, @p11, @p12, @p13, @p14, @p15, @p16, @p17, @p18, @p19, @p20, @p21, @p22, @p23, @p24, @p25);
[2026-05-24 12:51:29.157 +07:00 INF] Executed DbCommand (2ms) [Parameters=[@__normalizedRoleName_0='?' (Size = 256)], CommandType='"Text"', CommandTimeout='60']
SELECT TOP(2) [a].[Id], [a].[ConcurrencyStamp], [a].[Name], [a].[NormalizedName]
FROM [AspNetRoles] AS [a]
WHERE [a].[NormalizedName] = @__normalizedRoleName_0
[2026-05-24 12:51:29.163 +07:00 INF] Executed DbCommand (2ms) [Parameters=[@__p_0='?' (Size = 450), @__p_1='?' (Size = 450)], CommandType='"Text"', CommandTimeout='60']
SELECT TOP(1) [a].[UserId], [a].[RoleId]
FROM [AspNetUserRoles] AS [a]
WHERE [a].[UserId] = @__p_0 AND [a].[RoleId] = @__p_1
[2026-05-24 12:51:29.171 +07:00 INF] Executed DbCommand (1ms) [Parameters=[@__normalizedRoleName_0='?' (Size = 256)], CommandType='"Text"', CommandTimeout='60']
SELECT TOP(2) [a].[Id], [a].[ConcurrencyStamp], [a].[Name], [a].[NormalizedName]
FROM [AspNetRoles] AS [a]
WHERE [a].[NormalizedName] = @__normalizedRoleName_0
[2026-05-24 12:51:29.180 +07:00 INF] Executed DbCommand (1ms) [Parameters=[@__normalizedUserName_0='?' (Size = 256)], CommandType='"Text"', CommandTimeout='60']
SELECT TOP(1) [a].[Id], [a].[AccessFailedCount], [a].[AddressLine], [a].[AvatarUrl], [a].[ConcurrencyStamp], [a].[CreatedAt], [a].[Email], [a].[EmailConfirmed], [a].[FirstName], [a].[IsActive], [a].[LastLoginAt], [a].[LastName], [a].[LockoutEnabled], [a].[LockoutEnd], [a].[NormalizedEmail], [a].[NormalizedUserName], [a].[PasswordHash], [a].[PhoneNumber], [a].[PhoneNumberConfirmed], [a].[ProvinceCode], [a].[ProvinceName], [a].[SecurityStamp], [a].[TwoFactorEnabled], [a].[UserName], [a].[WardCode], [a].[WardName]
FROM [AspNetUsers] AS [a]
WHERE [a].[NormalizedUserName] = @__normalizedUserName_0
[2026-05-24 12:51:29.187 +07:00 INF] Executed DbCommand (1ms) [Parameters=[@__normalizedEmail_0='?' (Size = 256)], CommandType='"Text"', CommandTimeout='60']
SELECT TOP(2) [a].[Id], [a].[AccessFailedCount], [a].[AddressLine], [a].[AvatarUrl], [a].[ConcurrencyStamp], [a].[CreatedAt], [a].[Email], [a].[EmailConfirmed], [a].[FirstName], [a].[IsActive], [a].[LastLoginAt], [a].[LastName], [a].[LockoutEnabled], [a].[LockoutEnd], [a].[NormalizedEmail], [a].[NormalizedUserName], [a].[PasswordHash], [a].[PhoneNumber], [a].[PhoneNumberConfirmed], [a].[ProvinceCode], [a].[ProvinceName], [a].[SecurityStamp], [a].[TwoFactorEnabled], [a].[UserName], [a].[WardCode], [a].[WardName]
FROM [AspNetUsers] AS [a]
WHERE [a].[NormalizedEmail] = @__normalizedEmail_0
[2026-05-24 12:51:29.220 +07:00 INF] Executed DbCommand (6ms) [Parameters=[@p0='?' (Size = 450), @p1='?' (Size = 450), @p27='?' (Size = 450), @p2='?' (DbType = Int32), @p3='?' (Size = 4000), @p4='?' (Size = 4000), @p5='?' (Size = 4000), @p28='?' (Size = 4000), @p6='?' (DbType = DateTime2), @p7='?' (Size = 256), @p8='?' (DbType = Boolean), @p9='?' (Size = 4000), @p10='?' (DbType = Boolean), @p11='?' (DbType = DateTime2), @p12='?' (Size = 4000), @p13='?' (DbType = Boolean), @p14='?' (DbType = DateTimeOffset), @p15='?' (Size = 256), @p16='?' (Size = 256), @p17='?' (Size = 4000), @p18='?' (Size = 4000), @p19='?' (DbType = Boolean), @p20='?' (DbType = Int32), @p21='?' (Size = 4000), @p22='?' (Size = 4000), @p23='?' (DbType = Boolean), @p24='?' (Size = 256), @p25='?' (DbType = Int32), @p26='?' (Size = 4000)], CommandType='"Text"', CommandTimeout='60']
SET NOCOUNT ON;
INSERT INTO [AspNetUserRoles] ([RoleId], [UserId])
VALUES (@p0, @p1);
UPDATE [AspNetUsers] SET [AccessFailedCount] = @p2, [AddressLine] = @p3, [AvatarUrl] = @p4, [ConcurrencyStamp] = @p5, [CreatedAt] = @p6, [Email] = @p7, [EmailConfirmed] = @p8, [FirstName] = @p9, [IsActive] = @p10, [LastLoginAt] = @p11, [LastName] = @p12, [LockoutEnabled] = @p13, [LockoutEnd] = @p14, [NormalizedEmail] = @p15, [NormalizedUserName] = @p16, [PasswordHash] = @p17, [PhoneNumber] = @p18, [PhoneNumberConfirmed] = @p19, [ProvinceCode] = @p20, [ProvinceName] = @p21, [SecurityStamp] = @p22, [TwoFactorEnabled] = @p23, [UserName] = @p24, [WardCode] = @p25, [WardName] = @p26
OUTPUT 1
WHERE [Id] = @p27 AND [ConcurrencyStamp] = @p28;
[2026-05-24 12:51:29.236 +07:00 INF] [EMAIL LOG] To: khanhq3@gmail.com | Subject: Confirm your VietPropEstate email address

        <div style='font-family:Arial,sans-serif;max-width:600px;margin:auto;padding:20px'>
          <h2 style='color:#1a56db'>Confirm your email address</h2>
          <p>Hello khanh quoc,</p>
          <p>Thank you for registering with VietPropEstate. Please confirm your email address by clicking the button below.</p>
          <div style='text-align:center;margin:32px 0'>
            <a href='https://localhost:5001/verify-email?userId=a0a645a9-1c49-41cc-b5dd-a186ffbd8905&token=934270'
               style='background:#1a56db;color:#fff;padding:14px 28px;
                      border-radius:6px;text-decoration:none;font-weight:600'>
              Confirm Email
            </a>
          </div>
          <p style='color:#6b7280;font-size:13px'>
            If you did not request this, please ignore this email.
          </p>
          <hr style='border:none;border-top:1px solid #e5e7eb;margin:24px 0'/>
          <p style='color:#6b7280;font-size:12px'>VietPropEstate · Vietnam Property Platform</p>
        </div>
[2026-05-24 12:51:29.240 +07:00 INF] [EMAIL LOG] To: khanhq3@gmail.com | Subject: Welcome to VietPropEstate!

        <div style='font-family:Arial,sans-serif;max-width:600px;margin:auto;padding:20px'>
          <h2 style='color:#1a56db'>Welcome to VietPropEstate 🎉</h2>
          <p>Hello khanh quoc,</p>
          <p>Your account has been created successfully. You can now browse thousands of
             property listings across Vietnam.</p>
          <p>If you have any questions, please contact us at support@vietpropestate.vn.</p>
          <hr style='border:none;border-top:1px solid #e5e7eb;margin:24px 0'/>
          <p style='color:#6b7280;font-size:12px'>
            VietPropEstate · Vietnam Property Platform
          </p>
        </div>
[2026-05-24 12:51:29.263 +07:00 INF] Executed DbCommand (3ms) [Parameters=[@__userId_0='?' (Size = 450)], CommandType='"Text"', CommandTimeout='60']
SELECT [a0].[Name]
FROM [AspNetUserRoles] AS [a]
INNER JOIN [AspNetRoles] AS [a0] ON [a].[RoleId] = [a0].[Id]
WHERE [a].[UserId] = @__userId_0
[2026-05-24 12:51:29.311 +07:00 INF] Executed DbCommand (4ms) [Parameters=[@__userId_0='?' (Size = 450)], CommandType='"Text"', CommandTimeout='60']
SELECT [r].[Id], [r].[CreatedAt], [r].[CreatedByIp], [r].[ExpiresAt], [r].[IsRevoked], [r].[ReplacedByToken], [r].[RevokedAt], [r].[RevokedByIp], [r].[RevokedReason], [r].[Token], [r].[UserId]
FROM [RefreshTokens] AS [r]
WHERE [r].[UserId] = @__userId_0 AND ([r].[IsRevoked] = CAST(1 AS bit) OR [r].[ExpiresAt] < GETUTCDATE())
[2026-05-24 12:51:29.365 +07:00 INF] Executed DbCommand (4ms) [Parameters=[@p0='?' (DbType = Guid), @p1='?' (DbType = DateTime2), @p2='?' (Size = 45), @p3='?' (DbType = DateTime2), @p4='?' (DbType = Boolean), @p5='?' (Size = 500), @p6='?' (DbType = DateTime2), @p7='?' (Size = 45), @p8='?' (Size = 500), @p9='?' (Size = 500), @p10='?' (Size = 450)], CommandType='"Text"', CommandTimeout='60']
SET IMPLICIT_TRANSACTIONS OFF;
SET NOCOUNT ON;
INSERT INTO [RefreshTokens] ([Id], [CreatedAt], [CreatedByIp], [ExpiresAt], [IsRevoked], [ReplacedByToken], [RevokedAt], [RevokedByIp], [RevokedReason], [Token], [UserId])
VALUES (@p0, @p1, @p2, @p3, @p4, @p5, @p6, @p7, @p8, @p9, @p10);
[2026-05-24 12:51:29.371 +07:00 INF] User khanhq3@gmail.com registered with role Customer.
[2026-05-24 12:51:29.375 +07:00 INF] Executed DbCommand (1ms) [Parameters=[@__userId_0='?' (Size = 450)], CommandType='"Text"', CommandTimeout='60']
SELECT [a0].[Name]
FROM [AspNetUserRoles] AS [a]
INNER JOIN [AspNetRoles] AS [a0] ON [a].[RoleId] = [a0].[Id]
WHERE [a].[UserId] = @__userId_0
[2026-05-24 12:51:29.381 +07:00 WRN] VietPropEstate slow request: RegisterUserCommand (525ms) UserId=null Request={"Email":"khanhq3@gmail.com","Password":"Khanh123","ConfirmPassword":"Khanh123","FirstName":"khanh","LastName":"quoc","PhoneNumber":"0123458798","Role":"Customer","IpAddress":"::1","$type":"RegisterUserCommand"}
[2026-05-24 12:51:29.393 +07:00 INF] Handled RegisterUserCommand in 552ms
[2026-05-24 12:51:29.397 +07:00 INF] Executing OkObjectResult, writing value of type 'VietPropEstate.Application.Features.Auth.DTOs.AuthResponseDto'.
[2026-05-24 12:51:29.404 +07:00 INF] Executed action VietPropEstate.WebAPI.Controllers.AuthController.Register (VietPropEstate.WebAPI) in 596.5052ms
[2026-05-24 12:51:29.406 +07:00 INF] Executed endpoint 'VietPropEstate.WebAPI.Controllers.AuthController.Register (VietPropEstate.WebAPI)'
[2026-05-24 12:51:29.408 +07:00 INF] HTTP POST /api/auth/register responded 200 in 613.2760 ms
[2026-05-24 12:51:29.411 +07:00 INF] Request finished HTTP/1.1 POST http://localhost:5198/api/auth/register - 200 null application/json; charset=utf-8 624.1875ms
[2026-05-24 12:51:29.478 +07:00 INF] Request starting HTTP/1.1 OPTIONS http://localhost:5198/api/conversations/unread - null null
[2026-05-24 12:51:29.483 +07:00 INF] CORS policy execution successful.
[2026-05-24 12:51:29.484 +07:00 INF] Request finished HTTP/1.1 OPTIONS http://localhost:5198/api/conversations/unread - 204 null null 6.2209ms
[2026-05-24 12:51:29.489 +07:00 INF] Request starting HTTP/1.1 GET http://localhost:5198/api/conversations/unread - null null
[2026-05-24 12:51:29.493 +07:00 INF] CORS policy execution successful.
[2026-05-24 12:51:29.502 +07:00 INF] Request starting HTTP/1.1 OPTIONS http://localhost:5198/api/notifications?pageNumber=1&pageSize=20&unreadOnly=false - null null
[2026-05-24 12:51:29.505 +07:00 INF] CORS policy execution successful.
[2026-05-24 12:51:29.506 +07:00 INF] Request finished HTTP/1.1 OPTIONS http://localhost:5198/api/notifications?pageNumber=1&pageSize=20&unreadOnly=false - 204 null null 4.6532ms
[2026-05-24 12:51:29.510 +07:00 INF] Request starting HTTP/1.1 OPTIONS http://localhost:5198/api/dashboard/stats - null null
[2026-05-24 12:51:29.512 +07:00 INF] Request starting HTTP/1.1 GET http://localhost:5198/api/notifications?pageNumber=1&pageSize=20&unreadOnly=false - null null
[2026-05-24 12:51:29.513 +07:00 INF] Request starting HTTP/1.1 OPTIONS http://localhost:5198/api/properties/my-listings?pageNumber=1&pageSize=10 - null null
[2026-05-24 12:51:29.515 +07:00 INF] CORS policy execution successful.
[2026-05-24 12:51:29.520 +07:00 INF] CORS policy execution successful.
[2026-05-24 12:51:29.524 +07:00 INF] CORS policy execution successful.
[2026-05-24 12:51:29.525 +07:00 INF] Request finished HTTP/1.1 OPTIONS http://localhost:5198/api/dashboard/stats - 204 null null 14.7564ms
[2026-05-24 12:51:29.528 +07:00 INF] Request finished HTTP/1.1 OPTIONS http://localhost:5198/api/properties/my-listings?pageNumber=1&pageSize=10 - 204 null null 14.2626ms
[2026-05-24 12:51:29.532 +07:00 INF] Request starting HTTP/1.1 GET http://localhost:5198/api/dashboard/stats - null null
[2026-05-24 12:51:29.537 +07:00 INF] Request starting HTTP/1.1 GET http://localhost:5198/api/properties/my-listings?pageNumber=1&pageSize=10 - null null
[2026-05-24 12:51:29.541 +07:00 INF] CORS policy execution successful.
[2026-05-24 12:51:29.546 +07:00 INF] CORS policy execution successful.
[2026-05-24 12:51:29.553 +07:00 INF] Executing endpoint 'VietPropEstate.WebAPI.Controllers.PropertiesController.GetMyListings (VietPropEstate.WebAPI)'
[2026-05-24 12:51:29.553 +07:00 INF] Executing endpoint 'VietPropEstate.WebAPI.Controllers.ConversationsController.GetUnreadCounts (VietPropEstate.WebAPI)'
[2026-05-24 12:51:29.553 +07:00 INF] Executing endpoint 'VietPropEstate.WebAPI.Controllers.DashboardController.GetStats (VietPropEstate.WebAPI)'
[2026-05-24 12:51:29.553 +07:00 INF] Executing endpoint 'VietPropEstate.WebAPI.Controllers.NotificationsController.GetNotifications (VietPropEstate.WebAPI)'
[2026-05-24 12:51:29.560 +07:00 INF] Route matched with {action = "GetMyListings", controller = "Properties"}. Executing controller action with signature System.Threading.Tasks.Task`1[Microsoft.AspNetCore.Mvc.IActionResult] GetMyListings(Int32, Int32, System.Nullable`1[VietPropEstate.Domain.Enums.PropertyStatus], System.Threading.CancellationToken) on controller VietPropEstate.WebAPI.Controllers.PropertiesController (VietPropEstate.WebAPI).
[2026-05-24 12:51:29.561 +07:00 INF] Route matched with {action = "GetUnreadCounts", controller = "Conversations"}. Executing controller action with signature System.Threading.Tasks.Task`1[Microsoft.AspNetCore.Mvc.IActionResult] GetUnreadCounts(System.Threading.CancellationToken) on controller VietPropEstate.WebAPI.Controllers.ConversationsController (VietPropEstate.WebAPI).
[2026-05-24 12:51:29.561 +07:00 INF] Route matched with {action = "GetStats", controller = "Dashboard"}. Executing controller action with signature System.Threading.Tasks.Task`1[Microsoft.AspNetCore.Mvc.IActionResult] GetStats(System.Threading.CancellationToken) on controller VietPropEstate.WebAPI.Controllers.DashboardController (VietPropEstate.WebAPI).
[2026-05-24 12:51:29.564 +07:00 INF] Route matched with {action = "GetNotifications", controller = "Notifications"}. Executing controller action with signature System.Threading.Tasks.Task`1[Microsoft.AspNetCore.Mvc.IActionResult] GetNotifications(Int32, Int32, Boolean, System.Threading.CancellationToken) on controller VietPropEstate.WebAPI.Controllers.NotificationsController (VietPropEstate.WebAPI).
[2026-05-24 12:51:29.567 +07:00 INF] Handling GetMyPropertiesQuery {"PageNumber":1,"PageSize":10,"Status":null,"$type":"GetMyPropertiesQuery"}
[2026-05-24 12:51:29.570 +07:00 INF] Handling GetUnreadCountQuery {"UserId":"a0a645a9-1c49-41cc-b5dd-a186ffbd8905","$type":"GetUnreadCountQuery"}
[2026-05-24 12:51:29.577 +07:00 INF] Handling GetUserNotificationsQuery {"UserId":"a0a645a9-1c49-41cc-b5dd-a186ffbd8905","PageNumber":1,"PageSize":20,"UnreadOnly":false,"$type":"GetUserNotificationsQuery"}
[2026-05-24 12:51:29.600 +07:00 INF] Executed DbCommand (3ms) [Parameters=[@__userId_0='?' (Size = 450)], CommandType='"Text"', CommandTimeout='60']
SELECT TOP(1) [a].[Id], [a].[AgencyName], [a].[AvatarUrl], [a].[Bio], [a].[CreatedAt], [a].[CreatedBy], [a].[DeletedAt], [a].[DeletedBy], [a].[Email], [a].[FullName], [a].[IsActive], [a].[IsDeleted], [a].[LastModifiedAt], [a].[LastModifiedBy], [a].[LicenseNumber], [a].[PhoneNumber], [a].[RowVersion], [a].[UserId]
FROM [Agents] AS [a]
WHERE [a].[IsDeleted] = CAST(0 AS bit) AND [a].[UserId] = @__userId_0 AND [a].[IsDeleted] = CAST(0 AS bit)
[2026-05-24 12:51:29.603 +07:00 INF] Executed DbCommand (5ms) [Parameters=[@__request_UserId_0='?' (Size = 450)], CommandType='"Text"', CommandTimeout='60']
SELECT COUNT(*)
FROM [Notifications] AS [n]
WHERE [n].[IsDeleted] = CAST(0 AS bit) AND [n].[UserId] = @__request_UserId_0 AND [n].[IsDeleted] = CAST(0 AS bit)
[2026-05-24 12:51:29.608 +07:00 INF] Executed DbCommand (3ms) [Parameters=[@___currentUser_UserId_0='?' (Size = 450)], CommandType='"Text"', CommandTimeout='60']
SELECT TOP(1) [a].[Id], [a].[AgencyName], [a].[AvatarUrl], [a].[Bio], [a].[CreatedAt], [a].[CreatedBy], [a].[DeletedAt], [a].[DeletedBy], [a].[Email], [a].[FullName], [a].[IsActive], [a].[IsDeleted], [a].[LastModifiedAt], [a].[LastModifiedBy], [a].[LicenseNumber], [a].[PhoneNumber], [a].[RowVersion], [a].[UserId]
FROM [Agents] AS [a]
WHERE [a].[IsDeleted] = CAST(0 AS bit) AND [a].[UserId] = @___currentUser_UserId_0 AND [a].[IsActive] = CAST(1 AS bit) AND [a].[IsDeleted] = CAST(0 AS bit)
[2026-05-24 12:51:29.612 +07:00 INF] Handled GetMyPropertiesQuery in 46ms
[2026-05-24 12:51:29.614 +07:00 INF] Executed DbCommand (2ms) [Parameters=[], CommandType='"Text"', CommandTimeout='60']
SELECT [p].[Status], [p].[ViewCount]
FROM [Properties] AS [p]
WHERE [p].[IsDeleted] = CAST(0 AS bit)
[2026-05-24 12:51:29.614 +07:00 INF] Executing OkObjectResult, writing value of type 'VietPropEstate.Application.Common.Models.PaginatedList`1[[VietPropEstate.Application.Features.Properties.DTOs.PropertyDto, VietPropEstate.Application, Version=1.0.0.0, Culture=neutral, PublicKeyToken=null]]'.
[2026-05-24 12:51:29.616 +07:00 INF] Executed DbCommand (5ms) [Parameters=[@__request_UserId_0='?' (Size = 450)], CommandType='"Text"', CommandTimeout='60']
SELECT COALESCE(SUM(CASE
    WHEN [c].[BuyerId] = @__request_UserId_0 THEN [c].[BuyerUnreadCount]
    ELSE [c].[SellerUnreadCount]
END), 0)
FROM [Conversations] AS [c]
WHERE [c].[IsDeleted] = CAST(0 AS bit) AND ([c].[BuyerId] = @__request_UserId_0 OR [c].[SellerId] = @__request_UserId_0) AND [c].[IsDeleted] = CAST(0 AS bit)
[2026-05-24 12:51:29.619 +07:00 INF] Executed action VietPropEstate.WebAPI.Controllers.PropertiesController.GetMyListings (VietPropEstate.WebAPI) in 56.4428ms
[2026-05-24 12:51:29.625 +07:00 INF] Executed endpoint 'VietPropEstate.WebAPI.Controllers.PropertiesController.GetMyListings (VietPropEstate.WebAPI)'
[2026-05-24 12:51:29.626 +07:00 INF] HTTP GET /api/properties/my-listings responded 200 in 78.8594 ms
[2026-05-24 12:51:29.628 +07:00 INF] Executed DbCommand (2ms) [Parameters=[@__request_UserId_0='?' (Size = 450), @__p_1='?' (DbType = Int32), @__p_2='?' (DbType = Int32)], CommandType='"Text"', CommandTimeout='60']
SELECT [n].[Id], [n].[UserId], [n].[Title], [n].[Content], [n].[Type], [n].[IsRead], [n].[ReadAt], [n].[ReferenceId], [n].[ActionUrl], [n].[CreatedAt]
FROM [Notifications] AS [n]
WHERE [n].[IsDeleted] = CAST(0 AS bit) AND [n].[UserId] = @__request_UserId_0 AND [n].[IsDeleted] = CAST(0 AS bit)
ORDER BY [n].[CreatedAt] DESC
OFFSET @__p_1 ROWS FETCH NEXT @__p_2 ROWS ONLY
[2026-05-24 12:51:29.628 +07:00 INF] Executed DbCommand (4ms) [Parameters=[@__userId_0='?' (Size = 450)], CommandType='"Text"', CommandTimeout='60']
SELECT COUNT(*)
FROM [Favorites] AS [f]
WHERE [f].[IsDeleted] = CAST(0 AS bit) AND [f].[UserId] = @__userId_0 AND [f].[IsDeleted] = CAST(0 AS bit)
[2026-05-24 12:51:29.630 +07:00 INF] Request finished HTTP/1.1 GET http://localhost:5198/api/properties/my-listings?pageNumber=1&pageSize=10 - 200 null application/json; charset=utf-8 92.7614ms
[2026-05-24 12:51:29.632 +07:00 INF] Executed DbCommand (3ms) [Parameters=[@__request_UserId_0='?' (Size = 450)], CommandType='"Text"', CommandTimeout='60']
SELECT COUNT(*)
FROM [Notifications] AS [n]
WHERE [n].[IsDeleted] = CAST(0 AS bit) AND [n].[UserId] = @__request_UserId_0 AND [n].[IsRead] = CAST(0 AS bit) AND [n].[IsDeleted] = CAST(0 AS bit)
[2026-05-24 12:51:29.634 +07:00 INF] Handled GetUserNotificationsQuery in 57ms
[2026-05-24 12:51:29.638 +07:00 INF] Handling GetUnreadCountQuery {"UserId":"a0a645a9-1c49-41cc-b5dd-a186ffbd8905","$type":"GetUnreadCountQuery"}
[2026-05-24 12:51:29.645 +07:00 INF] Handled GetUnreadCountQuery in 75ms
[2026-05-24 12:51:29.646 +07:00 INF] Executing OkObjectResult, writing value of type 'VietPropEstate.Application.Common.Models.PaginatedList`1[[VietPropEstate.Application.Features.Notifications.DTOs.NotificationDto, VietPropEstate.Application, Version=1.0.0.0, Culture=neutral, PublicKeyToken=null]]'.
[2026-05-24 12:51:29.652 +07:00 INF] Executed DbCommand (1ms) [Parameters=[@__request_UserId_0='?' (Size = 450)], CommandType='"Text"', CommandTimeout='60']
SELECT COALESCE(SUM(CASE
    WHEN [c].[BuyerId] = @__request_UserId_0 THEN [c].[BuyerUnreadCount]
    ELSE [c].[SellerUnreadCount]
END), 0)
FROM [Conversations] AS [c]
WHERE [c].[IsDeleted] = CAST(0 AS bit) AND ([c].[BuyerId] = @__request_UserId_0 OR [c].[SellerId] = @__request_UserId_0) AND [c].[IsDeleted] = CAST(0 AS bit)
[2026-05-24 12:51:29.652 +07:00 INF] Executing OkObjectResult, writing value of type 'VietPropEstate.Application.Features.Chat.Queries.GetUnreadCount.UnreadCountResult'.
[2026-05-24 12:51:29.658 +07:00 INF] Executed DbCommand (0ms) [Parameters=[@__request_UserId_0='?' (Size = 450)], CommandType='"Text"', CommandTimeout='60']
SELECT COUNT(*)
FROM [Notifications] AS [n]
WHERE [n].[IsDeleted] = CAST(0 AS bit) AND [n].[UserId] = @__request_UserId_0 AND [n].[IsRead] = CAST(0 AS bit) AND [n].[IsDeleted] = CAST(0 AS bit)
[2026-05-24 12:51:29.661 +07:00 INF] Handled GetUnreadCountQuery in 23ms
[2026-05-24 12:51:29.663 +07:00 INF] Executed action VietPropEstate.WebAPI.Controllers.ConversationsController.GetUnreadCounts (VietPropEstate.WebAPI) in 96.7528ms
[2026-05-24 12:51:29.663 +07:00 INF] Executed action VietPropEstate.WebAPI.Controllers.NotificationsController.GetNotifications (VietPropEstate.WebAPI) in 90.7591ms
[2026-05-24 12:51:29.666 +07:00 INF] Executed endpoint 'VietPropEstate.WebAPI.Controllers.ConversationsController.GetUnreadCounts (VietPropEstate.WebAPI)'
[2026-05-24 12:51:29.668 +07:00 INF] Executing OkObjectResult, writing value of type 'VietPropEstate.Application.Features.Dashboard.DTOs.DashboardStatsDto'.
[2026-05-24 12:51:29.669 +07:00 INF] Executed endpoint 'VietPropEstate.WebAPI.Controllers.NotificationsController.GetNotifications (VietPropEstate.WebAPI)'
[2026-05-24 12:51:29.670 +07:00 INF] HTTP GET /api/conversations/unread responded 200 in 175.2806 ms
[2026-05-24 12:51:29.674 +07:00 INF] HTTP GET /api/notifications responded 200 in 147.4224 ms
[2026-05-24 12:51:29.677 +07:00 INF] Request finished HTTP/1.1 GET http://localhost:5198/api/conversations/unread - 200 null application/json; charset=utf-8 187.371ms
[2026-05-24 12:51:29.679 +07:00 INF] Executed action VietPropEstate.WebAPI.Controllers.DashboardController.GetStats (VietPropEstate.WebAPI) in 109.1836ms
[2026-05-24 12:51:29.679 +07:00 INF] Request finished HTTP/1.1 GET http://localhost:5198/api/notifications?pageNumber=1&pageSize=20&unreadOnly=false - 200 null application/json; charset=utf-8 167.5041ms
[2026-05-24 12:51:29.686 +07:00 INF] Executed endpoint 'VietPropEstate.WebAPI.Controllers.DashboardController.GetStats (VietPropEstate.WebAPI)'
[2026-05-24 12:51:29.692 +07:00 INF] HTTP GET /api/dashboard/stats responded 200 in 146.1175 ms
[2026-05-24 12:51:29.695 +07:00 INF] Request finished HTTP/1.1 GET http://localhost:5198/api/dashboard/stats - 200 null application/json; charset=utf-8 162.1402ms
[2026-05-24 12:51:36.747 +07:00 INF] Request starting HTTP/1.1 OPTIONS http://localhost:5198/api/properties/my-listings?pageNumber=1&pageSize=10 - null null
[2026-05-24 12:51:36.751 +07:00 INF] CORS policy execution successful.
[2026-05-24 12:51:36.752 +07:00 INF] Request finished HTTP/1.1 OPTIONS http://localhost:5198/api/properties/my-listings?pageNumber=1&pageSize=10 - 204 null null 5.0901ms
[2026-05-24 12:51:36.757 +07:00 INF] Request starting HTTP/1.1 GET http://localhost:5198/api/properties/my-listings?pageNumber=1&pageSize=10 - null null
[2026-05-24 12:51:36.762 +07:00 INF] CORS policy execution successful.
[2026-05-24 12:51:36.766 +07:00 INF] Executing endpoint 'VietPropEstate.WebAPI.Controllers.PropertiesController.GetMyListings (VietPropEstate.WebAPI)'
[2026-05-24 12:51:36.768 +07:00 INF] Route matched with {action = "GetMyListings", controller = "Properties"}. Executing controller action with signature System.Threading.Tasks.Task`1[Microsoft.AspNetCore.Mvc.IActionResult] GetMyListings(Int32, Int32, System.Nullable`1[VietPropEstate.Domain.Enums.PropertyStatus], System.Threading.CancellationToken) on controller VietPropEstate.WebAPI.Controllers.PropertiesController (VietPropEstate.WebAPI).
[2026-05-24 12:51:36.773 +07:00 INF] Handling GetMyPropertiesQuery {"PageNumber":1,"PageSize":10,"Status":null,"$type":"GetMyPropertiesQuery"}
[2026-05-24 12:51:36.782 +07:00 INF] Executed DbCommand (1ms) [Parameters=[@___currentUser_UserId_0='?' (Size = 450)], CommandType='"Text"', CommandTimeout='60']
SELECT TOP(1) [a].[Id], [a].[AgencyName], [a].[AvatarUrl], [a].[Bio], [a].[CreatedAt], [a].[CreatedBy], [a].[DeletedAt], [a].[DeletedBy], [a].[Email], [a].[FullName], [a].[IsActive], [a].[IsDeleted], [a].[LastModifiedAt], [a].[LastModifiedBy], [a].[LicenseNumber], [a].[PhoneNumber], [a].[RowVersion], [a].[UserId]
FROM [Agents] AS [a]
WHERE [a].[IsDeleted] = CAST(0 AS bit) AND [a].[UserId] = @___currentUser_UserId_0 AND [a].[IsActive] = CAST(1 AS bit) AND [a].[IsDeleted] = CAST(0 AS bit)
[2026-05-24 12:51:36.786 +07:00 INF] Handled GetMyPropertiesQuery in 13ms
[2026-05-24 12:51:36.788 +07:00 INF] Executing OkObjectResult, writing value of type 'VietPropEstate.Application.Common.Models.PaginatedList`1[[VietPropEstate.Application.Features.Properties.DTOs.PropertyDto, VietPropEstate.Application, Version=1.0.0.0, Culture=neutral, PublicKeyToken=null]]'.
[2026-05-24 12:51:36.791 +07:00 INF] Executed action VietPropEstate.WebAPI.Controllers.PropertiesController.GetMyListings (VietPropEstate.WebAPI) in 19.6525ms
[2026-05-24 12:51:36.793 +07:00 INF] Executed endpoint 'VietPropEstate.WebAPI.Controllers.PropertiesController.GetMyListings (VietPropEstate.WebAPI)'
[2026-05-24 12:51:36.795 +07:00 INF] HTTP GET /api/properties/my-listings responded 200 in 31.5388 ms
[2026-05-24 12:51:36.798 +07:00 INF] Request finished HTTP/1.1 GET http://localhost:5198/api/properties/my-listings?pageNumber=1&pageSize=10 - 200 null application/json; charset=utf-8 40.2373ms
[2026-05-24 12:51:40.011 +07:00 INF] Request starting HTTP/1.1 OPTIONS http://localhost:5198/api/auth/me - null null
[2026-05-24 12:51:40.015 +07:00 INF] CORS policy execution successful.
[2026-05-24 12:51:40.016 +07:00 INF] Request finished HTTP/1.1 OPTIONS http://localhost:5198/api/auth/me - 204 null null 5.0785ms
[2026-05-24 12:51:40.022 +07:00 INF] Request starting HTTP/1.1 GET http://localhost:5198/api/auth/me - null null
[2026-05-24 12:51:40.026 +07:00 INF] CORS policy execution successful.
[2026-05-24 12:51:40.028 +07:00 INF] Executing endpoint 'VietPropEstate.WebAPI.Controllers.AuthController.GetProfile (VietPropEstate.WebAPI)'
[2026-05-24 12:51:40.034 +07:00 INF] Route matched with {action = "GetProfile", controller = "Auth"}. Executing controller action with signature System.Threading.Tasks.Task`1[Microsoft.AspNetCore.Mvc.IActionResult] GetProfile(System.Threading.CancellationToken) on controller VietPropEstate.WebAPI.Controllers.AuthController (VietPropEstate.WebAPI).
[2026-05-24 12:51:40.062 +07:00 INF] Executed DbCommand (2ms) [Parameters=[@__p_0='?' (Size = 450)], CommandType='"Text"', CommandTimeout='60']
SELECT TOP(1) [a].[Id], [a].[AccessFailedCount], [a].[AddressLine], [a].[AvatarUrl], [a].[ConcurrencyStamp], [a].[CreatedAt], [a].[Email], [a].[EmailConfirmed], [a].[FirstName], [a].[IsActive], [a].[LastLoginAt], [a].[LastName], [a].[LockoutEnabled], [a].[LockoutEnd], [a].[NormalizedEmail], [a].[NormalizedUserName], [a].[PasswordHash], [a].[PhoneNumber], [a].[PhoneNumberConfirmed], [a].[ProvinceCode], [a].[ProvinceName], [a].[SecurityStamp], [a].[TwoFactorEnabled], [a].[UserName], [a].[WardCode], [a].[WardName]
FROM [AspNetUsers] AS [a]
WHERE [a].[Id] = @__p_0
[2026-05-24 12:51:40.068 +07:00 INF] Executed DbCommand (1ms) [Parameters=[@__userId_0='?' (Size = 450)], CommandType='"Text"', CommandTimeout='60']
SELECT [a0].[Name]
FROM [AspNetUserRoles] AS [a]
INNER JOIN [AspNetRoles] AS [a0] ON [a].[RoleId] = [a0].[Id]
WHERE [a].[UserId] = @__userId_0
[2026-05-24 12:51:40.072 +07:00 INF] Executing OkObjectResult, writing value of type 'VietPropEstate.Application.Features.Auth.DTOs.UserProfileDto'.
[2026-05-24 12:51:40.079 +07:00 INF] Executed action VietPropEstate.WebAPI.Controllers.AuthController.GetProfile (VietPropEstate.WebAPI) in 41.9283ms
[2026-05-24 12:51:40.081 +07:00 INF] Executed endpoint 'VietPropEstate.WebAPI.Controllers.AuthController.GetProfile (VietPropEstate.WebAPI)'
[2026-05-24 12:51:40.083 +07:00 INF] HTTP GET /api/auth/me responded 200 in 55.5676 ms
[2026-05-24 12:51:40.086 +07:00 INF] Request finished HTTP/1.1 GET http://localhost:5198/api/auth/me - 200 null application/json; charset=utf-8 63.8007ms
[2026-05-24 12:51:40.102 +07:00 INF] Request starting HTTP/1.1 OPTIONS http://localhost:5198/api/propertytypes - null null
[2026-05-24 12:51:40.107 +07:00 INF] CORS policy execution successful.
[2026-05-24 12:51:40.108 +07:00 INF] Request finished HTTP/1.1 OPTIONS http://localhost:5198/api/propertytypes - 204 null null 6.0462ms
[2026-05-24 12:51:40.113 +07:00 INF] Request starting HTTP/1.1 GET http://localhost:5198/api/propertytypes - null null
[2026-05-24 12:51:40.117 +07:00 INF] CORS policy execution successful.
[2026-05-24 12:51:40.118 +07:00 INF] Executing endpoint 'VietPropEstate.WebAPI.Controllers.PropertyTypesController.GetPropertyTypes (VietPropEstate.WebAPI)'
[2026-05-24 12:51:40.123 +07:00 INF] Route matched with {action = "GetPropertyTypes", controller = "PropertyTypes"}. Executing controller action with signature System.Threading.Tasks.Task`1[Microsoft.AspNetCore.Mvc.IActionResult] GetPropertyTypes(System.Threading.CancellationToken) on controller VietPropEstate.WebAPI.Controllers.PropertyTypesController (VietPropEstate.WebAPI).
[2026-05-24 12:51:40.129 +07:00 INF] Handling GetPropertyTypesQuery {"$type":"GetPropertyTypesQuery"}
[2026-05-24 12:51:40.152 +07:00 INF] Executed DbCommand (2ms) [Parameters=[], CommandType='"Text"', CommandTimeout='60']
SELECT [p].[Id], [p].[CreatedAt], [p].[CreatedBy], [p].[DeletedAt], [p].[DeletedBy], [p].[Description], [p].[IsActive], [p].[IsDeleted], [p].[LastModifiedAt], [p].[LastModifiedBy], [p].[Name], [p].[RowVersion]
FROM [PropertyTypes] AS [p]
WHERE [p].[IsDeleted] = CAST(0 AS bit) AND [p].[IsActive] = CAST(1 AS bit) AND [p].[IsDeleted] = CAST(0 AS bit)
[2026-05-24 12:51:40.161 +07:00 INF] Handled GetPropertyTypesQuery in 32ms
[2026-05-24 12:51:40.164 +07:00 INF] Executing OkObjectResult, writing value of type 'System.Collections.Generic.List`1[[VietPropEstate.Application.Features.Properties.DTOs.PropertyTypeDto, VietPropEstate.Application, Version=1.0.0.0, Culture=neutral, PublicKeyToken=null]]'.
[2026-05-24 12:51:40.166 +07:00 INF] Executed action VietPropEstate.WebAPI.Controllers.PropertyTypesController.GetPropertyTypes (VietPropEstate.WebAPI) in 39.6724ms
[2026-05-24 12:51:40.168 +07:00 INF] Executed endpoint 'VietPropEstate.WebAPI.Controllers.PropertyTypesController.GetPropertyTypes (VietPropEstate.WebAPI)'
[2026-05-24 12:51:40.170 +07:00 INF] HTTP GET /api/propertytypes responded 200 in 52.2529 ms
[2026-05-24 12:51:40.174 +07:00 INF] Request finished HTTP/1.1 GET http://localhost:5198/api/propertytypes - 200 null application/json; charset=utf-8 60.4961ms
[2026-05-24 12:51:40.185 +07:00 INF] Request starting HTTP/1.1 GET http://localhost:5198/api/auth/me - null null
[2026-05-24 12:51:40.189 +07:00 INF] CORS policy execution successful.
[2026-05-24 12:51:40.191 +07:00 INF] Executing endpoint 'VietPropEstate.WebAPI.Controllers.AuthController.GetProfile (VietPropEstate.WebAPI)'
[2026-05-24 12:51:40.193 +07:00 INF] Route matched with {action = "GetProfile", controller = "Auth"}. Executing controller action with signature System.Threading.Tasks.Task`1[Microsoft.AspNetCore.Mvc.IActionResult] GetProfile(System.Threading.CancellationToken) on controller VietPropEstate.WebAPI.Controllers.AuthController (VietPropEstate.WebAPI).
[2026-05-24 12:51:40.198 +07:00 INF] Executed DbCommand (1ms) [Parameters=[@__p_0='?' (Size = 450)], CommandType='"Text"', CommandTimeout='60']
SELECT TOP(1) [a].[Id], [a].[AccessFailedCount], [a].[AddressLine], [a].[AvatarUrl], [a].[ConcurrencyStamp], [a].[CreatedAt], [a].[Email], [a].[EmailConfirmed], [a].[FirstName], [a].[IsActive], [a].[LastLoginAt], [a].[LastName], [a].[LockoutEnabled], [a].[LockoutEnd], [a].[NormalizedEmail], [a].[NormalizedUserName], [a].[PasswordHash], [a].[PhoneNumber], [a].[PhoneNumberConfirmed], [a].[ProvinceCode], [a].[ProvinceName], [a].[SecurityStamp], [a].[TwoFactorEnabled], [a].[UserName], [a].[WardCode], [a].[WardName]
FROM [AspNetUsers] AS [a]
WHERE [a].[Id] = @__p_0
[2026-05-24 12:51:40.203 +07:00 INF] Executed DbCommand (1ms) [Parameters=[@__userId_0='?' (Size = 450)], CommandType='"Text"', CommandTimeout='60']
SELECT [a0].[Name]
FROM [AspNetUserRoles] AS [a]
INNER JOIN [AspNetRoles] AS [a0] ON [a].[RoleId] = [a0].[Id]
WHERE [a].[UserId] = @__userId_0
[2026-05-24 12:51:40.207 +07:00 INF] Executing OkObjectResult, writing value of type 'VietPropEstate.Application.Features.Auth.DTOs.UserProfileDto'.
[2026-05-24 12:51:40.209 +07:00 INF] Executed action VietPropEstate.WebAPI.Controllers.AuthController.GetProfile (VietPropEstate.WebAPI) in 12.9475ms
[2026-05-24 12:51:40.211 +07:00 INF] Executed endpoint 'VietPropEstate.WebAPI.Controllers.AuthController.GetProfile (VietPropEstate.WebAPI)'
[2026-05-24 12:51:40.213 +07:00 INF] HTTP GET /api/auth/me responded 200 in 22.1242 ms
[2026-05-24 12:51:40.215 +07:00 INF] Request finished HTTP/1.1 GET http://localhost:5198/api/auth/me - 200 null application/json; charset=utf-8 30.1796ms
[2026-05-24 12:52:00.668 +07:00 INF] Request starting HTTP/1.1 OPTIONS http://localhost:5198/api/auth/phone/send-code - null null
[2026-05-24 12:52:00.672 +07:00 INF] CORS policy execution successful.
[2026-05-24 12:52:00.673 +07:00 INF] Request finished HTTP/1.1 OPTIONS http://localhost:5198/api/auth/phone/send-code - 204 null null 5.3288ms
[2026-05-24 12:52:00.679 +07:00 INF] Request starting HTTP/1.1 POST http://localhost:5198/api/auth/phone/send-code - application/json; charset=utf-8 28
[2026-05-24 12:52:00.684 +07:00 INF] CORS policy execution successful.
[2026-05-24 12:52:00.686 +07:00 INF] Executing endpoint 'VietPropEstate.WebAPI.Controllers.AuthController.SendPhoneVerificationCode (VietPropEstate.WebAPI)'
[2026-05-24 12:52:00.692 +07:00 INF] Route matched with {action = "SendPhoneVerificationCode", controller = "Auth"}. Executing controller action with signature System.Threading.Tasks.Task`1[Microsoft.AspNetCore.Mvc.IActionResult] SendPhoneVerificationCode(VietPropEstate.WebAPI.Controllers.SendPhoneCodeRequest, System.Threading.CancellationToken) on controller VietPropEstate.WebAPI.Controllers.AuthController (VietPropEstate.WebAPI).
[2026-05-24 12:52:00.708 +07:00 INF] Handling SendPhoneVerificationCodeCommand {"UserId":"a0a645a9-1c49-41cc-b5dd-a186ffbd8905","PhoneNumber":"0327890430","$type":"SendPhoneVerificationCodeCommand"}
[2026-05-24 12:52:00.719 +07:00 INF] Executed DbCommand (1ms) [Parameters=[@__p_0='?' (Size = 450)], CommandType='"Text"', CommandTimeout='60']
SELECT TOP(1) [a].[Id], [a].[AccessFailedCount], [a].[AddressLine], [a].[AvatarUrl], [a].[ConcurrencyStamp], [a].[CreatedAt], [a].[Email], [a].[EmailConfirmed], [a].[FirstName], [a].[IsActive], [a].[LastLoginAt], [a].[LastName], [a].[LockoutEnabled], [a].[LockoutEnd], [a].[NormalizedEmail], [a].[NormalizedUserName], [a].[PasswordHash], [a].[PhoneNumber], [a].[PhoneNumberConfirmed], [a].[ProvinceCode], [a].[ProvinceName], [a].[SecurityStamp], [a].[TwoFactorEnabled], [a].[UserName], [a].[WardCode], [a].[WardName]
FROM [AspNetUsers] AS [a]
WHERE [a].[Id] = @__p_0
[2026-05-24 12:52:00.763 +07:00 INF] Executed DbCommand (19ms) [Parameters=[@__normalizedPhone_0='?' (Size = 4000), @__userId_1='?' (Size = 450)], CommandType='"Text"', CommandTimeout='60']
SELECT TOP(1) [a].[Id], [a].[AccessFailedCount], [a].[AddressLine], [a].[AvatarUrl], [a].[ConcurrencyStamp], [a].[CreatedAt], [a].[Email], [a].[EmailConfirmed], [a].[FirstName], [a].[IsActive], [a].[LastLoginAt], [a].[LastName], [a].[LockoutEnabled], [a].[LockoutEnd], [a].[NormalizedEmail], [a].[NormalizedUserName], [a].[PasswordHash], [a].[PhoneNumber], [a].[PhoneNumberConfirmed], [a].[ProvinceCode], [a].[ProvinceName], [a].[SecurityStamp], [a].[TwoFactorEnabled], [a].[UserName], [a].[WardCode], [a].[WardName]
FROM [AspNetUsers] AS [a]
WHERE [a].[PhoneNumber] = @__normalizedPhone_0 AND [a].[PhoneNumberConfirmed] = CAST(1 AS bit) AND [a].[Id] <> @__userId_1
[2026-05-24 12:52:00.770 +07:00 WRN] SMS provider not configured. Verification code for 0327890430: 467346
[2026-05-24 12:52:00.772 +07:00 INF] Phone verification code sent to user a0a645a9-1c49-41cc-b5dd-a186ffbd8905.
[2026-05-24 12:52:00.774 +07:00 INF] Handled SendPhoneVerificationCodeCommand in 66ms
[2026-05-24 12:52:00.777 +07:00 INF] Executing OkObjectResult, writing value of type 'VietPropEstate.Application.Features.Auth.DTOs.SendPhoneVerificationResponseDto'.
[2026-05-24 12:52:00.780 +07:00 INF] Executed action VietPropEstate.WebAPI.Controllers.AuthController.SendPhoneVerificationCode (VietPropEstate.WebAPI) in 85.3741ms
[2026-05-24 12:52:00.782 +07:00 INF] Executed endpoint 'VietPropEstate.WebAPI.Controllers.AuthController.SendPhoneVerificationCode (VietPropEstate.WebAPI)'
[2026-05-24 12:52:00.784 +07:00 INF] HTTP POST /api/auth/phone/send-code responded 200 in 98.6554 ms
[2026-05-24 12:52:00.787 +07:00 INF] Request finished HTTP/1.1 POST http://localhost:5198/api/auth/phone/send-code - 200 null application/json; charset=utf-8 107.8135ms
[2026-05-24 12:52:08.830 +07:00 INF] Request starting HTTP/1.1 OPTIONS http://localhost:5198/api/auth/phone/verify - null null
[2026-05-24 12:52:08.833 +07:00 INF] CORS policy execution successful.
[2026-05-24 12:52:08.835 +07:00 INF] Request finished HTTP/1.1 OPTIONS http://localhost:5198/api/auth/phone/verify - 204 null null 5.3861ms
[2026-05-24 12:52:08.840 +07:00 INF] Request starting HTTP/1.1 POST http://localhost:5198/api/auth/phone/verify - application/json; charset=utf-8 44
[2026-05-24 12:52:08.844 +07:00 INF] CORS policy execution successful.
[2026-05-24 12:52:08.846 +07:00 INF] Executing endpoint 'VietPropEstate.WebAPI.Controllers.AuthController.VerifyPhoneNumber (VietPropEstate.WebAPI)'
[2026-05-24 12:52:08.851 +07:00 INF] Route matched with {action = "VerifyPhoneNumber", controller = "Auth"}. Executing controller action with signature System.Threading.Tasks.Task`1[Microsoft.AspNetCore.Mvc.IActionResult] VerifyPhoneNumber(VietPropEstate.WebAPI.Controllers.VerifyPhoneRequest, System.Threading.CancellationToken) on controller VietPropEstate.WebAPI.Controllers.AuthController (VietPropEstate.WebAPI).
[2026-05-24 12:52:08.863 +07:00 INF] Handling VerifyPhoneNumberCommand {"UserId":"a0a645a9-1c49-41cc-b5dd-a186ffbd8905","PhoneNumber":"0327890430","Code":"467346","$type":"VerifyPhoneNumberCommand"}
[2026-05-24 12:52:08.874 +07:00 INF] Executed DbCommand (1ms) [Parameters=[@__p_0='?' (Size = 450)], CommandType='"Text"', CommandTimeout='60']
SELECT TOP(1) [a].[Id], [a].[AccessFailedCount], [a].[AddressLine], [a].[AvatarUrl], [a].[ConcurrencyStamp], [a].[CreatedAt], [a].[Email], [a].[EmailConfirmed], [a].[FirstName], [a].[IsActive], [a].[LastLoginAt], [a].[LastName], [a].[LockoutEnabled], [a].[LockoutEnd], [a].[NormalizedEmail], [a].[NormalizedUserName], [a].[PasswordHash], [a].[PhoneNumber], [a].[PhoneNumberConfirmed], [a].[ProvinceCode], [a].[ProvinceName], [a].[SecurityStamp], [a].[TwoFactorEnabled], [a].[UserName], [a].[WardCode], [a].[WardName]
FROM [AspNetUsers] AS [a]
WHERE [a].[Id] = @__p_0
[2026-05-24 12:52:08.879 +07:00 INF] Executed DbCommand (0ms) [Parameters=[@__normalizedPhone_0='?' (Size = 4000), @__userId_1='?' (Size = 450)], CommandType='"Text"', CommandTimeout='60']
SELECT TOP(1) [a].[Id], [a].[AccessFailedCount], [a].[AddressLine], [a].[AvatarUrl], [a].[ConcurrencyStamp], [a].[CreatedAt], [a].[Email], [a].[EmailConfirmed], [a].[FirstName], [a].[IsActive], [a].[LastLoginAt], [a].[LastName], [a].[LockoutEnabled], [a].[LockoutEnd], [a].[NormalizedEmail], [a].[NormalizedUserName], [a].[PasswordHash], [a].[PhoneNumber], [a].[PhoneNumberConfirmed], [a].[ProvinceCode], [a].[ProvinceName], [a].[SecurityStamp], [a].[TwoFactorEnabled], [a].[UserName], [a].[WardCode], [a].[WardName]
FROM [AspNetUsers] AS [a]
WHERE [a].[PhoneNumber] = @__normalizedPhone_0 AND [a].[PhoneNumberConfirmed] = CAST(1 AS bit) AND [a].[Id] <> @__userId_1
[2026-05-24 12:52:08.889 +07:00 INF] Executed DbCommand (1ms) [Parameters=[@__normalizedUserName_0='?' (Size = 256)], CommandType='"Text"', CommandTimeout='60']
SELECT TOP(1) [a].[Id], [a].[AccessFailedCount], [a].[AddressLine], [a].[AvatarUrl], [a].[ConcurrencyStamp], [a].[CreatedAt], [a].[Email], [a].[EmailConfirmed], [a].[FirstName], [a].[IsActive], [a].[LastLoginAt], [a].[LastName], [a].[LockoutEnabled], [a].[LockoutEnd], [a].[NormalizedEmail], [a].[NormalizedUserName], [a].[PasswordHash], [a].[PhoneNumber], [a].[PhoneNumberConfirmed], [a].[ProvinceCode], [a].[ProvinceName], [a].[SecurityStamp], [a].[TwoFactorEnabled], [a].[UserName], [a].[WardCode], [a].[WardName]
FROM [AspNetUsers] AS [a]
WHERE [a].[NormalizedUserName] = @__normalizedUserName_0
[2026-05-24 12:52:08.894 +07:00 INF] Executed DbCommand (1ms) [Parameters=[@__normalizedEmail_0='?' (Size = 256)], CommandType='"Text"', CommandTimeout='60']
SELECT TOP(2) [a].[Id], [a].[AccessFailedCount], [a].[AddressLine], [a].[AvatarUrl], [a].[ConcurrencyStamp], [a].[CreatedAt], [a].[Email], [a].[EmailConfirmed], [a].[FirstName], [a].[IsActive], [a].[LastLoginAt], [a].[LastName], [a].[LockoutEnabled], [a].[LockoutEnd], [a].[NormalizedEmail], [a].[NormalizedUserName], [a].[PasswordHash], [a].[PhoneNumber], [a].[PhoneNumberConfirmed], [a].[ProvinceCode], [a].[ProvinceName], [a].[SecurityStamp], [a].[TwoFactorEnabled], [a].[UserName], [a].[WardCode], [a].[WardName]
FROM [AspNetUsers] AS [a]
WHERE [a].[NormalizedEmail] = @__normalizedEmail_0
[2026-05-24 12:52:08.915 +07:00 INF] Executed DbCommand (16ms) [Parameters=[@p25='?' (Size = 450), @p0='?' (DbType = Int32), @p1='?' (Size = 4000), @p2='?' (Size = 4000), @p3='?' (Size = 4000), @p26='?' (Size = 4000), @p4='?' (DbType = DateTime2), @p5='?' (Size = 256), @p6='?' (DbType = Boolean), @p7='?' (Size = 4000), @p8='?' (DbType = Boolean), @p9='?' (DbType = DateTime2), @p10='?' (Size = 4000), @p11='?' (DbType = Boolean), @p12='?' (DbType = DateTimeOffset), @p13='?' (Size = 256), @p14='?' (Size = 256), @p15='?' (Size = 4000), @p16='?' (Size = 4000), @p17='?' (DbType = Boolean), @p18='?' (DbType = Int32), @p19='?' (Size = 4000), @p20='?' (Size = 4000), @p21='?' (DbType = Boolean), @p22='?' (Size = 256), @p23='?' (DbType = Int32), @p24='?' (Size = 4000)], CommandType='"Text"', CommandTimeout='60']
SET IMPLICIT_TRANSACTIONS OFF;
SET NOCOUNT ON;
UPDATE [AspNetUsers] SET [AccessFailedCount] = @p0, [AddressLine] = @p1, [AvatarUrl] = @p2, [ConcurrencyStamp] = @p3, [CreatedAt] = @p4, [Email] = @p5, [EmailConfirmed] = @p6, [FirstName] = @p7, [IsActive] = @p8, [LastLoginAt] = @p9, [LastName] = @p10, [LockoutEnabled] = @p11, [LockoutEnd] = @p12, [NormalizedEmail] = @p13, [NormalizedUserName] = @p14, [PasswordHash] = @p15, [PhoneNumber] = @p16, [PhoneNumberConfirmed] = @p17, [ProvinceCode] = @p18, [ProvinceName] = @p19, [SecurityStamp] = @p20, [TwoFactorEnabled] = @p21, [UserName] = @p22, [WardCode] = @p23, [WardName] = @p24
OUTPUT 1
WHERE [Id] = @p25 AND [ConcurrencyStamp] = @p26;
[2026-05-24 12:52:08.935 +07:00 INF] Executed DbCommand (0ms) [Parameters=[@__userId_0='?' (Size = 450)], CommandType='"Text"', CommandTimeout='60']
SELECT TOP(1) [a].[Id], [a].[AgencyName], [a].[AvatarUrl], [a].[Bio], [a].[CreatedAt], [a].[CreatedBy], [a].[DeletedAt], [a].[DeletedBy], [a].[Email], [a].[FullName], [a].[IsActive], [a].[IsDeleted], [a].[LastModifiedAt], [a].[LastModifiedBy], [a].[LicenseNumber], [a].[PhoneNumber], [a].[RowVersion], [a].[UserId]
FROM [Agents] AS [a]
WHERE [a].[IsDeleted] = CAST(0 AS bit) AND [a].[UserId] = @__userId_0 AND [a].[IsDeleted] = CAST(0 AS bit)
[2026-05-24 12:52:08.938 +07:00 INF] Phone number verified for user a0a645a9-1c49-41cc-b5dd-a186ffbd8905.
[2026-05-24 12:52:08.941 +07:00 INF] Executed DbCommand (1ms) [Parameters=[@__userId_0='?' (Size = 450)], CommandType='"Text"', CommandTimeout='60']
SELECT [a0].[Name]
FROM [AspNetUserRoles] AS [a]
INNER JOIN [AspNetRoles] AS [a0] ON [a].[RoleId] = [a0].[Id]
WHERE [a].[UserId] = @__userId_0
[2026-05-24 12:52:08.944 +07:00 INF] Handled VerifyPhoneNumberCommand in 80ms
[2026-05-24 12:52:08.946 +07:00 INF] Executing OkObjectResult, writing value of type 'VietPropEstate.Application.Features.Auth.DTOs.UserProfileDto'.
[2026-05-24 12:52:08.948 +07:00 INF] Executed action VietPropEstate.WebAPI.Controllers.AuthController.VerifyPhoneNumber (VietPropEstate.WebAPI) in 94.0001ms
[2026-05-24 12:52:08.950 +07:00 INF] Executed endpoint 'VietPropEstate.WebAPI.Controllers.AuthController.VerifyPhoneNumber (VietPropEstate.WebAPI)'
[2026-05-24 12:52:08.952 +07:00 INF] HTTP POST /api/auth/phone/verify responded 200 in 106.3669 ms
[2026-05-24 12:52:08.955 +07:00 INF] Request finished HTTP/1.1 POST http://localhost:5198/api/auth/phone/verify - 200 null application/json; charset=utf-8 115.0921ms
[2026-05-24 12:52:08.979 +07:00 INF] Request starting HTTP/1.1 OPTIONS http://localhost:5198/api/auth/me - null null
[2026-05-24 12:52:08.983 +07:00 INF] CORS policy execution successful.
[2026-05-24 12:52:08.985 +07:00 INF] Request finished HTTP/1.1 OPTIONS http://localhost:5198/api/auth/me - 204 null null 5.372ms
[2026-05-24 12:52:08.989 +07:00 INF] Request starting HTTP/1.1 GET http://localhost:5198/api/auth/me - null null
[2026-05-24 12:52:08.993 +07:00 INF] CORS policy execution successful.
[2026-05-24 12:52:08.995 +07:00 INF] Executing endpoint 'VietPropEstate.WebAPI.Controllers.AuthController.GetProfile (VietPropEstate.WebAPI)'
[2026-05-24 12:52:08.997 +07:00 INF] Route matched with {action = "GetProfile", controller = "Auth"}. Executing controller action with signature System.Threading.Tasks.Task`1[Microsoft.AspNetCore.Mvc.IActionResult] GetProfile(System.Threading.CancellationToken) on controller VietPropEstate.WebAPI.Controllers.AuthController (VietPropEstate.WebAPI).
[2026-05-24 12:52:09.017 +07:00 INF] Executed DbCommand (1ms) [Parameters=[@__p_0='?' (Size = 450)], CommandType='"Text"', CommandTimeout='60']
SELECT TOP(1) [a].[Id], [a].[AccessFailedCount], [a].[AddressLine], [a].[AvatarUrl], [a].[ConcurrencyStamp], [a].[CreatedAt], [a].[Email], [a].[EmailConfirmed], [a].[FirstName], [a].[IsActive], [a].[LastLoginAt], [a].[LastName], [a].[LockoutEnabled], [a].[LockoutEnd], [a].[NormalizedEmail], [a].[NormalizedUserName], [a].[PasswordHash], [a].[PhoneNumber], [a].[PhoneNumberConfirmed], [a].[ProvinceCode], [a].[ProvinceName], [a].[SecurityStamp], [a].[TwoFactorEnabled], [a].[UserName], [a].[WardCode], [a].[WardName]
FROM [AspNetUsers] AS [a]
WHERE [a].[Id] = @__p_0
[2026-05-24 12:52:09.021 +07:00 INF] Executed DbCommand (0ms) [Parameters=[@__userId_0='?' (Size = 450)], CommandType='"Text"', CommandTimeout='60']
SELECT [a0].[Name]
FROM [AspNetUserRoles] AS [a]
INNER JOIN [AspNetRoles] AS [a0] ON [a].[RoleId] = [a0].[Id]
WHERE [a].[UserId] = @__userId_0
[2026-05-24 12:52:09.025 +07:00 INF] Executing OkObjectResult, writing value of type 'VietPropEstate.Application.Features.Auth.DTOs.UserProfileDto'.
[2026-05-24 12:52:09.028 +07:00 INF] Executed action VietPropEstate.WebAPI.Controllers.AuthController.GetProfile (VietPropEstate.WebAPI) in 28.5727ms
[2026-05-24 12:52:09.030 +07:00 INF] Executed endpoint 'VietPropEstate.WebAPI.Controllers.AuthController.GetProfile (VietPropEstate.WebAPI)'
[2026-05-24 12:52:09.032 +07:00 INF] HTTP GET /api/auth/me responded 200 in 37.7554 ms
[2026-05-24 12:52:09.035 +07:00 INF] Request finished HTTP/1.1 GET http://localhost:5198/api/auth/me - 200 null application/json; charset=utf-8 45.3141ms
[2026-05-24 12:52:15.777 +07:00 INF] Request starting HTTP/1.1 OPTIONS http://localhost:5198/api/auth/logout - null null
[2026-05-24 12:52:15.782 +07:00 INF] CORS policy execution successful.
[2026-05-24 12:52:15.783 +07:00 INF] Request finished HTTP/1.1 OPTIONS http://localhost:5198/api/auth/logout - 204 null null 5.4354ms
[2026-05-24 12:52:15.788 +07:00 INF] Request starting HTTP/1.1 POST http://localhost:5198/api/auth/logout - null 0
[2026-05-24 12:52:15.792 +07:00 INF] CORS policy execution successful.
[2026-05-24 12:52:15.794 +07:00 INF] Executing endpoint 'VietPropEstate.WebAPI.Controllers.AuthController.Logout (VietPropEstate.WebAPI)'
[2026-05-24 12:52:15.799 +07:00 INF] Route matched with {action = "Logout", controller = "Auth"}. Executing controller action with signature System.Threading.Tasks.Task`1[Microsoft.AspNetCore.Mvc.IActionResult] Logout(System.Threading.CancellationToken) on controller VietPropEstate.WebAPI.Controllers.AuthController (VietPropEstate.WebAPI).
[2026-05-24 12:52:15.810 +07:00 INF] Handling LogoutCommand {"UserId":"a0a645a9-1c49-41cc-b5dd-a186ffbd8905","IpAddress":"::1","$type":"LogoutCommand"}
[2026-05-24 12:52:15.839 +07:00 INF] Executed DbCommand (4ms) [Parameters=[@__userId_0='?' (Size = 450)], CommandType='"Text"', CommandTimeout='60']
SELECT [r].[Id], [r].[CreatedAt], [r].[CreatedByIp], [r].[ExpiresAt], [r].[IsRevoked], [r].[ReplacedByToken], [r].[RevokedAt], [r].[RevokedByIp], [r].[RevokedReason], [r].[Token], [r].[UserId]
FROM [RefreshTokens] AS [r]
WHERE [r].[UserId] = @__userId_0 AND [r].[IsRevoked] = CAST(0 AS bit)
[2026-05-24 12:52:15.854 +07:00 INF] Executed DbCommand (7ms) [Parameters=[@p10='?' (DbType = Guid), @p0='?' (DbType = DateTime2), @p1='?' (Size = 45), @p2='?' (DbType = DateTime2), @p3='?' (DbType = Boolean), @p4='?' (Size = 500), @p5='?' (DbType = DateTime2), @p6='?' (Size = 45), @p7='?' (Size = 500), @p8='?' (Size = 500), @p9='?' (Size = 450)], CommandType='"Text"', CommandTimeout='60']
SET IMPLICIT_TRANSACTIONS OFF;
SET NOCOUNT ON;
UPDATE [RefreshTokens] SET [CreatedAt] = @p0, [CreatedByIp] = @p1, [ExpiresAt] = @p2, [IsRevoked] = @p3, [ReplacedByToken] = @p4, [RevokedAt] = @p5, [RevokedByIp] = @p6, [RevokedReason] = @p7, [Token] = @p8, [UserId] = @p9
OUTPUT 1
WHERE [Id] = @p10;
[2026-05-24 12:52:15.860 +07:00 INF] User a0a645a9-1c49-41cc-b5dd-a186ffbd8905 logged out, 1 token(s) revoked.
[2026-05-24 12:52:15.864 +07:00 INF] Handled LogoutCommand in 54ms
[2026-05-24 12:52:15.870 +07:00 INF] Executing StatusCodeResult, setting HTTP status code 204
[2026-05-24 12:52:15.871 +07:00 INF] Executed action VietPropEstate.WebAPI.Controllers.AuthController.Logout (VietPropEstate.WebAPI) in 68.0403ms
[2026-05-24 12:52:15.874 +07:00 INF] Executed endpoint 'VietPropEstate.WebAPI.Controllers.AuthController.Logout (VietPropEstate.WebAPI)'
[2026-05-24 12:52:15.875 +07:00 INF] HTTP POST /api/auth/logout responded 204 in 81.5444 ms
[2026-05-24 12:52:15.878 +07:00 INF] Request finished HTTP/1.1 POST http://localhost:5198/api/auth/logout - 204 null null 89.9875ms
[2026-05-24 12:52:38.228 +07:00 INF] Request starting HTTP/1.1 OPTIONS http://localhost:5198/api/auth/login - null null
[2026-05-24 12:52:38.232 +07:00 INF] CORS policy execution successful.
[2026-05-24 12:52:38.234 +07:00 INF] Request finished HTTP/1.1 OPTIONS http://localhost:5198/api/auth/login - 204 null null 5.7465ms
[2026-05-24 12:52:38.238 +07:00 INF] Request starting HTTP/1.1 POST http://localhost:5198/api/auth/login - application/json; charset=utf-8 51
[2026-05-24 12:52:38.242 +07:00 INF] CORS policy execution successful.
[2026-05-24 12:52:38.243 +07:00 INF] Executing endpoint 'VietPropEstate.WebAPI.Controllers.AuthController.Login (VietPropEstate.WebAPI)'
[2026-05-24 12:52:38.249 +07:00 INF] Route matched with {action = "Login", controller = "Auth"}. Executing controller action with signature System.Threading.Tasks.Task`1[Microsoft.AspNetCore.Mvc.IActionResult] Login(VietPropEstate.Application.Features.Auth.Commands.LoginUser.LoginUserCommand, System.Threading.CancellationToken) on controller VietPropEstate.WebAPI.Controllers.AuthController (VietPropEstate.WebAPI).
[2026-05-24 12:52:38.261 +07:00 INF] Handling LoginUserCommand {"Email":"khanhq3@gmail.com","Password":"Khanh123","IpAddress":"::1","$type":"LoginUserCommand"}
[2026-05-24 12:52:38.272 +07:00 INF] Executed DbCommand (2ms) [Parameters=[@__normalizedEmail_0='?' (Size = 256)], CommandType='"Text"', CommandTimeout='60']
SELECT TOP(2) [a].[Id], [a].[AccessFailedCount], [a].[AddressLine], [a].[AvatarUrl], [a].[ConcurrencyStamp], [a].[CreatedAt], [a].[Email], [a].[EmailConfirmed], [a].[FirstName], [a].[IsActive], [a].[LastLoginAt], [a].[LastName], [a].[LockoutEnabled], [a].[LockoutEnd], [a].[NormalizedEmail], [a].[NormalizedUserName], [a].[PasswordHash], [a].[PhoneNumber], [a].[PhoneNumberConfirmed], [a].[ProvinceCode], [a].[ProvinceName], [a].[SecurityStamp], [a].[TwoFactorEnabled], [a].[UserName], [a].[WardCode], [a].[WardName]
FROM [AspNetUsers] AS [a]
WHERE [a].[NormalizedEmail] = @__normalizedEmail_0
[2026-05-24 12:52:38.380 +07:00 INF] Executed DbCommand (2ms) [Parameters=[@__normalizedUserName_0='?' (Size = 256)], CommandType='"Text"', CommandTimeout='60']
SELECT TOP(1) [a].[Id], [a].[AccessFailedCount], [a].[AddressLine], [a].[AvatarUrl], [a].[ConcurrencyStamp], [a].[CreatedAt], [a].[Email], [a].[EmailConfirmed], [a].[FirstName], [a].[IsActive], [a].[LastLoginAt], [a].[LastName], [a].[LockoutEnabled], [a].[LockoutEnd], [a].[NormalizedEmail], [a].[NormalizedUserName], [a].[PasswordHash], [a].[PhoneNumber], [a].[PhoneNumberConfirmed], [a].[ProvinceCode], [a].[ProvinceName], [a].[SecurityStamp], [a].[TwoFactorEnabled], [a].[UserName], [a].[WardCode], [a].[WardName]
FROM [AspNetUsers] AS [a]
WHERE [a].[NormalizedUserName] = @__normalizedUserName_0
[2026-05-24 12:52:38.384 +07:00 INF] Executed DbCommand (0ms) [Parameters=[@__normalizedEmail_0='?' (Size = 256)], CommandType='"Text"', CommandTimeout='60']
SELECT TOP(2) [a].[Id], [a].[AccessFailedCount], [a].[AddressLine], [a].[AvatarUrl], [a].[ConcurrencyStamp], [a].[CreatedAt], [a].[Email], [a].[EmailConfirmed], [a].[FirstName], [a].[IsActive], [a].[LastLoginAt], [a].[LastName], [a].[LockoutEnabled], [a].[LockoutEnd], [a].[NormalizedEmail], [a].[NormalizedUserName], [a].[PasswordHash], [a].[PhoneNumber], [a].[PhoneNumberConfirmed], [a].[ProvinceCode], [a].[ProvinceName], [a].[SecurityStamp], [a].[TwoFactorEnabled], [a].[UserName], [a].[WardCode], [a].[WardName]
FROM [AspNetUsers] AS [a]
WHERE [a].[NormalizedEmail] = @__normalizedEmail_0
[2026-05-24 12:52:38.395 +07:00 INF] Executed DbCommand (6ms) [Parameters=[@p25='?' (Size = 450), @p0='?' (DbType = Int32), @p1='?' (Size = 4000), @p2='?' (Size = 4000), @p3='?' (Size = 4000), @p26='?' (Size = 4000), @p4='?' (DbType = DateTime2), @p5='?' (Size = 256), @p6='?' (DbType = Boolean), @p7='?' (Size = 4000), @p8='?' (DbType = Boolean), @p9='?' (DbType = DateTime2), @p10='?' (Size = 4000), @p11='?' (DbType = Boolean), @p12='?' (DbType = DateTimeOffset), @p13='?' (Size = 256), @p14='?' (Size = 256), @p15='?' (Size = 4000), @p16='?' (Size = 4000), @p17='?' (DbType = Boolean), @p18='?' (DbType = Int32), @p19='?' (Size = 4000), @p20='?' (Size = 4000), @p21='?' (DbType = Boolean), @p22='?' (Size = 256), @p23='?' (DbType = Int32), @p24='?' (Size = 4000)], CommandType='"Text"', CommandTimeout='60']
SET IMPLICIT_TRANSACTIONS OFF;
SET NOCOUNT ON;
UPDATE [AspNetUsers] SET [AccessFailedCount] = @p0, [AddressLine] = @p1, [AvatarUrl] = @p2, [ConcurrencyStamp] = @p3, [CreatedAt] = @p4, [Email] = @p5, [EmailConfirmed] = @p6, [FirstName] = @p7, [IsActive] = @p8, [LastLoginAt] = @p9, [LastName] = @p10, [LockoutEnabled] = @p11, [LockoutEnd] = @p12, [NormalizedEmail] = @p13, [NormalizedUserName] = @p14, [PasswordHash] = @p15, [PhoneNumber] = @p16, [PhoneNumberConfirmed] = @p17, [ProvinceCode] = @p18, [ProvinceName] = @p19, [SecurityStamp] = @p20, [TwoFactorEnabled] = @p21, [UserName] = @p22, [WardCode] = @p23, [WardName] = @p24
OUTPUT 1
WHERE [Id] = @p25 AND [ConcurrencyStamp] = @p26;
[2026-05-24 12:52:38.403 +07:00 INF] Executed DbCommand (3ms) [Parameters=[@__userId_0='?' (Size = 450)], CommandType='"Text"', CommandTimeout='60']
SELECT [a0].[Name]
FROM [AspNetUserRoles] AS [a]
INNER JOIN [AspNetRoles] AS [a0] ON [a].[RoleId] = [a0].[Id]
WHERE [a].[UserId] = @__userId_0
[2026-05-24 12:52:38.410 +07:00 INF] Executed DbCommand (2ms) [Parameters=[@__userId_0='?' (Size = 450)], CommandType='"Text"', CommandTimeout='60']
SELECT [r].[Id], [r].[CreatedAt], [r].[CreatedByIp], [r].[ExpiresAt], [r].[IsRevoked], [r].[ReplacedByToken], [r].[RevokedAt], [r].[RevokedByIp], [r].[RevokedReason], [r].[Token], [r].[UserId]
FROM [RefreshTokens] AS [r]
WHERE [r].[UserId] = @__userId_0 AND ([r].[IsRevoked] = CAST(1 AS bit) OR [r].[ExpiresAt] < GETUTCDATE())
[2026-05-24 12:52:38.427 +07:00 INF] Executed DbCommand (4ms) [Parameters=[@p0='?' (DbType = Guid), @p1='?' (DbType = Guid), @p2='?' (DbType = DateTime2), @p3='?' (Size = 45), @p4='?' (DbType = DateTime2), @p5='?' (DbType = Boolean), @p6='?' (Size = 500), @p7='?' (DbType = DateTime2), @p8='?' (Size = 45), @p9='?' (Size = 500), @p10='?' (Size = 500), @p11='?' (Size = 450)], CommandType='"Text"', CommandTimeout='60']
SET NOCOUNT ON;
DELETE FROM [RefreshTokens]
OUTPUT 1
WHERE [Id] = @p0;
INSERT INTO [RefreshTokens] ([Id], [CreatedAt], [CreatedByIp], [ExpiresAt], [IsRevoked], [ReplacedByToken], [RevokedAt], [RevokedByIp], [RevokedReason], [Token], [UserId])
VALUES (@p1, @p2, @p3, @p4, @p5, @p6, @p7, @p8, @p9, @p10, @p11);
[2026-05-24 12:52:38.435 +07:00 INF] User khanhq3@gmail.com logged in from ::1.
[2026-05-24 12:52:38.438 +07:00 INF] Executed DbCommand (0ms) [Parameters=[@__userId_0='?' (Size = 450)], CommandType='"Text"', CommandTimeout='60']
SELECT [a0].[Name]
FROM [AspNetUserRoles] AS [a]
INNER JOIN [AspNetRoles] AS [a0] ON [a].[RoleId] = [a0].[Id]
WHERE [a].[UserId] = @__userId_0
[2026-05-24 12:52:38.442 +07:00 INF] Handled LoginUserCommand in 180ms
[2026-05-24 12:52:38.445 +07:00 INF] Executing OkObjectResult, writing value of type 'VietPropEstate.Application.Features.Auth.DTOs.LoginApiResponse'.
[2026-05-24 12:52:38.450 +07:00 INF] Executed action VietPropEstate.WebAPI.Controllers.AuthController.Login (VietPropEstate.WebAPI) in 197.2107ms
[2026-05-24 12:52:38.452 +07:00 INF] Executed endpoint 'VietPropEstate.WebAPI.Controllers.AuthController.Login (VietPropEstate.WebAPI)'
[2026-05-24 12:52:38.454 +07:00 INF] HTTP POST /api/auth/login responded 200 in 210.7761 ms
[2026-05-24 12:52:38.457 +07:00 INF] Request finished HTTP/1.1 POST http://localhost:5198/api/auth/login - 200 null application/json; charset=utf-8 218.7412ms
[2026-05-24 12:52:38.494 +07:00 INF] Request starting HTTP/1.1 OPTIONS http://localhost:5198/api/conversations/unread - null null
[2026-05-24 12:52:38.498 +07:00 INF] CORS policy execution successful.
[2026-05-24 12:52:38.498 +07:00 INF] Request starting HTTP/1.1 OPTIONS http://localhost:5198/api/notifications?pageNumber=1&pageSize=20&unreadOnly=false - null null
[2026-05-24 12:52:38.499 +07:00 INF] Request finished HTTP/1.1 OPTIONS http://localhost:5198/api/conversations/unread - 204 null null 5.038ms
[2026-05-24 12:52:38.499 +07:00 INF] Request starting HTTP/1.1 OPTIONS http://localhost:5198/api/dashboard/stats - null null
[2026-05-24 12:52:38.499 +07:00 INF] Request starting HTTP/1.1 OPTIONS http://localhost:5198/api/properties/my-listings?pageNumber=1&pageSize=10 - null null
[2026-05-24 12:52:38.503 +07:00 INF] CORS policy execution successful.
[2026-05-24 12:52:38.507 +07:00 INF] Request starting HTTP/1.1 GET http://localhost:5198/api/conversations/unread - null null
[2026-05-24 12:52:38.511 +07:00 INF] CORS policy execution successful.
[2026-05-24 12:52:38.515 +07:00 INF] CORS policy execution successful.
[2026-05-24 12:52:38.516 +07:00 INF] Request finished HTTP/1.1 OPTIONS http://localhost:5198/api/notifications?pageNumber=1&pageSize=20&unreadOnly=false - 204 null null 18.5285ms
[2026-05-24 12:52:38.520 +07:00 INF] CORS policy execution successful.
[2026-05-24 12:52:38.521 +07:00 INF] Request finished HTTP/1.1 OPTIONS http://localhost:5198/api/dashboard/stats - 204 null null 21.5906ms
[2026-05-24 12:52:38.521 +07:00 INF] Request finished HTTP/1.1 OPTIONS http://localhost:5198/api/properties/my-listings?pageNumber=1&pageSize=10 - 204 null null 22.0228ms
[2026-05-24 12:52:38.526 +07:00 INF] Request starting HTTP/1.1 GET http://localhost:5198/api/notifications?pageNumber=1&pageSize=20&unreadOnly=false - null null
[2026-05-24 12:52:38.528 +07:00 INF] Executing endpoint 'VietPropEstate.WebAPI.Controllers.ConversationsController.GetUnreadCounts (VietPropEstate.WebAPI)'
[2026-05-24 12:52:38.531 +07:00 INF] Request starting HTTP/1.1 GET http://localhost:5198/api/dashboard/stats - null null
[2026-05-24 12:52:38.536 +07:00 INF] Request starting HTTP/1.1 GET http://localhost:5198/api/properties/my-listings?pageNumber=1&pageSize=10 - null null
[2026-05-24 12:52:38.540 +07:00 INF] CORS policy execution successful.
[2026-05-24 12:52:38.541 +07:00 INF] Route matched with {action = "GetUnreadCounts", controller = "Conversations"}. Executing controller action with signature System.Threading.Tasks.Task`1[Microsoft.AspNetCore.Mvc.IActionResult] GetUnreadCounts(System.Threading.CancellationToken) on controller VietPropEstate.WebAPI.Controllers.ConversationsController (VietPropEstate.WebAPI).
[2026-05-24 12:52:38.544 +07:00 INF] CORS policy execution successful.
[2026-05-24 12:52:38.548 +07:00 INF] CORS policy execution successful.
[2026-05-24 12:52:38.549 +07:00 INF] Executing endpoint 'VietPropEstate.WebAPI.Controllers.NotificationsController.GetNotifications (VietPropEstate.WebAPI)'
[2026-05-24 12:52:38.553 +07:00 INF] Handling GetUnreadCountQuery {"UserId":"a0a645a9-1c49-41cc-b5dd-a186ffbd8905","$type":"GetUnreadCountQuery"}
[2026-05-24 12:52:38.553 +07:00 INF] Executing endpoint 'VietPropEstate.WebAPI.Controllers.DashboardController.GetStats (VietPropEstate.WebAPI)'
[2026-05-24 12:52:38.554 +07:00 INF] Executing endpoint 'VietPropEstate.WebAPI.Controllers.PropertiesController.GetMyListings (VietPropEstate.WebAPI)'
[2026-05-24 12:52:38.555 +07:00 INF] Route matched with {action = "GetNotifications", controller = "Notifications"}. Executing controller action with signature System.Threading.Tasks.Task`1[Microsoft.AspNetCore.Mvc.IActionResult] GetNotifications(Int32, Int32, Boolean, System.Threading.CancellationToken) on controller VietPropEstate.WebAPI.Controllers.NotificationsController (VietPropEstate.WebAPI).
[2026-05-24 12:52:38.561 +07:00 INF] Route matched with {action = "GetStats", controller = "Dashboard"}. Executing controller action with signature System.Threading.Tasks.Task`1[Microsoft.AspNetCore.Mvc.IActionResult] GetStats(System.Threading.CancellationToken) on controller VietPropEstate.WebAPI.Controllers.DashboardController (VietPropEstate.WebAPI).
[2026-05-24 12:52:38.562 +07:00 INF] Route matched with {action = "GetMyListings", controller = "Properties"}. Executing controller action with signature System.Threading.Tasks.Task`1[Microsoft.AspNetCore.Mvc.IActionResult] GetMyListings(Int32, Int32, System.Nullable`1[VietPropEstate.Domain.Enums.PropertyStatus], System.Threading.CancellationToken) on controller VietPropEstate.WebAPI.Controllers.PropertiesController (VietPropEstate.WebAPI).
[2026-05-24 12:52:38.565 +07:00 INF] Executed DbCommand (4ms) [Parameters=[@__request_UserId_0='?' (Size = 450)], CommandType='"Text"', CommandTimeout='60']
SELECT COALESCE(SUM(CASE
    WHEN [c].[BuyerId] = @__request_UserId_0 THEN [c].[BuyerUnreadCount]
    ELSE [c].[SellerUnreadCount]
END), 0)
FROM [Conversations] AS [c]
WHERE [c].[IsDeleted] = CAST(0 AS bit) AND ([c].[BuyerId] = @__request_UserId_0 OR [c].[SellerId] = @__request_UserId_0) AND [c].[IsDeleted] = CAST(0 AS bit)
[2026-05-24 12:52:38.566 +07:00 INF] Handling GetUserNotificationsQuery {"UserId":"a0a645a9-1c49-41cc-b5dd-a186ffbd8905","PageNumber":1,"PageSize":20,"UnreadOnly":false,"$type":"GetUserNotificationsQuery"}
[2026-05-24 12:52:38.572 +07:00 INF] Handling GetMyPropertiesQuery {"PageNumber":1,"PageSize":10,"Status":null,"$type":"GetMyPropertiesQuery"}
[2026-05-24 12:52:38.573 +07:00 INF] Executed DbCommand (3ms) [Parameters=[@__userId_0='?' (Size = 450)], CommandType='"Text"', CommandTimeout='60']
SELECT TOP(1) [a].[Id], [a].[AgencyName], [a].[AvatarUrl], [a].[Bio], [a].[CreatedAt], [a].[CreatedBy], [a].[DeletedAt], [a].[DeletedBy], [a].[Email], [a].[FullName], [a].[IsActive], [a].[IsDeleted], [a].[LastModifiedAt], [a].[LastModifiedBy], [a].[LicenseNumber], [a].[PhoneNumber], [a].[RowVersion], [a].[UserId]
FROM [Agents] AS [a]
WHERE [a].[IsDeleted] = CAST(0 AS bit) AND [a].[UserId] = @__userId_0 AND [a].[IsDeleted] = CAST(0 AS bit)
[2026-05-24 12:52:38.579 +07:00 INF] Executed DbCommand (4ms) [Parameters=[@__request_UserId_0='?' (Size = 450)], CommandType='"Text"', CommandTimeout='60']
SELECT COUNT(*)
FROM [Notifications] AS [n]
WHERE [n].[IsDeleted] = CAST(0 AS bit) AND [n].[UserId] = @__request_UserId_0 AND [n].[IsRead] = CAST(0 AS bit) AND [n].[IsDeleted] = CAST(0 AS bit)
[2026-05-24 12:52:38.586 +07:00 INF] Executed DbCommand (3ms) [Parameters=[@__request_UserId_0='?' (Size = 450)], CommandType='"Text"', CommandTimeout='60']
SELECT COUNT(*)
FROM [Notifications] AS [n]
WHERE [n].[IsDeleted] = CAST(0 AS bit) AND [n].[UserId] = @__request_UserId_0 AND [n].[IsDeleted] = CAST(0 AS bit)
[2026-05-24 12:52:38.594 +07:00 INF] Executed DbCommand (3ms) [Parameters=[], CommandType='"Text"', CommandTimeout='60']
SELECT [p].[Status], [p].[ViewCount]
FROM [Properties] AS [p]
WHERE [p].[IsDeleted] = CAST(0 AS bit)
[2026-05-24 12:52:38.594 +07:00 INF] Handled GetUnreadCountQuery in 41ms
[2026-05-24 12:52:38.600 +07:00 INF] Executed DbCommand (3ms) [Parameters=[@___currentUser_UserId_0='?' (Size = 450)], CommandType='"Text"', CommandTimeout='60']
SELECT TOP(1) [a].[Id], [a].[AgencyName], [a].[AvatarUrl], [a].[Bio], [a].[CreatedAt], [a].[CreatedBy], [a].[DeletedAt], [a].[DeletedBy], [a].[Email], [a].[FullName], [a].[IsActive], [a].[IsDeleted], [a].[LastModifiedAt], [a].[LastModifiedBy], [a].[LicenseNumber], [a].[PhoneNumber], [a].[RowVersion], [a].[UserId]
FROM [Agents] AS [a]
WHERE [a].[IsDeleted] = CAST(0 AS bit) AND [a].[UserId] = @___currentUser_UserId_0 AND [a].[IsActive] = CAST(1 AS bit) AND [a].[IsDeleted] = CAST(0 AS bit)
[2026-05-24 12:52:38.601 +07:00 INF] Executed DbCommand (2ms) [Parameters=[@__request_UserId_0='?' (Size = 450), @__p_1='?' (DbType = Int32), @__p_2='?' (DbType = Int32)], CommandType='"Text"', CommandTimeout='60']
SELECT [n].[Id], [n].[UserId], [n].[Title], [n].[Content], [n].[Type], [n].[IsRead], [n].[ReadAt], [n].[ReferenceId], [n].[ActionUrl], [n].[CreatedAt]
FROM [Notifications] AS [n]
WHERE [n].[IsDeleted] = CAST(0 AS bit) AND [n].[UserId] = @__request_UserId_0 AND [n].[IsDeleted] = CAST(0 AS bit)
ORDER BY [n].[CreatedAt] DESC
OFFSET @__p_1 ROWS FETCH NEXT @__p_2 ROWS ONLY
[2026-05-24 12:52:38.603 +07:00 INF] Executing OkObjectResult, writing value of type 'VietPropEstate.Application.Features.Chat.Queries.GetUnreadCount.UnreadCountResult'.
[2026-05-24 12:52:38.603 +07:00 INF] Executed DbCommand (1ms) [Parameters=[@__userId_0='?' (Size = 450)], CommandType='"Text"', CommandTimeout='60']
SELECT COUNT(*)
FROM [Favorites] AS [f]
WHERE [f].[IsDeleted] = CAST(0 AS bit) AND [f].[UserId] = @__userId_0 AND [f].[IsDeleted] = CAST(0 AS bit)
[2026-05-24 12:52:38.606 +07:00 INF] Handled GetMyPropertiesQuery in 33ms
[2026-05-24 12:52:38.610 +07:00 INF] Handled GetUserNotificationsQuery in 43ms
[2026-05-24 12:52:38.612 +07:00 INF] Executed action VietPropEstate.WebAPI.Controllers.ConversationsController.GetUnreadCounts (VietPropEstate.WebAPI) in 59.9253ms
[2026-05-24 12:52:38.615 +07:00 INF] Handling GetUnreadCountQuery {"UserId":"a0a645a9-1c49-41cc-b5dd-a186ffbd8905","$type":"GetUnreadCountQuery"}
[2026-05-24 12:52:38.616 +07:00 INF] Executing OkObjectResult, writing value of type 'VietPropEstate.Application.Common.Models.PaginatedList`1[[VietPropEstate.Application.Features.Properties.DTOs.PropertyDto, VietPropEstate.Application, Version=1.0.0.0, Culture=neutral, PublicKeyToken=null]]'.
[2026-05-24 12:52:38.618 +07:00 INF] Executing OkObjectResult, writing value of type 'VietPropEstate.Application.Common.Models.PaginatedList`1[[VietPropEstate.Application.Features.Notifications.DTOs.NotificationDto, VietPropEstate.Application, Version=1.0.0.0, Culture=neutral, PublicKeyToken=null]]'.
[2026-05-24 12:52:38.620 +07:00 INF] Executed endpoint 'VietPropEstate.WebAPI.Controllers.ConversationsController.GetUnreadCounts (VietPropEstate.WebAPI)'
[2026-05-24 12:52:38.625 +07:00 INF] Executed DbCommand (1ms) [Parameters=[@__request_UserId_0='?' (Size = 450)], CommandType='"Text"', CommandTimeout='60']
SELECT COALESCE(SUM(CASE
    WHEN [c].[BuyerId] = @__request_UserId_0 THEN [c].[BuyerUnreadCount]
    ELSE [c].[SellerUnreadCount]
END), 0)
FROM [Conversations] AS [c]
WHERE [c].[IsDeleted] = CAST(0 AS bit) AND ([c].[BuyerId] = @__request_UserId_0 OR [c].[SellerId] = @__request_UserId_0) AND [c].[IsDeleted] = CAST(0 AS bit)
[2026-05-24 12:52:38.626 +07:00 INF] Executed action VietPropEstate.WebAPI.Controllers.PropertiesController.GetMyListings (VietPropEstate.WebAPI) in 54.1735ms
[2026-05-24 12:52:38.628 +07:00 INF] Executed action VietPropEstate.WebAPI.Controllers.NotificationsController.GetNotifications (VietPropEstate.WebAPI) in 62.8065ms
[2026-05-24 12:52:38.629 +07:00 INF] HTTP GET /api/conversations/unread responded 200 in 102.0142 ms
[2026-05-24 12:52:38.634 +07:00 INF] Executed DbCommand (1ms) [Parameters=[@__request_UserId_0='?' (Size = 450)], CommandType='"Text"', CommandTimeout='60']
SELECT COUNT(*)
FROM [Notifications] AS [n]
WHERE [n].[IsDeleted] = CAST(0 AS bit) AND [n].[UserId] = @__request_UserId_0 AND [n].[IsRead] = CAST(0 AS bit) AND [n].[IsDeleted] = CAST(0 AS bit)
[2026-05-24 12:52:38.635 +07:00 INF] Executed endpoint 'VietPropEstate.WebAPI.Controllers.PropertiesController.GetMyListings (VietPropEstate.WebAPI)'
[2026-05-24 12:52:38.637 +07:00 INF] Executed endpoint 'VietPropEstate.WebAPI.Controllers.NotificationsController.GetNotifications (VietPropEstate.WebAPI)'
[2026-05-24 12:52:38.640 +07:00 INF] Request finished HTTP/1.1 GET http://localhost:5198/api/conversations/unread - 200 null application/json; charset=utf-8 132.8284ms
[2026-05-24 12:52:38.643 +07:00 INF] Handled GetUnreadCountQuery in 28ms
[2026-05-24 12:52:38.645 +07:00 INF] HTTP GET /api/properties/my-listings responded 200 in 90.8010 ms
[2026-05-24 12:52:38.646 +07:00 INF] HTTP GET /api/notifications responded 200 in 97.4520 ms
[2026-05-24 12:52:38.653 +07:00 INF] Executing OkObjectResult, writing value of type 'VietPropEstate.Application.Features.Dashboard.DTOs.DashboardStatsDto'.
[2026-05-24 12:52:38.656 +07:00 INF] Request finished HTTP/1.1 GET http://localhost:5198/api/properties/my-listings?pageNumber=1&pageSize=10 - 200 null application/json; charset=utf-8 120.2564ms
[2026-05-24 12:52:38.658 +07:00 INF] Request finished HTTP/1.1 GET http://localhost:5198/api/notifications?pageNumber=1&pageSize=20&unreadOnly=false - 200 null application/json; charset=utf-8 132.1984ms
[2026-05-24 12:52:38.660 +07:00 INF] Executed action VietPropEstate.WebAPI.Controllers.DashboardController.GetStats (VietPropEstate.WebAPI) in 92.2246ms
[2026-05-24 12:52:38.671 +07:00 INF] Executed endpoint 'VietPropEstate.WebAPI.Controllers.DashboardController.GetStats (VietPropEstate.WebAPI)'
[2026-05-24 12:52:38.673 +07:00 INF] HTTP GET /api/dashboard/stats responded 200 in 120.2182 ms
[2026-05-24 12:52:38.676 +07:00 INF] Request finished HTTP/1.1 GET http://localhost:5198/api/dashboard/stats - 200 null application/json; charset=utf-8 144.1588ms
[2026-05-24 12:53:23.019 +07:00 INF] Request starting HTTP/1.1 OPTIONS http://localhost:5198/api/auth/me - null null
[2026-05-24 12:53:23.023 +07:00 INF] CORS policy execution successful.
[2026-05-24 12:53:23.024 +07:00 INF] Request finished HTTP/1.1 OPTIONS http://localhost:5198/api/auth/me - 204 null null 5.5983ms
[2026-05-24 12:53:23.030 +07:00 INF] Request starting HTTP/1.1 GET http://localhost:5198/api/auth/me - null null
[2026-05-24 12:53:23.035 +07:00 INF] CORS policy execution successful.
[2026-05-24 12:53:23.036 +07:00 INF] Executing endpoint 'VietPropEstate.WebAPI.Controllers.AuthController.GetProfile (VietPropEstate.WebAPI)'
[2026-05-24 12:53:23.038 +07:00 INF] Route matched with {action = "GetProfile", controller = "Auth"}. Executing controller action with signature System.Threading.Tasks.Task`1[Microsoft.AspNetCore.Mvc.IActionResult] GetProfile(System.Threading.CancellationToken) on controller VietPropEstate.WebAPI.Controllers.AuthController (VietPropEstate.WebAPI).
[2026-05-24 12:53:23.047 +07:00 INF] Executed DbCommand (3ms) [Parameters=[@__p_0='?' (Size = 450)], CommandType='"Text"', CommandTimeout='60']
SELECT TOP(1) [a].[Id], [a].[AccessFailedCount], [a].[AddressLine], [a].[AvatarUrl], [a].[ConcurrencyStamp], [a].[CreatedAt], [a].[Email], [a].[EmailConfirmed], [a].[FirstName], [a].[IsActive], [a].[LastLoginAt], [a].[LastName], [a].[LockoutEnabled], [a].[LockoutEnd], [a].[NormalizedEmail], [a].[NormalizedUserName], [a].[PasswordHash], [a].[PhoneNumber], [a].[PhoneNumberConfirmed], [a].[ProvinceCode], [a].[ProvinceName], [a].[SecurityStamp], [a].[TwoFactorEnabled], [a].[UserName], [a].[WardCode], [a].[WardName]
FROM [AspNetUsers] AS [a]
WHERE [a].[Id] = @__p_0
[2026-05-24 12:53:23.056 +07:00 INF] Executed DbCommand (3ms) [Parameters=[@__userId_0='?' (Size = 450)], CommandType='"Text"', CommandTimeout='60']
SELECT [a0].[Name]
FROM [AspNetUserRoles] AS [a]
INNER JOIN [AspNetRoles] AS [a0] ON [a].[RoleId] = [a0].[Id]
WHERE [a].[UserId] = @__userId_0
[2026-05-24 12:53:23.060 +07:00 INF] Executing OkObjectResult, writing value of type 'VietPropEstate.Application.Features.Auth.DTOs.UserProfileDto'.
[2026-05-24 12:53:23.063 +07:00 INF] Executed action VietPropEstate.WebAPI.Controllers.AuthController.GetProfile (VietPropEstate.WebAPI) in 20.7469ms
[2026-05-24 12:53:23.065 +07:00 INF] Executed endpoint 'VietPropEstate.WebAPI.Controllers.AuthController.GetProfile (VietPropEstate.WebAPI)'
[2026-05-24 12:53:23.067 +07:00 INF] HTTP GET /api/auth/me responded 200 in 31.3447 ms
[2026-05-24 12:53:23.070 +07:00 INF] Request finished HTTP/1.1 GET http://localhost:5198/api/auth/me - 200 null application/json; charset=utf-8 40.7018ms
[2026-05-24 12:53:38.703 +07:00 INF] Request starting HTTP/1.1 OPTIONS http://localhost:5198/api/auth/me/avatar - null null
[2026-05-24 12:53:38.707 +07:00 INF] CORS policy execution successful.
[2026-05-24 12:53:38.709 +07:00 INF] Request finished HTTP/1.1 OPTIONS http://localhost:5198/api/auth/me/avatar - 204 null null 5.3586ms
[2026-05-24 12:53:38.714 +07:00 INF] Request starting HTTP/1.1 POST http://localhost:5198/api/auth/me/avatar - multipart/form-data; boundary="db0b863e-1e2c-4fb8-8d44-c6748cbad686" 56549
[2026-05-24 12:53:38.718 +07:00 INF] CORS policy execution successful.
[2026-05-24 12:53:38.720 +07:00 INF] Executing endpoint 'VietPropEstate.WebAPI.Controllers.AuthController.UploadAvatar (VietPropEstate.WebAPI)'
[2026-05-24 12:53:38.725 +07:00 INF] Route matched with {action = "UploadAvatar", controller = "Auth"}. Executing controller action with signature System.Threading.Tasks.Task`1[Microsoft.AspNetCore.Mvc.IActionResult] UploadAvatar(Microsoft.AspNetCore.Http.IFormFile, System.Threading.CancellationToken) on controller VietPropEstate.WebAPI.Controllers.AuthController (VietPropEstate.WebAPI).
[2026-05-24 12:53:38.754 +07:00 INF] Executed DbCommand (0ms) [Parameters=[@__p_0='?' (Size = 450)], CommandType='"Text"', CommandTimeout='60']
SELECT TOP(1) [a].[Id], [a].[AccessFailedCount], [a].[AddressLine], [a].[AvatarUrl], [a].[ConcurrencyStamp], [a].[CreatedAt], [a].[Email], [a].[EmailConfirmed], [a].[FirstName], [a].[IsActive], [a].[LastLoginAt], [a].[LastName], [a].[LockoutEnabled], [a].[LockoutEnd], [a].[NormalizedEmail], [a].[NormalizedUserName], [a].[PasswordHash], [a].[PhoneNumber], [a].[PhoneNumberConfirmed], [a].[ProvinceCode], [a].[ProvinceName], [a].[SecurityStamp], [a].[TwoFactorEnabled], [a].[UserName], [a].[WardCode], [a].[WardName]
FROM [AspNetUsers] AS [a]
WHERE [a].[Id] = @__p_0
[2026-05-24 12:53:38.761 +07:00 INF] Executed DbCommand (3ms) [Parameters=[@__normalizedUserName_0='?' (Size = 256)], CommandType='"Text"', CommandTimeout='60']
SELECT TOP(1) [a].[Id], [a].[AccessFailedCount], [a].[AddressLine], [a].[AvatarUrl], [a].[ConcurrencyStamp], [a].[CreatedAt], [a].[Email], [a].[EmailConfirmed], [a].[FirstName], [a].[IsActive], [a].[LastLoginAt], [a].[LastName], [a].[LockoutEnabled], [a].[LockoutEnd], [a].[NormalizedEmail], [a].[NormalizedUserName], [a].[PasswordHash], [a].[PhoneNumber], [a].[PhoneNumberConfirmed], [a].[ProvinceCode], [a].[ProvinceName], [a].[SecurityStamp], [a].[TwoFactorEnabled], [a].[UserName], [a].[WardCode], [a].[WardName]
FROM [AspNetUsers] AS [a]
WHERE [a].[NormalizedUserName] = @__normalizedUserName_0
[2026-05-24 12:53:38.768 +07:00 INF] Executed DbCommand (2ms) [Parameters=[@__normalizedEmail_0='?' (Size = 256)], CommandType='"Text"', CommandTimeout='60']
SELECT TOP(2) [a].[Id], [a].[AccessFailedCount], [a].[AddressLine], [a].[AvatarUrl], [a].[ConcurrencyStamp], [a].[CreatedAt], [a].[Email], [a].[EmailConfirmed], [a].[FirstName], [a].[IsActive], [a].[LastLoginAt], [a].[LastName], [a].[LockoutEnabled], [a].[LockoutEnd], [a].[NormalizedEmail], [a].[NormalizedUserName], [a].[PasswordHash], [a].[PhoneNumber], [a].[PhoneNumberConfirmed], [a].[ProvinceCode], [a].[ProvinceName], [a].[SecurityStamp], [a].[TwoFactorEnabled], [a].[UserName], [a].[WardCode], [a].[WardName]
FROM [AspNetUsers] AS [a]
WHERE [a].[NormalizedEmail] = @__normalizedEmail_0
[2026-05-24 12:53:38.780 +07:00 INF] Executed DbCommand (7ms) [Parameters=[@p25='?' (Size = 450), @p0='?' (DbType = Int32), @p1='?' (Size = 4000), @p2='?' (Size = 4000), @p3='?' (Size = 4000), @p26='?' (Size = 4000), @p4='?' (DbType = DateTime2), @p5='?' (Size = 256), @p6='?' (DbType = Boolean), @p7='?' (Size = 4000), @p8='?' (DbType = Boolean), @p9='?' (DbType = DateTime2), @p10='?' (Size = 4000), @p11='?' (DbType = Boolean), @p12='?' (DbType = DateTimeOffset), @p13='?' (Size = 256), @p14='?' (Size = 256), @p15='?' (Size = 4000), @p16='?' (Size = 4000), @p17='?' (DbType = Boolean), @p18='?' (DbType = Int32), @p19='?' (Size = 4000), @p20='?' (Size = 4000), @p21='?' (DbType = Boolean), @p22='?' (Size = 256), @p23='?' (DbType = Int32), @p24='?' (Size = 4000)], CommandType='"Text"', CommandTimeout='60']
SET IMPLICIT_TRANSACTIONS OFF;
SET NOCOUNT ON;
UPDATE [AspNetUsers] SET [AccessFailedCount] = @p0, [AddressLine] = @p1, [AvatarUrl] = @p2, [ConcurrencyStamp] = @p3, [CreatedAt] = @p4, [Email] = @p5, [EmailConfirmed] = @p6, [FirstName] = @p7, [IsActive] = @p8, [LastLoginAt] = @p9, [LastName] = @p10, [LockoutEnabled] = @p11, [LockoutEnd] = @p12, [NormalizedEmail] = @p13, [NormalizedUserName] = @p14, [PasswordHash] = @p15, [PhoneNumber] = @p16, [PhoneNumberConfirmed] = @p17, [ProvinceCode] = @p18, [ProvinceName] = @p19, [SecurityStamp] = @p20, [TwoFactorEnabled] = @p21, [UserName] = @p22, [WardCode] = @p23, [WardName] = @p24
OUTPUT 1
WHERE [Id] = @p25 AND [ConcurrencyStamp] = @p26;
[2026-05-24 12:53:38.787 +07:00 INF] Executed DbCommand (3ms) [Parameters=[@__userId_0='?' (Size = 450)], CommandType='"Text"', CommandTimeout='60']
SELECT TOP(1) [a].[Id], [a].[AgencyName], [a].[AvatarUrl], [a].[Bio], [a].[CreatedAt], [a].[CreatedBy], [a].[DeletedAt], [a].[DeletedBy], [a].[Email], [a].[FullName], [a].[IsActive], [a].[IsDeleted], [a].[LastModifiedAt], [a].[LastModifiedBy], [a].[LicenseNumber], [a].[PhoneNumber], [a].[RowVersion], [a].[UserId]
FROM [Agents] AS [a]
WHERE [a].[IsDeleted] = CAST(0 AS bit) AND [a].[UserId] = @__userId_0 AND [a].[IsDeleted] = CAST(0 AS bit)
[2026-05-24 12:53:38.790 +07:00 INF] Avatar updated for user a0a645a9-1c49-41cc-b5dd-a186ffbd8905.
[2026-05-24 12:53:38.793 +07:00 INF] Executed DbCommand (0ms) [Parameters=[@__userId_0='?' (Size = 450)], CommandType='"Text"', CommandTimeout='60']
SELECT [a0].[Name]
FROM [AspNetUserRoles] AS [a]
INNER JOIN [AspNetRoles] AS [a0] ON [a].[RoleId] = [a0].[Id]
WHERE [a].[UserId] = @__userId_0
[2026-05-24 12:53:38.797 +07:00 INF] Executing OkObjectResult, writing value of type 'VietPropEstate.Application.Features.Auth.DTOs.UserProfileDto'.
[2026-05-24 12:53:38.800 +07:00 INF] Executed action VietPropEstate.WebAPI.Controllers.AuthController.UploadAvatar (VietPropEstate.WebAPI) in 71.9141ms
[2026-05-24 12:53:38.802 +07:00 INF] Executed endpoint 'VietPropEstate.WebAPI.Controllers.AuthController.UploadAvatar (VietPropEstate.WebAPI)'
[2026-05-24 12:53:38.804 +07:00 INF] HTTP POST /api/auth/me/avatar responded 200 in 84.7228 ms
[2026-05-24 12:53:38.807 +07:00 INF] Request finished HTTP/1.1 POST http://localhost:5198/api/auth/me/avatar - 200 null application/json; charset=utf-8 92.8271ms
[2026-05-24 12:53:38.818 +07:00 INF] Request starting HTTP/1.1 GET http://localhost:5198/uploads/avatars/a0a645a9-1c49-41cc-b5dd-a186ffbd8905/b6b46aa69652448a8bd5631408dbfd2d.jpg - null null
[2026-05-24 12:53:38.843 +07:00 INF] Sending file. Request path: '/uploads/avatars/a0a645a9-1c49-41cc-b5dd-a186ffbd8905/b6b46aa69652448a8bd5631408dbfd2d.jpg'. Physical path: 'C:\Dev\VietPropEstate\src\VietPropEstate.WebAPI\wwwroot\uploads\avatars\a0a645a9-1c49-41cc-b5dd-a186ffbd8905\b6b46aa69652448a8bd5631408dbfd2d.jpg'
[2026-05-24 12:53:38.846 +07:00 INF] Request finished HTTP/1.1 GET http://localhost:5198/uploads/avatars/a0a645a9-1c49-41cc-b5dd-a186ffbd8905/b6b46aa69652448a8bd5631408dbfd2d.jpg - 200 56288 image/jpeg 27.3369ms
[2026-05-24 13:01:47.461 +07:00 INF] Swagger UI: /swagger
[2026-05-24 13:01:48.112 +07:00 WRN] Entity 'Property' has a global query filter defined and is the required end of a relationship with the entity 'PropertyView'. This may lead to unexpected results when the required entity is filtered out. Either configure the navigation as optional, or define matching query filters for both entities in the navigation. See https://go.microsoft.com/fwlink/?linkid=2131316 for more information.
[2026-05-24 13:01:48.667 +07:00 INF] Executed DbCommand (16ms) [Parameters=[], CommandType='"Text"', CommandTimeout='60']
SELECT 1
[2026-05-24 13:01:48.698 +07:00 INF] Executed DbCommand (17ms) [Parameters=[], CommandType='"Text"', CommandTimeout='60']
DECLARE @result int;
EXEC @result = sp_getapplock @Resource = '__EFMigrationsLock', @LockOwner = 'Session', @LockMode = 'Exclusive';
SELECT @result
[2026-05-24 13:01:48.746 +07:00 INF] Executed DbCommand (2ms) [Parameters=[], CommandType='"Text"', CommandTimeout='60']
IF OBJECT_ID(N'[__EFMigrationsHistory]') IS NULL
BEGIN
    CREATE TABLE [__EFMigrationsHistory] (
        [MigrationId] nvarchar(150) NOT NULL,
        [ProductVersion] nvarchar(32) NOT NULL,
        CONSTRAINT [PK___EFMigrationsHistory] PRIMARY KEY ([MigrationId])
    );
END;
[2026-05-24 13:01:48.759 +07:00 INF] Executed DbCommand (0ms) [Parameters=[], CommandType='"Text"', CommandTimeout='60']
SELECT 1
[2026-05-24 13:01:48.763 +07:00 INF] Executed DbCommand (1ms) [Parameters=[], CommandType='"Text"', CommandTimeout='60']
SELECT OBJECT_ID(N'[__EFMigrationsHistory]');
[2026-05-24 13:01:48.773 +07:00 INF] Executed DbCommand (2ms) [Parameters=[], CommandType='"Text"', CommandTimeout='60']
SELECT [MigrationId], [ProductVersion]
FROM [__EFMigrationsHistory]
ORDER BY [MigrationId];
[2026-05-24 13:01:48.787 +07:00 INF] Executed DbCommand (2ms) [Parameters=[], CommandType='"Text"', CommandTimeout='60']
DECLARE @result int;
EXEC @result = sp_releaseapplock @Resource = '__EFMigrationsLock', @LockOwner = 'Session';
SELECT @result
[2026-05-24 13:01:48.808 +07:00 INF] User profile is available. Using 'C:\Users\Le Quoc Khanh\AppData\Local\ASP.NET\DataProtection-Keys' as key repository and Windows DPAPI to encrypt keys at rest.
[2026-05-24 13:01:49.016 +07:00 INF] Executed DbCommand (11ms) [Parameters=[@__normalizedName_0='?' (Size = 256)], CommandType='"Text"', CommandTimeout='60']
SELECT TOP(1) [a].[Id], [a].[ConcurrencyStamp], [a].[Name], [a].[NormalizedName]
FROM [AspNetRoles] AS [a]
WHERE [a].[NormalizedName] = @__normalizedName_0
[2026-05-24 13:01:49.049 +07:00 INF] Executed DbCommand (0ms) [Parameters=[@__normalizedName_0='?' (Size = 256)], CommandType='"Text"', CommandTimeout='60']
SELECT TOP(1) [a].[Id], [a].[ConcurrencyStamp], [a].[Name], [a].[NormalizedName]
FROM [AspNetRoles] AS [a]
WHERE [a].[NormalizedName] = @__normalizedName_0
[2026-05-24 13:01:49.052 +07:00 INF] Executed DbCommand (0ms) [Parameters=[@__normalizedName_0='?' (Size = 256)], CommandType='"Text"', CommandTimeout='60']
SELECT TOP(1) [a].[Id], [a].[ConcurrencyStamp], [a].[Name], [a].[NormalizedName]
FROM [AspNetRoles] AS [a]
WHERE [a].[NormalizedName] = @__normalizedName_0
[2026-05-24 13:01:49.054 +07:00 INF] Executed DbCommand (0ms) [Parameters=[@__normalizedName_0='?' (Size = 256)], CommandType='"Text"', CommandTimeout='60']
SELECT TOP(1) [a].[Id], [a].[ConcurrencyStamp], [a].[Name], [a].[NormalizedName]
FROM [AspNetRoles] AS [a]
WHERE [a].[NormalizedName] = @__normalizedName_0
[2026-05-24 13:01:49.074 +07:00 INF] Executed DbCommand (3ms) [Parameters=[@__normalizedEmail_0='?' (Size = 256)], CommandType='"Text"', CommandTimeout='60']
SELECT TOP(2) [a].[Id], [a].[AccessFailedCount], [a].[AddressLine], [a].[AvatarUrl], [a].[ConcurrencyStamp], [a].[CreatedAt], [a].[Email], [a].[EmailConfirmed], [a].[FirstName], [a].[IsActive], [a].[LastLoginAt], [a].[LastName], [a].[LockoutEnabled], [a].[LockoutEnd], [a].[NormalizedEmail], [a].[NormalizedUserName], [a].[PasswordHash], [a].[PhoneNumber], [a].[PhoneNumberConfirmed], [a].[ProvinceCode], [a].[ProvinceName], [a].[SecurityStamp], [a].[TwoFactorEnabled], [a].[UserName], [a].[WardCode], [a].[WardName]
FROM [AspNetUsers] AS [a]
WHERE [a].[NormalizedEmail] = @__normalizedEmail_0
[2026-05-24 13:01:49.120 +07:00 INF] Executed DbCommand (2ms) [Parameters=[@__normalizedRoleName_0='?' (Size = 256)], CommandType='"Text"', CommandTimeout='60']
SELECT TOP(2) [a].[Id], [a].[ConcurrencyStamp], [a].[Name], [a].[NormalizedName]
FROM [AspNetRoles] AS [a]
WHERE [a].[NormalizedName] = @__normalizedRoleName_0
[2026-05-24 13:01:49.145 +07:00 INF] Executed DbCommand (3ms) [Parameters=[@__p_0='?' (Size = 450), @__p_1='?' (Size = 450)], CommandType='"Text"', CommandTimeout='60']
SELECT TOP(1) [a].[UserId], [a].[RoleId]
FROM [AspNetUserRoles] AS [a]
WHERE [a].[UserId] = @__p_0 AND [a].[RoleId] = @__p_1
[2026-05-24 13:01:49.203 +07:00 INF] Admin account verified: admin@vietpropestate.vn, confirmed=true, active=true.
[2026-05-24 13:01:49.294 +07:00 INF] Executed DbCommand (3ms) [Parameters=[], CommandType='"Text"', CommandTimeout='60']
SELECT CASE
    WHEN EXISTS (
        SELECT 1
        FROM [Provinces] AS [p]) THEN CAST(1 AS bit)
    ELSE CAST(0 AS bit)
END
[2026-05-24 13:01:49.297 +07:00 INF] Vietnam address data already seeded. Skipping.
[2026-05-24 13:01:49.305 +07:00 INF] Executed DbCommand (0ms) [Parameters=[@__normalizedEmail_0='?' (Size = 256)], CommandType='"Text"', CommandTimeout='60']
SELECT TOP(2) [a].[Id], [a].[AccessFailedCount], [a].[AddressLine], [a].[AvatarUrl], [a].[ConcurrencyStamp], [a].[CreatedAt], [a].[Email], [a].[EmailConfirmed], [a].[FirstName], [a].[IsActive], [a].[LastLoginAt], [a].[LastName], [a].[LockoutEnabled], [a].[LockoutEnd], [a].[NormalizedEmail], [a].[NormalizedUserName], [a].[PasswordHash], [a].[PhoneNumber], [a].[PhoneNumberConfirmed], [a].[ProvinceCode], [a].[ProvinceName], [a].[SecurityStamp], [a].[TwoFactorEnabled], [a].[UserName], [a].[WardCode], [a].[WardName]
FROM [AspNetUsers] AS [a]
WHERE [a].[NormalizedEmail] = @__normalizedEmail_0
[2026-05-24 13:01:49.309 +07:00 INF] Executed DbCommand (0ms) [Parameters=[@__normalizedRoleName_0='?' (Size = 256)], CommandType='"Text"', CommandTimeout='60']
SELECT TOP(2) [a].[Id], [a].[ConcurrencyStamp], [a].[Name], [a].[NormalizedName]
FROM [AspNetRoles] AS [a]
WHERE [a].[NormalizedName] = @__normalizedRoleName_0
[2026-05-24 13:01:49.311 +07:00 INF] Executed DbCommand (0ms) [Parameters=[@__p_0='?' (Size = 450), @__p_1='?' (Size = 450)], CommandType='"Text"', CommandTimeout='60']
SELECT TOP(1) [a].[UserId], [a].[RoleId]
FROM [AspNetUserRoles] AS [a]
WHERE [a].[UserId] = @__p_0 AND [a].[RoleId] = @__p_1
[2026-05-24 13:01:49.314 +07:00 INF] Executed DbCommand (0ms) [Parameters=[@__normalizedEmail_0='?' (Size = 256)], CommandType='"Text"', CommandTimeout='60']
SELECT TOP(2) [a].[Id], [a].[AccessFailedCount], [a].[AddressLine], [a].[AvatarUrl], [a].[ConcurrencyStamp], [a].[CreatedAt], [a].[Email], [a].[EmailConfirmed], [a].[FirstName], [a].[IsActive], [a].[LastLoginAt], [a].[LastName], [a].[LockoutEnabled], [a].[LockoutEnd], [a].[NormalizedEmail], [a].[NormalizedUserName], [a].[PasswordHash], [a].[PhoneNumber], [a].[PhoneNumberConfirmed], [a].[ProvinceCode], [a].[ProvinceName], [a].[SecurityStamp], [a].[TwoFactorEnabled], [a].[UserName], [a].[WardCode], [a].[WardName]
FROM [AspNetUsers] AS [a]
WHERE [a].[NormalizedEmail] = @__normalizedEmail_0
[2026-05-24 13:01:49.317 +07:00 INF] Executed DbCommand (0ms) [Parameters=[@__normalizedRoleName_0='?' (Size = 256)], CommandType='"Text"', CommandTimeout='60']
SELECT TOP(2) [a].[Id], [a].[ConcurrencyStamp], [a].[Name], [a].[NormalizedName]
FROM [AspNetRoles] AS [a]
WHERE [a].[NormalizedName] = @__normalizedRoleName_0
[2026-05-24 13:01:49.320 +07:00 INF] Executed DbCommand (0ms) [Parameters=[@__p_0='?' (Size = 450), @__p_1='?' (Size = 450)], CommandType='"Text"', CommandTimeout='60']
SELECT TOP(1) [a].[UserId], [a].[RoleId]
FROM [AspNetUserRoles] AS [a]
WHERE [a].[UserId] = @__p_0 AND [a].[RoleId] = @__p_1
[2026-05-24 13:01:49.322 +07:00 INF] Executed DbCommand (0ms) [Parameters=[@__normalizedEmail_0='?' (Size = 256)], CommandType='"Text"', CommandTimeout='60']
SELECT TOP(2) [a].[Id], [a].[AccessFailedCount], [a].[AddressLine], [a].[AvatarUrl], [a].[ConcurrencyStamp], [a].[CreatedAt], [a].[Email], [a].[EmailConfirmed], [a].[FirstName], [a].[IsActive], [a].[LastLoginAt], [a].[LastName], [a].[LockoutEnabled], [a].[LockoutEnd], [a].[NormalizedEmail], [a].[NormalizedUserName], [a].[PasswordHash], [a].[PhoneNumber], [a].[PhoneNumberConfirmed], [a].[ProvinceCode], [a].[ProvinceName], [a].[SecurityStamp], [a].[TwoFactorEnabled], [a].[UserName], [a].[WardCode], [a].[WardName]
FROM [AspNetUsers] AS [a]
WHERE [a].[NormalizedEmail] = @__normalizedEmail_0
[2026-05-24 13:01:49.325 +07:00 INF] Executed DbCommand (0ms) [Parameters=[@__normalizedRoleName_0='?' (Size = 256)], CommandType='"Text"', CommandTimeout='60']
SELECT TOP(2) [a].[Id], [a].[ConcurrencyStamp], [a].[Name], [a].[NormalizedName]
FROM [AspNetRoles] AS [a]
WHERE [a].[NormalizedName] = @__normalizedRoleName_0
[2026-05-24 13:01:49.327 +07:00 INF] Executed DbCommand (0ms) [Parameters=[@__p_0='?' (Size = 450), @__p_1='?' (Size = 450)], CommandType='"Text"', CommandTimeout='60']
SELECT TOP(1) [a].[UserId], [a].[RoleId]
FROM [AspNetUserRoles] AS [a]
WHERE [a].[UserId] = @__p_0 AND [a].[RoleId] = @__p_1
[2026-05-24 13:01:49.329 +07:00 INF] Executed DbCommand (0ms) [Parameters=[@__normalizedEmail_0='?' (Size = 256)], CommandType='"Text"', CommandTimeout='60']
SELECT TOP(2) [a].[Id], [a].[AccessFailedCount], [a].[AddressLine], [a].[AvatarUrl], [a].[ConcurrencyStamp], [a].[CreatedAt], [a].[Email], [a].[EmailConfirmed], [a].[FirstName], [a].[IsActive], [a].[LastLoginAt], [a].[LastName], [a].[LockoutEnabled], [a].[LockoutEnd], [a].[NormalizedEmail], [a].[NormalizedUserName], [a].[PasswordHash], [a].[PhoneNumber], [a].[PhoneNumberConfirmed], [a].[ProvinceCode], [a].[ProvinceName], [a].[SecurityStamp], [a].[TwoFactorEnabled], [a].[UserName], [a].[WardCode], [a].[WardName]
FROM [AspNetUsers] AS [a]
WHERE [a].[NormalizedEmail] = @__normalizedEmail_0
[2026-05-24 13:01:49.347 +07:00 INF] Executed DbCommand (3ms) [Parameters=[@__user_Id_0='?' (Size = 450)], CommandType='"Text"', CommandTimeout='60']
SELECT TOP(1) [a].[Id], [a].[AgencyName], [a].[AvatarUrl], [a].[Bio], [a].[CreatedAt], [a].[CreatedBy], [a].[DeletedAt], [a].[DeletedBy], [a].[Email], [a].[FullName], [a].[IsActive], [a].[IsDeleted], [a].[LastModifiedAt], [a].[LastModifiedBy], [a].[LicenseNumber], [a].[PhoneNumber], [a].[RowVersion], [a].[UserId]
FROM [Agents] AS [a]
WHERE [a].[IsDeleted] = CAST(0 AS bit) AND [a].[UserId] = @__user_Id_0 AND [a].[IsDeleted] = CAST(0 AS bit)
[2026-05-24 13:01:49.372 +07:00 INF] Executed DbCommand (0ms) [Parameters=[@__user_Id_0='?' (Size = 450)], CommandType='"Text"', CommandTimeout='60']
SELECT TOP(1) [a].[Id], [a].[AgencyName], [a].[AvatarUrl], [a].[Bio], [a].[CreatedAt], [a].[CreatedBy], [a].[DeletedAt], [a].[DeletedBy], [a].[Email], [a].[FullName], [a].[IsActive], [a].[IsDeleted], [a].[LastModifiedAt], [a].[LastModifiedBy], [a].[LicenseNumber], [a].[PhoneNumber], [a].[RowVersion], [a].[UserId]
FROM [Agents] AS [a]
WHERE [a].[IsDeleted] = CAST(0 AS bit) AND [a].[UserId] = @__user_Id_0 AND [a].[IsDeleted] = CAST(0 AS bit)
[2026-05-24 13:01:49.385 +07:00 INF] Executed DbCommand (5ms) [Parameters=[], CommandType='"Text"', CommandTimeout='60']
SELECT CASE
    WHEN EXISTS (
        SELECT 1
        FROM [Properties] AS [p]
        WHERE [p].[IsDeleted] = CAST(0 AS bit) AND [p].[Title] = N'Căn hộ 2PN cao cấp Vinhomes Central Park') THEN CAST(1 AS bit)
    ELSE CAST(0 AS bit)
END
[2026-05-24 13:01:49.387 +07:00 INF] Core test data already present ('Căn hộ 2PN cao cấp Vinhomes Central Park'). Skipping.
[2026-05-24 13:01:49.392 +07:00 INF] Executed DbCommand (2ms) [Parameters=[], CommandType='"Text"', CommandTimeout='60']
SELECT CASE
    WHEN EXISTS (
        SELECT 1
        FROM [Properties] AS [p]
        WHERE [p].[IsDeleted] = CAST(0 AS bit) AND [p].[Title] = N'Penthouse Landmark 81 view toàn cảnh Sài Gòn') THEN CAST(1 AS bit)
    ELSE CAST(0 AS bit)
END
[2026-05-24 13:01:49.393 +07:00 INF] Regional demo data already present ('Penthouse Landmark 81 view toàn cảnh Sài Gòn'). Skipping.
[2026-05-24 13:01:49.442 +07:00 INF] Now listening on: http://localhost:5198
[2026-05-24 13:01:49.442 +07:00 INF] Application started. Press Ctrl+C to shut down.
[2026-05-24 13:01:49.443 +07:00 INF] Hosting environment: Development
[2026-05-24 13:01:49.443 +07:00 INF] Content root path: C:\Dev\VietPropEstate\src\VietPropEstate.WebAPI
[2026-05-24 13:02:09.726 +07:00 INF] Request starting HTTP/1.1 GET http://localhost:5198/api/addresses/provinces - null null
[2026-05-24 13:02:09.726 +07:00 INF] Request starting HTTP/1.1 GET http://localhost:5198/api/properties?pageNumber=1&pageSize=3&isFeatured=True&status=1&sortBy=CreatedAt&sortOrder=Desc - null null
[2026-05-24 13:02:09.726 +07:00 INF] Request starting HTTP/1.1 GET http://localhost:5198/api/properties?pageNumber=1&pageSize=6&status=1&sortBy=CreatedAt&sortOrder=Desc - null null
[2026-05-24 13:02:09.820 +07:00 WRN] Failed to determine the https port for redirect.
[2026-05-24 13:02:09.823 +07:00 INF] CORS policy execution successful.
[2026-05-24 13:02:09.823 +07:00 INF] CORS policy execution successful.
[2026-05-24 13:02:09.823 +07:00 INF] CORS policy execution successful.
[2026-05-24 13:02:09.884 +07:00 INF] Executing endpoint 'VietPropEstate.WebAPI.Controllers.AddressesController.GetProvinces (VietPropEstate.WebAPI)'
[2026-05-24 13:02:09.884 +07:00 INF] Executing endpoint 'VietPropEstate.WebAPI.Controllers.PropertiesController.GetList (VietPropEstate.WebAPI)'
[2026-05-24 13:02:09.884 +07:00 INF] Executing endpoint 'VietPropEstate.WebAPI.Controllers.PropertiesController.GetList (VietPropEstate.WebAPI)'
[2026-05-24 13:02:09.908 +07:00 INF] Route matched with {action = "GetList", controller = "Properties"}. Executing controller action with signature System.Threading.Tasks.Task`1[Microsoft.AspNetCore.Mvc.IActionResult] GetList(Int32, Int32, System.String, System.Nullable`1[System.Guid], System.Nullable`1[System.Guid], System.Nullable`1[VietPropEstate.Domain.Enums.ListingType], System.Nullable`1[VietPropEstate.Domain.Enums.PropertyStatus], System.Nullable`1[System.Int32], System.Nullable`1[System.Int32], System.String, System.Nullable`1[System.Decimal], System.Nullable`1[System.Decimal], System.Nullable`1[System.Decimal], System.Nullable`1[System.Decimal], System.Nullable`1[System.Int32], System.Nullable`1[System.Int32], System.Nullable`1[System.Int32], System.Nullable`1[VietPropEstate.Domain.Enums.PropertyDirection], System.Nullable`1[System.Boolean], System.String, System.String, System.Threading.CancellationToken) on controller VietPropEstate.WebAPI.Controllers.PropertiesController (VietPropEstate.WebAPI).
[2026-05-24 13:02:09.908 +07:00 INF] Route matched with {action = "GetList", controller = "Properties"}. Executing controller action with signature System.Threading.Tasks.Task`1[Microsoft.AspNetCore.Mvc.IActionResult] GetList(Int32, Int32, System.String, System.Nullable`1[System.Guid], System.Nullable`1[System.Guid], System.Nullable`1[VietPropEstate.Domain.Enums.ListingType], System.Nullable`1[VietPropEstate.Domain.Enums.PropertyStatus], System.Nullable`1[System.Int32], System.Nullable`1[System.Int32], System.String, System.Nullable`1[System.Decimal], System.Nullable`1[System.Decimal], System.Nullable`1[System.Decimal], System.Nullable`1[System.Decimal], System.Nullable`1[System.Int32], System.Nullable`1[System.Int32], System.Nullable`1[System.Int32], System.Nullable`1[VietPropEstate.Domain.Enums.PropertyDirection], System.Nullable`1[System.Boolean], System.String, System.String, System.Threading.CancellationToken) on controller VietPropEstate.WebAPI.Controllers.PropertiesController (VietPropEstate.WebAPI).
[2026-05-24 13:02:09.908 +07:00 INF] Route matched with {action = "GetProvinces", controller = "Addresses"}. Executing controller action with signature System.Threading.Tasks.Task`1[Microsoft.AspNetCore.Mvc.IActionResult] GetProvinces(System.Threading.CancellationToken) on controller VietPropEstate.WebAPI.Controllers.AddressesController (VietPropEstate.WebAPI).
[2026-05-24 13:02:09.931 +07:00 INF] Handling GetProvincesQuery {"$type":"GetProvincesQuery"}
[2026-05-24 13:02:09.969 +07:00 INF] Handling GetPropertiesListQuery {"PageNumber":1,"PageSize":6,"SearchTerm":null,"PropertyTypeId":null,"TransactionTypeId":null,"ListingType":null,"Status":"Active","ProvinceCode":null,"WardCode":null,"ProvinceName":null,"MinPrice":null,"MaxPrice":null,"MinArea":null,"MaxArea":null,"MinBedrooms":null,"MaxBedrooms":null,"Bathrooms":null,"Direction":null,"IsFeatured":null,"AllStatuses":false,"SortBy":"CreatedAt","SortOrder":"Desc","$type":"GetPropertiesListQuery"}
[2026-05-24 13:02:09.971 +07:00 INF] Handling GetPropertiesListQuery {"PageNumber":1,"PageSize":3,"SearchTerm":null,"PropertyTypeId":null,"TransactionTypeId":null,"ListingType":null,"Status":"Active","ProvinceCode":null,"WardCode":null,"ProvinceName":null,"MinPrice":null,"MaxPrice":null,"MinArea":null,"MaxArea":null,"MinBedrooms":null,"MaxBedrooms":null,"Bathrooms":null,"Direction":null,"IsFeatured":true,"AllStatuses":false,"SortBy":"CreatedAt","SortOrder":"Desc","$type":"GetPropertiesListQuery"}
[2026-05-24 13:02:09.984 +07:00 INF] Executed DbCommand (4ms) [Parameters=[], CommandType='"Text"', CommandTimeout='60']
SELECT [p].[Code], [p].[Name], [p].[Codename], [p].[DivisionType]
FROM [Provinces] AS [p]
WHERE [p].[IsActive] = CAST(1 AS bit)
ORDER BY [p].[Name]
[2026-05-24 13:02:10.081 +07:00 INF] Handled GetProvincesQuery in 151ms
[2026-05-24 13:02:10.090 +07:00 INF] Executing OkObjectResult, writing value of type 'System.Collections.Generic.List`1[[VietPropEstate.Application.Features.Addresses.DTOs.ProvinceLookupDto, VietPropEstate.Application, Version=1.0.0.0, Culture=neutral, PublicKeyToken=null]]'.
[2026-05-24 13:02:10.120 +07:00 INF] Executed action VietPropEstate.WebAPI.Controllers.AddressesController.GetProvinces (VietPropEstate.WebAPI) in 198.6446ms
[2026-05-24 13:02:10.128 +07:00 INF] Executed endpoint 'VietPropEstate.WebAPI.Controllers.AddressesController.GetProvinces (VietPropEstate.WebAPI)'
[2026-05-24 13:02:10.134 +07:00 INF] HTTP GET /api/addresses/provinces responded 200 in 299.1708 ms
[2026-05-24 13:02:10.144 +07:00 INF] Request finished HTTP/1.1 GET http://localhost:5198/api/addresses/provinces - 200 null application/json; charset=utf-8 419.7982ms
[2026-05-24 13:02:10.206 +07:00 INF] Executed DbCommand (4ms) [Parameters=[@__status_Value_0='?' (DbType = Int32)], CommandType='"Text"', CommandTimeout='60']
SELECT COUNT(*)
FROM [Properties] AS [p]
WHERE [p].[IsDeleted] = CAST(0 AS bit) AND [p].[Status] = @__status_Value_0
[2026-05-24 13:02:10.211 +07:00 INF] Executed DbCommand (3ms) [Parameters=[@__status_Value_0='?' (DbType = Int32), @__isFeatured_Value_1='?' (DbType = Boolean)], CommandType='"Text"', CommandTimeout='60']
SELECT COUNT(*)
FROM [Properties] AS [p]
WHERE [p].[IsDeleted] = CAST(0 AS bit) AND [p].[Status] = @__status_Value_0 AND [p].[IsFeatured] = @__isFeatured_Value_1
[2026-05-24 13:02:10.483 +07:00 INF] Executed DbCommand (28ms) [Parameters=[@__status_Value_0='?' (DbType = Int32), @__isFeatured_Value_1='?' (DbType = Boolean), @__p_2='?' (DbType = Int32), @__p_3='?' (DbType = Int32)], CommandType='"Text"', CommandTimeout='60']
SELECT [p1].[Id], [p1].[AgentId], [p1].[Area], [p1].[CreatedAt], [p1].[CreatedBy], [p1].[DeletedAt], [p1].[DeletedBy], [p1].[Description], [p1].[Direction], [p1].[ExpiresAt], [p1].[FullAddress], [p1].[IsDeleted], [p1].[IsFeatured], [p1].[LastModifiedAt], [p1].[LastModifiedBy], [p1].[Latitude], [p1].[ListingType], [p1].[Longitude], [p1].[NumberOfBathrooms], [p1].[NumberOfBedrooms], [p1].[NumberOfFloors], [p1].[PropertyTypeId], [p1].[ProvinceCode], [p1].[ProvinceName], [p1].[PublishedAt], [p1].[RowVersion], [p1].[Slug], [p1].[Status], [p1].[Title], [p1].[TransactionTypeId], [p1].[VideoUrl], [p1].[ViewCount], [p1].[WardCode], [p1].[WardName], [p1].[AddressCountry], [p1].[AddressDistrict], [p1].[AddressLatitude], [p1].[AddressLongitude], [p1].[AddressProvince], [p1].[Street], [p1].[AddressWard], [p1].[PriceAmount], [p1].[PriceCurrency], [p2].[Id], [p2].[CreatedAt], [p2].[CreatedBy], [p2].[DeletedAt], [p2].[DeletedBy], [p2].[Description], [p2].[IsActive], [p2].[IsDeleted], [p2].[LastModifiedAt], [p2].[LastModifiedBy], [p2].[Name], [p2].[RowVersion], [a0].[Id], [a0].[AgencyName], [a0].[AvatarUrl], [a0].[Bio], [a0].[CreatedAt], [a0].[CreatedBy], [a0].[DeletedAt], [a0].[DeletedBy], [a0].[Email], [a0].[FullName], [a0].[IsActive], [a0].[IsDeleted], [a0].[LastModifiedAt], [a0].[LastModifiedBy], [a0].[LicenseNumber], [a0].[PhoneNumber], [a0].[RowVersion], [a0].[UserId], [t0].[Id], [t0].[CreatedAt], [t0].[CreatedBy], [t0].[DeletedAt], [t0].[DeletedBy], [t0].[Description], [t0].[IsActive], [t0].[IsDeleted], [t0].[LastModifiedAt], [t0].[LastModifiedBy], [t0].[Name], [t0].[RowVersion], [p4].[Id], [p4].[Caption], [p4].[CreatedAt], [p4].[CreatedBy], [p4].[DeletedAt], [p4].[DeletedBy], [p4].[DisplayOrder], [p4].[IsDeleted], [p4].[IsPrimary], [p4].[LastModifiedAt], [p4].[LastModifiedBy], [p4].[PropertyId], [p4].[RowVersion], [p4].[Url]
FROM (
    SELECT [p].[Id], [p].[AgentId], [p].[Area], [p].[CreatedAt], [p].[CreatedBy], [p].[DeletedAt], [p].[DeletedBy], [p].[Description], [p].[Direction], [p].[ExpiresAt], [p].[FullAddress], [p].[IsDeleted], [p].[IsFeatured], [p].[LastModifiedAt], [p].[LastModifiedBy], [p].[Latitude], [p].[ListingType], [p].[Longitude], [p].[NumberOfBathrooms], [p].[NumberOfBedrooms], [p].[NumberOfFloors], [p].[PropertyTypeId], [p].[ProvinceCode], [p].[ProvinceName], [p].[PublishedAt], [p].[RowVersion], [p].[Slug], [p].[Status], [p].[Title], [p].[TransactionTypeId], [p].[VideoUrl], [p].[ViewCount], [p].[WardCode], [p].[WardName], [p].[AddressCountry], [p].[AddressDistrict], [p].[AddressLatitude], [p].[AddressLongitude], [p].[AddressProvince], [p].[Street], [p].[AddressWard], [p].[PriceAmount], [p].[PriceCurrency]
    FROM [Properties] AS [p]
    WHERE [p].[IsDeleted] = CAST(0 AS bit) AND [p].[Status] = @__status_Value_0 AND [p].[IsFeatured] = @__isFeatured_Value_1
    ORDER BY [p].[IsFeatured] DESC, [p].[CreatedAt] DESC
    OFFSET @__p_2 ROWS FETCH NEXT @__p_3 ROWS ONLY
) AS [p1]
INNER JOIN (
    SELECT [p0].[Id], [p0].[CreatedAt], [p0].[CreatedBy], [p0].[DeletedAt], [p0].[DeletedBy], [p0].[Description], [p0].[IsActive], [p0].[IsDeleted], [p0].[LastModifiedAt], [p0].[LastModifiedBy], [p0].[Name], [p0].[RowVersion]
    FROM [PropertyTypes] AS [p0]
    WHERE [p0].[IsDeleted] = CAST(0 AS bit)
) AS [p2] ON [p1].[PropertyTypeId] = [p2].[Id]
INNER JOIN (
    SELECT [a].[Id], [a].[AgencyName], [a].[AvatarUrl], [a].[Bio], [a].[CreatedAt], [a].[CreatedBy], [a].[DeletedAt], [a].[DeletedBy], [a].[Email], [a].[FullName], [a].[IsActive], [a].[IsDeleted], [a].[LastModifiedAt], [a].[LastModifiedBy], [a].[LicenseNumber], [a].[PhoneNumber], [a].[RowVersion], [a].[UserId]
    FROM [Agents] AS [a]
    WHERE [a].[IsDeleted] = CAST(0 AS bit)
) AS [a0] ON [p1].[AgentId] = [a0].[Id]
LEFT JOIN (
    SELECT [t].[Id], [t].[CreatedAt], [t].[CreatedBy], [t].[DeletedAt], [t].[DeletedBy], [t].[Description], [t].[IsActive], [t].[IsDeleted], [t].[LastModifiedAt], [t].[LastModifiedBy], [t].[Name], [t].[RowVersion]
    FROM [TransactionTypes] AS [t]
    WHERE [t].[IsDeleted] = CAST(0 AS bit)
) AS [t0] ON [p1].[TransactionTypeId] = [t0].[Id]
LEFT JOIN (
    SELECT [p3].[Id], [p3].[Caption], [p3].[CreatedAt], [p3].[CreatedBy], [p3].[DeletedAt], [p3].[DeletedBy], [p3].[DisplayOrder], [p3].[IsDeleted], [p3].[IsPrimary], [p3].[LastModifiedAt], [p3].[LastModifiedBy], [p3].[PropertyId], [p3].[RowVersion], [p3].[Url]
    FROM [PropertyImages] AS [p3]
    WHERE [p3].[IsDeleted] = CAST(0 AS bit)
) AS [p4] ON [p1].[Id] = [p4].[PropertyId]
ORDER BY [p1].[IsFeatured] DESC, [p1].[CreatedAt] DESC, [p1].[Id], [p2].[Id], [a0].[Id], [t0].[Id]
[2026-05-24 13:02:10.483 +07:00 INF] Executed DbCommand (28ms) [Parameters=[@__status_Value_0='?' (DbType = Int32), @__p_1='?' (DbType = Int32), @__p_2='?' (DbType = Int32)], CommandType='"Text"', CommandTimeout='60']
SELECT [p1].[Id], [p1].[AgentId], [p1].[Area], [p1].[CreatedAt], [p1].[CreatedBy], [p1].[DeletedAt], [p1].[DeletedBy], [p1].[Description], [p1].[Direction], [p1].[ExpiresAt], [p1].[FullAddress], [p1].[IsDeleted], [p1].[IsFeatured], [p1].[LastModifiedAt], [p1].[LastModifiedBy], [p1].[Latitude], [p1].[ListingType], [p1].[Longitude], [p1].[NumberOfBathrooms], [p1].[NumberOfBedrooms], [p1].[NumberOfFloors], [p1].[PropertyTypeId], [p1].[ProvinceCode], [p1].[ProvinceName], [p1].[PublishedAt], [p1].[RowVersion], [p1].[Slug], [p1].[Status], [p1].[Title], [p1].[TransactionTypeId], [p1].[VideoUrl], [p1].[ViewCount], [p1].[WardCode], [p1].[WardName], [p1].[AddressCountry], [p1].[AddressDistrict], [p1].[AddressLatitude], [p1].[AddressLongitude], [p1].[AddressProvince], [p1].[Street], [p1].[AddressWard], [p1].[PriceAmount], [p1].[PriceCurrency], [p2].[Id], [p2].[CreatedAt], [p2].[CreatedBy], [p2].[DeletedAt], [p2].[DeletedBy], [p2].[Description], [p2].[IsActive], [p2].[IsDeleted], [p2].[LastModifiedAt], [p2].[LastModifiedBy], [p2].[Name], [p2].[RowVersion], [a0].[Id], [a0].[AgencyName], [a0].[AvatarUrl], [a0].[Bio], [a0].[CreatedAt], [a0].[CreatedBy], [a0].[DeletedAt], [a0].[DeletedBy], [a0].[Email], [a0].[FullName], [a0].[IsActive], [a0].[IsDeleted], [a0].[LastModifiedAt], [a0].[LastModifiedBy], [a0].[LicenseNumber], [a0].[PhoneNumber], [a0].[RowVersion], [a0].[UserId], [t0].[Id], [t0].[CreatedAt], [t0].[CreatedBy], [t0].[DeletedAt], [t0].[DeletedBy], [t0].[Description], [t0].[IsActive], [t0].[IsDeleted], [t0].[LastModifiedAt], [t0].[LastModifiedBy], [t0].[Name], [t0].[RowVersion], [p4].[Id], [p4].[Caption], [p4].[CreatedAt], [p4].[CreatedBy], [p4].[DeletedAt], [p4].[DeletedBy], [p4].[DisplayOrder], [p4].[IsDeleted], [p4].[IsPrimary], [p4].[LastModifiedAt], [p4].[LastModifiedBy], [p4].[PropertyId], [p4].[RowVersion], [p4].[Url]
FROM (
    SELECT [p].[Id], [p].[AgentId], [p].[Area], [p].[CreatedAt], [p].[CreatedBy], [p].[DeletedAt], [p].[DeletedBy], [p].[Description], [p].[Direction], [p].[ExpiresAt], [p].[FullAddress], [p].[IsDeleted], [p].[IsFeatured], [p].[LastModifiedAt], [p].[LastModifiedBy], [p].[Latitude], [p].[ListingType], [p].[Longitude], [p].[NumberOfBathrooms], [p].[NumberOfBedrooms], [p].[NumberOfFloors], [p].[PropertyTypeId], [p].[ProvinceCode], [p].[ProvinceName], [p].[PublishedAt], [p].[RowVersion], [p].[Slug], [p].[Status], [p].[Title], [p].[TransactionTypeId], [p].[VideoUrl], [p].[ViewCount], [p].[WardCode], [p].[WardName], [p].[AddressCountry], [p].[AddressDistrict], [p].[AddressLatitude], [p].[AddressLongitude], [p].[AddressProvince], [p].[Street], [p].[AddressWard], [p].[PriceAmount], [p].[PriceCurrency]
    FROM [Properties] AS [p]
    WHERE [p].[IsDeleted] = CAST(0 AS bit) AND [p].[Status] = @__status_Value_0
    ORDER BY [p].[IsFeatured] DESC, [p].[CreatedAt] DESC
    OFFSET @__p_1 ROWS FETCH NEXT @__p_2 ROWS ONLY
) AS [p1]
INNER JOIN (
    SELECT [p0].[Id], [p0].[CreatedAt], [p0].[CreatedBy], [p0].[DeletedAt], [p0].[DeletedBy], [p0].[Description], [p0].[IsActive], [p0].[IsDeleted], [p0].[LastModifiedAt], [p0].[LastModifiedBy], [p0].[Name], [p0].[RowVersion]
    FROM [PropertyTypes] AS [p0]
    WHERE [p0].[IsDeleted] = CAST(0 AS bit)
) AS [p2] ON [p1].[PropertyTypeId] = [p2].[Id]
INNER JOIN (
    SELECT [a].[Id], [a].[AgencyName], [a].[AvatarUrl], [a].[Bio], [a].[CreatedAt], [a].[CreatedBy], [a].[DeletedAt], [a].[DeletedBy], [a].[Email], [a].[FullName], [a].[IsActive], [a].[IsDeleted], [a].[LastModifiedAt], [a].[LastModifiedBy], [a].[LicenseNumber], [a].[PhoneNumber], [a].[RowVersion], [a].[UserId]
    FROM [Agents] AS [a]
    WHERE [a].[IsDeleted] = CAST(0 AS bit)
) AS [a0] ON [p1].[AgentId] = [a0].[Id]
LEFT JOIN (
    SELECT [t].[Id], [t].[CreatedAt], [t].[CreatedBy], [t].[DeletedAt], [t].[DeletedBy], [t].[Description], [t].[IsActive], [t].[IsDeleted], [t].[LastModifiedAt], [t].[LastModifiedBy], [t].[Name], [t].[RowVersion]
    FROM [TransactionTypes] AS [t]
    WHERE [t].[IsDeleted] = CAST(0 AS bit)
) AS [t0] ON [p1].[TransactionTypeId] = [t0].[Id]
LEFT JOIN (
    SELECT [p3].[Id], [p3].[Caption], [p3].[CreatedAt], [p3].[CreatedBy], [p3].[DeletedAt], [p3].[DeletedBy], [p3].[DisplayOrder], [p3].[IsDeleted], [p3].[IsPrimary], [p3].[LastModifiedAt], [p3].[LastModifiedBy], [p3].[PropertyId], [p3].[RowVersion], [p3].[Url]
    FROM [PropertyImages] AS [p3]
    WHERE [p3].[IsDeleted] = CAST(0 AS bit)
) AS [p4] ON [p1].[Id] = [p4].[PropertyId]
ORDER BY [p1].[IsFeatured] DESC, [p1].[CreatedAt] DESC, [p1].[Id], [p2].[Id], [a0].[Id], [t0].[Id]
[2026-05-24 13:02:10.535 +07:00 WRN] VietPropEstate slow request: GetPropertiesListQuery (516ms) UserId=null Request={"PageNumber":1,"PageSize":3,"SearchTerm":null,"PropertyTypeId":null,"TransactionTypeId":null,"ListingType":null,"Status":"Active","ProvinceCode":null,"WardCode":null,"ProvinceName":null,"MinPrice":null,"MaxPrice":null,"MinArea":null,"MaxArea":null,"MinBedrooms":null,"MaxBedrooms":null,"Bathrooms":null,"Direction":null,"IsFeatured":true,"AllStatuses":false,"SortBy":"CreatedAt","SortOrder":"Desc","$type":"GetPropertiesListQuery"}
[2026-05-24 13:02:10.535 +07:00 WRN] VietPropEstate slow request: GetPropertiesListQuery (516ms) UserId=null Request={"PageNumber":1,"PageSize":6,"SearchTerm":null,"PropertyTypeId":null,"TransactionTypeId":null,"ListingType":null,"Status":"Active","ProvinceCode":null,"WardCode":null,"ProvinceName":null,"MinPrice":null,"MaxPrice":null,"MinArea":null,"MaxArea":null,"MinBedrooms":null,"MaxBedrooms":null,"Bathrooms":null,"Direction":null,"IsFeatured":null,"AllStatuses":false,"SortBy":"CreatedAt","SortOrder":"Desc","$type":"GetPropertiesListQuery"}
[2026-05-24 13:02:10.558 +07:00 INF] Handled GetPropertiesListQuery in 590ms
[2026-05-24 13:02:10.581 +07:00 INF] Handled GetPropertiesListQuery in 613ms
[2026-05-24 13:02:10.584 +07:00 INF] Executing OkObjectResult, writing value of type 'VietPropEstate.Application.Common.Models.PaginatedList`1[[VietPropEstate.Application.Features.Properties.DTOs.PropertyDto, VietPropEstate.Application, Version=1.0.0.0, Culture=neutral, PublicKeyToken=null]]'.
[2026-05-24 13:02:10.585 +07:00 INF] Executing OkObjectResult, writing value of type 'VietPropEstate.Application.Common.Models.PaginatedList`1[[VietPropEstate.Application.Features.Properties.DTOs.PropertyDto, VietPropEstate.Application, Version=1.0.0.0, Culture=neutral, PublicKeyToken=null]]'.
[2026-05-24 13:02:10.662 +07:00 INF] Executed action VietPropEstate.WebAPI.Controllers.PropertiesController.GetList (VietPropEstate.WebAPI) in 749.2047ms
[2026-05-24 13:02:10.662 +07:00 INF] Executed action VietPropEstate.WebAPI.Controllers.PropertiesController.GetList (VietPropEstate.WebAPI) in 745.8872ms
[2026-05-24 13:02:10.664 +07:00 INF] Executed endpoint 'VietPropEstate.WebAPI.Controllers.PropertiesController.GetList (VietPropEstate.WebAPI)'
[2026-05-24 13:02:10.666 +07:00 INF] Executed endpoint 'VietPropEstate.WebAPI.Controllers.PropertiesController.GetList (VietPropEstate.WebAPI)'
[2026-05-24 13:02:10.668 +07:00 INF] HTTP GET /api/properties responded 200 in 835.2534 ms
[2026-05-24 13:02:10.669 +07:00 INF] HTTP GET /api/properties responded 200 in 837.0550 ms
[2026-05-24 13:02:10.673 +07:00 INF] Request finished HTTP/1.1 GET http://localhost:5198/api/properties?pageNumber=1&pageSize=3&isFeatured=True&status=1&sortBy=CreatedAt&sortOrder=Desc - 200 null application/json; charset=utf-8 949.7393ms
[2026-05-24 13:02:10.675 +07:00 INF] Request finished HTTP/1.1 GET http://localhost:5198/api/properties?pageNumber=1&pageSize=6&status=1&sortBy=CreatedAt&sortOrder=Desc - 200 null application/json; charset=utf-8 951.4704ms
[2026-05-24 13:02:13.590 +07:00 INF] Request starting HTTP/1.1 OPTIONS http://localhost:5198/api/auth/login - null null
[2026-05-24 13:02:13.598 +07:00 INF] CORS policy execution successful.
[2026-05-24 13:02:13.600 +07:00 INF] Request finished HTTP/1.1 OPTIONS http://localhost:5198/api/auth/login - 204 null null 10.2556ms
[2026-05-24 13:02:13.606 +07:00 INF] Request starting HTTP/1.1 POST http://localhost:5198/api/auth/login - application/json; charset=utf-8 51
[2026-05-24 13:02:13.612 +07:00 INF] CORS policy execution successful.
[2026-05-24 13:02:13.616 +07:00 INF] Executing endpoint 'VietPropEstate.WebAPI.Controllers.AuthController.Login (VietPropEstate.WebAPI)'
[2026-05-24 13:02:13.623 +07:00 INF] Route matched with {action = "Login", controller = "Auth"}. Executing controller action with signature System.Threading.Tasks.Task`1[Microsoft.AspNetCore.Mvc.IActionResult] Login(VietPropEstate.Application.Features.Auth.Commands.LoginUser.LoginUserCommand, System.Threading.CancellationToken) on controller VietPropEstate.WebAPI.Controllers.AuthController (VietPropEstate.WebAPI).
[2026-05-24 13:02:13.649 +07:00 INF] Handling LoginUserCommand {"Email":"khanhq3@gmail.com","Password":"Khanh123","IpAddress":"::1","$type":"LoginUserCommand"}
[2026-05-24 13:02:13.667 +07:00 INF] Executed DbCommand (3ms) [Parameters=[@__normalizedEmail_0='?' (Size = 256)], CommandType='"Text"', CommandTimeout='60']
SELECT TOP(2) [a].[Id], [a].[AccessFailedCount], [a].[AddressLine], [a].[AvatarUrl], [a].[ConcurrencyStamp], [a].[CreatedAt], [a].[Email], [a].[EmailConfirmed], [a].[FirstName], [a].[IsActive], [a].[LastLoginAt], [a].[LastName], [a].[LockoutEnabled], [a].[LockoutEnd], [a].[NormalizedEmail], [a].[NormalizedUserName], [a].[PasswordHash], [a].[PhoneNumber], [a].[PhoneNumberConfirmed], [a].[ProvinceCode], [a].[ProvinceName], [a].[SecurityStamp], [a].[TwoFactorEnabled], [a].[UserName], [a].[WardCode], [a].[WardName]
FROM [AspNetUsers] AS [a]
WHERE [a].[NormalizedEmail] = @__normalizedEmail_0
[2026-05-24 13:02:13.806 +07:00 INF] Executed DbCommand (2ms) [Parameters=[@__normalizedUserName_0='?' (Size = 256)], CommandType='"Text"', CommandTimeout='60']
SELECT TOP(1) [a].[Id], [a].[AccessFailedCount], [a].[AddressLine], [a].[AvatarUrl], [a].[ConcurrencyStamp], [a].[CreatedAt], [a].[Email], [a].[EmailConfirmed], [a].[FirstName], [a].[IsActive], [a].[LastLoginAt], [a].[LastName], [a].[LockoutEnabled], [a].[LockoutEnd], [a].[NormalizedEmail], [a].[NormalizedUserName], [a].[PasswordHash], [a].[PhoneNumber], [a].[PhoneNumberConfirmed], [a].[ProvinceCode], [a].[ProvinceName], [a].[SecurityStamp], [a].[TwoFactorEnabled], [a].[UserName], [a].[WardCode], [a].[WardName]
FROM [AspNetUsers] AS [a]
WHERE [a].[NormalizedUserName] = @__normalizedUserName_0
[2026-05-24 13:02:13.817 +07:00 INF] Executed DbCommand (1ms) [Parameters=[@__normalizedEmail_0='?' (Size = 256)], CommandType='"Text"', CommandTimeout='60']
SELECT TOP(2) [a].[Id], [a].[AccessFailedCount], [a].[AddressLine], [a].[AvatarUrl], [a].[ConcurrencyStamp], [a].[CreatedAt], [a].[Email], [a].[EmailConfirmed], [a].[FirstName], [a].[IsActive], [a].[LastLoginAt], [a].[LastName], [a].[LockoutEnabled], [a].[LockoutEnd], [a].[NormalizedEmail], [a].[NormalizedUserName], [a].[PasswordHash], [a].[PhoneNumber], [a].[PhoneNumberConfirmed], [a].[ProvinceCode], [a].[ProvinceName], [a].[SecurityStamp], [a].[TwoFactorEnabled], [a].[UserName], [a].[WardCode], [a].[WardName]
FROM [AspNetUsers] AS [a]
WHERE [a].[NormalizedEmail] = @__normalizedEmail_0
[2026-05-24 13:02:13.920 +07:00 INF] Executed DbCommand (9ms) [Parameters=[@p25='?' (Size = 450), @p0='?' (DbType = Int32), @p1='?' (Size = 4000), @p2='?' (Size = 4000), @p3='?' (Size = 4000), @p26='?' (Size = 4000), @p4='?' (DbType = DateTime2), @p5='?' (Size = 256), @p6='?' (DbType = Boolean), @p7='?' (Size = 4000), @p8='?' (DbType = Boolean), @p9='?' (DbType = DateTime2), @p10='?' (Size = 4000), @p11='?' (DbType = Boolean), @p12='?' (DbType = DateTimeOffset), @p13='?' (Size = 256), @p14='?' (Size = 256), @p15='?' (Size = 4000), @p16='?' (Size = 4000), @p17='?' (DbType = Boolean), @p18='?' (DbType = Int32), @p19='?' (Size = 4000), @p20='?' (Size = 4000), @p21='?' (DbType = Boolean), @p22='?' (Size = 256), @p23='?' (DbType = Int32), @p24='?' (Size = 4000)], CommandType='"Text"', CommandTimeout='60']
SET IMPLICIT_TRANSACTIONS OFF;
SET NOCOUNT ON;
UPDATE [AspNetUsers] SET [AccessFailedCount] = @p0, [AddressLine] = @p1, [AvatarUrl] = @p2, [ConcurrencyStamp] = @p3, [CreatedAt] = @p4, [Email] = @p5, [EmailConfirmed] = @p6, [FirstName] = @p7, [IsActive] = @p8, [LastLoginAt] = @p9, [LastName] = @p10, [LockoutEnabled] = @p11, [LockoutEnd] = @p12, [NormalizedEmail] = @p13, [NormalizedUserName] = @p14, [PasswordHash] = @p15, [PhoneNumber] = @p16, [PhoneNumberConfirmed] = @p17, [ProvinceCode] = @p18, [ProvinceName] = @p19, [SecurityStamp] = @p20, [TwoFactorEnabled] = @p21, [UserName] = @p22, [WardCode] = @p23, [WardName] = @p24
OUTPUT 1
WHERE [Id] = @p25 AND [ConcurrencyStamp] = @p26;
[2026-05-24 13:02:13.958 +07:00 INF] Executed DbCommand (3ms) [Parameters=[@__userId_0='?' (Size = 450)], CommandType='"Text"', CommandTimeout='60']
SELECT [a0].[Name]
FROM [AspNetUserRoles] AS [a]
INNER JOIN [AspNetRoles] AS [a0] ON [a].[RoleId] = [a0].[Id]
WHERE [a].[UserId] = @__userId_0
[2026-05-24 13:02:14.009 +07:00 INF] Executed DbCommand (4ms) [Parameters=[@__userId_0='?' (Size = 450)], CommandType='"Text"', CommandTimeout='60']
SELECT [r].[Id], [r].[CreatedAt], [r].[CreatedByIp], [r].[ExpiresAt], [r].[IsRevoked], [r].[ReplacedByToken], [r].[RevokedAt], [r].[RevokedByIp], [r].[RevokedReason], [r].[Token], [r].[UserId]
FROM [RefreshTokens] AS [r]
WHERE [r].[UserId] = @__userId_0 AND ([r].[IsRevoked] = CAST(1 AS bit) OR [r].[ExpiresAt] < GETUTCDATE())
[2026-05-24 13:02:14.074 +07:00 INF] Executed DbCommand (2ms) [Parameters=[@p0='?' (DbType = Guid), @p1='?' (DbType = DateTime2), @p2='?' (Size = 45), @p3='?' (DbType = DateTime2), @p4='?' (DbType = Boolean), @p5='?' (Size = 500), @p6='?' (DbType = DateTime2), @p7='?' (Size = 45), @p8='?' (Size = 500), @p9='?' (Size = 500), @p10='?' (Size = 450)], CommandType='"Text"', CommandTimeout='60']
SET IMPLICIT_TRANSACTIONS OFF;
SET NOCOUNT ON;
INSERT INTO [RefreshTokens] ([Id], [CreatedAt], [CreatedByIp], [ExpiresAt], [IsRevoked], [ReplacedByToken], [RevokedAt], [RevokedByIp], [RevokedReason], [Token], [UserId])
VALUES (@p0, @p1, @p2, @p3, @p4, @p5, @p6, @p7, @p8, @p9, @p10);
[2026-05-24 13:02:14.079 +07:00 INF] User khanhq3@gmail.com logged in from ::1.
[2026-05-24 13:02:14.083 +07:00 INF] Executed DbCommand (1ms) [Parameters=[@__userId_0='?' (Size = 450)], CommandType='"Text"', CommandTimeout='60']
SELECT [a0].[Name]
FROM [AspNetUserRoles] AS [a]
INNER JOIN [AspNetRoles] AS [a0] ON [a].[RoleId] = [a0].[Id]
WHERE [a].[UserId] = @__userId_0
[2026-05-24 13:02:14.088 +07:00 INF] Handled LoginUserCommand in 439ms
[2026-05-24 13:02:14.094 +07:00 INF] Executing OkObjectResult, writing value of type 'VietPropEstate.Application.Features.Auth.DTOs.LoginApiResponse'.
[2026-05-24 13:02:14.101 +07:00 INF] Executed action VietPropEstate.WebAPI.Controllers.AuthController.Login (VietPropEstate.WebAPI) in 474.7956ms
[2026-05-24 13:02:14.103 +07:00 INF] Executed endpoint 'VietPropEstate.WebAPI.Controllers.AuthController.Login (VietPropEstate.WebAPI)'
[2026-05-24 13:02:14.105 +07:00 INF] HTTP POST /api/auth/login responded 200 in 491.6226 ms
[2026-05-24 13:02:14.109 +07:00 INF] Request finished HTTP/1.1 POST http://localhost:5198/api/auth/login - 200 null application/json; charset=utf-8 502.5546ms
[2026-05-24 13:02:14.177 +07:00 INF] Request starting HTTP/1.1 OPTIONS http://localhost:5198/api/conversations/unread - null null
[2026-05-24 13:02:14.182 +07:00 INF] CORS policy execution successful.
[2026-05-24 13:02:14.183 +07:00 INF] Request finished HTTP/1.1 OPTIONS http://localhost:5198/api/conversations/unread - 204 null null 6.203ms
[2026-05-24 13:02:14.188 +07:00 INF] Request starting HTTP/1.1 GET http://localhost:5198/api/conversations/unread - null null
[2026-05-24 13:02:14.192 +07:00 INF] CORS policy execution successful.
[2026-05-24 13:02:14.201 +07:00 INF] Request starting HTTP/1.1 OPTIONS http://localhost:5198/api/notifications?pageNumber=1&pageSize=20&unreadOnly=false - null null
[2026-05-24 13:02:14.205 +07:00 INF] CORS policy execution successful.
[2026-05-24 13:02:14.207 +07:00 INF] Request finished HTTP/1.1 OPTIONS http://localhost:5198/api/notifications?pageNumber=1&pageSize=20&unreadOnly=false - 204 null null 5.626ms
[2026-05-24 13:02:14.209 +07:00 INF] Request starting HTTP/1.1 GET http://localhost:5198/api/notifications?pageNumber=1&pageSize=20&unreadOnly=false - null null
[2026-05-24 13:02:14.211 +07:00 INF] Request starting HTTP/1.1 OPTIONS http://localhost:5198/api/properties/my-listings?pageNumber=1&pageSize=10 - null null
[2026-05-24 13:02:14.212 +07:00 INF] Request starting HTTP/1.1 OPTIONS http://localhost:5198/api/dashboard/stats - null null
[2026-05-24 13:02:14.216 +07:00 INF] CORS policy execution successful.
[2026-05-24 13:02:14.219 +07:00 INF] CORS policy execution successful.
[2026-05-24 13:02:14.223 +07:00 INF] CORS policy execution successful.
[2026-05-24 13:02:14.225 +07:00 INF] Request finished HTTP/1.1 OPTIONS http://localhost:5198/api/properties/my-listings?pageNumber=1&pageSize=10 - 204 null null 14.5355ms
[2026-05-24 13:02:14.227 +07:00 INF] Request finished HTTP/1.1 OPTIONS http://localhost:5198/api/dashboard/stats - 204 null null 15.2237ms
[2026-05-24 13:02:14.232 +07:00 INF] Request starting HTTP/1.1 GET http://localhost:5198/api/properties/my-listings?pageNumber=1&pageSize=10 - null null
[2026-05-24 13:02:14.237 +07:00 INF] Request starting HTTP/1.1 GET http://localhost:5198/api/dashboard/stats - null null
[2026-05-24 13:02:14.243 +07:00 INF] CORS policy execution successful.
[2026-05-24 13:02:14.245 +07:00 INF] CORS policy execution successful.
[2026-05-24 13:02:14.249 +07:00 INF] Executing endpoint 'VietPropEstate.WebAPI.Controllers.PropertiesController.GetMyListings (VietPropEstate.WebAPI)'
[2026-05-24 13:02:14.249 +07:00 INF] Executing endpoint 'VietPropEstate.WebAPI.Controllers.ConversationsController.GetUnreadCounts (VietPropEstate.WebAPI)'
[2026-05-24 13:02:14.249 +07:00 INF] Executing endpoint 'VietPropEstate.WebAPI.Controllers.DashboardController.GetStats (VietPropEstate.WebAPI)'
[2026-05-24 13:02:14.249 +07:00 INF] Executing endpoint 'VietPropEstate.WebAPI.Controllers.NotificationsController.GetNotifications (VietPropEstate.WebAPI)'
[2026-05-24 13:02:14.257 +07:00 INF] Route matched with {action = "GetMyListings", controller = "Properties"}. Executing controller action with signature System.Threading.Tasks.Task`1[Microsoft.AspNetCore.Mvc.IActionResult] GetMyListings(Int32, Int32, System.Nullable`1[VietPropEstate.Domain.Enums.PropertyStatus], System.Threading.CancellationToken) on controller VietPropEstate.WebAPI.Controllers.PropertiesController (VietPropEstate.WebAPI).
[2026-05-24 13:02:14.257 +07:00 INF] Route matched with {action = "GetUnreadCounts", controller = "Conversations"}. Executing controller action with signature System.Threading.Tasks.Task`1[Microsoft.AspNetCore.Mvc.IActionResult] GetUnreadCounts(System.Threading.CancellationToken) on controller VietPropEstate.WebAPI.Controllers.ConversationsController (VietPropEstate.WebAPI).
[2026-05-24 13:02:14.257 +07:00 INF] Route matched with {action = "GetStats", controller = "Dashboard"}. Executing controller action with signature System.Threading.Tasks.Task`1[Microsoft.AspNetCore.Mvc.IActionResult] GetStats(System.Threading.CancellationToken) on controller VietPropEstate.WebAPI.Controllers.DashboardController (VietPropEstate.WebAPI).
[2026-05-24 13:02:14.260 +07:00 INF] Route matched with {action = "GetNotifications", controller = "Notifications"}. Executing controller action with signature System.Threading.Tasks.Task`1[Microsoft.AspNetCore.Mvc.IActionResult] GetNotifications(Int32, Int32, Boolean, System.Threading.CancellationToken) on controller VietPropEstate.WebAPI.Controllers.NotificationsController (VietPropEstate.WebAPI).
[2026-05-24 13:02:14.263 +07:00 INF] Handling GetMyPropertiesQuery {"PageNumber":1,"PageSize":10,"Status":null,"$type":"GetMyPropertiesQuery"}
[2026-05-24 13:02:14.266 +07:00 INF] Handling GetUnreadCountQuery {"UserId":"a0a645a9-1c49-41cc-b5dd-a186ffbd8905","$type":"GetUnreadCountQuery"}
[2026-05-24 13:02:14.272 +07:00 INF] Handling GetUserNotificationsQuery {"UserId":"a0a645a9-1c49-41cc-b5dd-a186ffbd8905","PageNumber":1,"PageSize":20,"UnreadOnly":false,"$type":"GetUserNotificationsQuery"}
[2026-05-24 13:02:14.274 +07:00 INF] Request starting HTTP/1.1 GET http://localhost:5198/uploads/avatars/a0a645a9-1c49-41cc-b5dd-a186ffbd8905/b6b46aa69652448a8bd5631408dbfd2d.jpg - null null
[2026-05-24 13:02:14.292 +07:00 INF] The file /uploads/avatars/a0a645a9-1c49-41cc-b5dd-a186ffbd8905/b6b46aa69652448a8bd5631408dbfd2d.jpg was not modified
[2026-05-24 13:02:14.294 +07:00 INF] Request finished HTTP/1.1 GET http://localhost:5198/uploads/avatars/a0a645a9-1c49-41cc-b5dd-a186ffbd8905/b6b46aa69652448a8bd5631408dbfd2d.jpg - 304 null image/jpeg 20.1614ms
[2026-05-24 13:02:14.297 +07:00 INF] Executed DbCommand (2ms) [Parameters=[@__userId_0='?' (Size = 450)], CommandType='"Text"', CommandTimeout='60']
SELECT TOP(1) [a].[Id], [a].[AgencyName], [a].[AvatarUrl], [a].[Bio], [a].[CreatedAt], [a].[CreatedBy], [a].[DeletedAt], [a].[DeletedBy], [a].[Email], [a].[FullName], [a].[IsActive], [a].[IsDeleted], [a].[LastModifiedAt], [a].[LastModifiedBy], [a].[LicenseNumber], [a].[PhoneNumber], [a].[RowVersion], [a].[UserId]
FROM [Agents] AS [a]
WHERE [a].[IsDeleted] = CAST(0 AS bit) AND [a].[UserId] = @__userId_0 AND [a].[IsDeleted] = CAST(0 AS bit)
[2026-05-24 13:02:14.299 +07:00 INF] Executed DbCommand (5ms) [Parameters=[@__request_UserId_0='?' (Size = 450)], CommandType='"Text"', CommandTimeout='60']
SELECT COUNT(*)
FROM [Notifications] AS [n]
WHERE [n].[IsDeleted] = CAST(0 AS bit) AND [n].[UserId] = @__request_UserId_0 AND [n].[IsDeleted] = CAST(0 AS bit)
[2026-05-24 13:02:14.308 +07:00 INF] Executed DbCommand (3ms) [Parameters=[@___currentUser_UserId_0='?' (Size = 450)], CommandType='"Text"', CommandTimeout='60']
SELECT TOP(1) [a].[Id], [a].[AgencyName], [a].[AvatarUrl], [a].[Bio], [a].[CreatedAt], [a].[CreatedBy], [a].[DeletedAt], [a].[DeletedBy], [a].[Email], [a].[FullName], [a].[IsActive], [a].[IsDeleted], [a].[LastModifiedAt], [a].[LastModifiedBy], [a].[LicenseNumber], [a].[PhoneNumber], [a].[RowVersion], [a].[UserId]
FROM [Agents] AS [a]
WHERE [a].[IsDeleted] = CAST(0 AS bit) AND [a].[UserId] = @___currentUser_UserId_0 AND [a].[IsActive] = CAST(1 AS bit) AND [a].[IsDeleted] = CAST(0 AS bit)
[2026-05-24 13:02:14.308 +07:00 INF] Executed DbCommand (3ms) [Parameters=[@__request_UserId_0='?' (Size = 450)], CommandType='"Text"', CommandTimeout='60']
SELECT COALESCE(SUM(CASE
    WHEN [c].[BuyerId] = @__request_UserId_0 THEN [c].[BuyerUnreadCount]
    ELSE [c].[SellerUnreadCount]
END), 0)
FROM [Conversations] AS [c]
WHERE [c].[IsDeleted] = CAST(0 AS bit) AND ([c].[BuyerId] = @__request_UserId_0 OR [c].[SellerId] = @__request_UserId_0) AND [c].[IsDeleted] = CAST(0 AS bit)
[2026-05-24 13:02:14.314 +07:00 INF] Handled GetMyPropertiesQuery in 51ms
[2026-05-24 13:02:14.315 +07:00 INF] Executed DbCommand (2ms) [Parameters=[], CommandType='"Text"', CommandTimeout='60']
SELECT [p].[Status], [p].[ViewCount]
FROM [Properties] AS [p]
WHERE [p].[IsDeleted] = CAST(0 AS bit)
[2026-05-24 13:02:14.319 +07:00 INF] Executing OkObjectResult, writing value of type 'VietPropEstate.Application.Common.Models.PaginatedList`1[[VietPropEstate.Application.Features.Properties.DTOs.PropertyDto, VietPropEstate.Application, Version=1.0.0.0, Culture=neutral, PublicKeyToken=null]]'.
[2026-05-24 13:02:14.324 +07:00 INF] Executed action VietPropEstate.WebAPI.Controllers.PropertiesController.GetMyListings (VietPropEstate.WebAPI) in 64.5873ms
[2026-05-24 13:02:14.327 +07:00 INF] Executed DbCommand (3ms) [Parameters=[@__request_UserId_0='?' (Size = 450)], CommandType='"Text"', CommandTimeout='60']
SELECT COUNT(*)
FROM [Notifications] AS [n]
WHERE [n].[IsDeleted] = CAST(0 AS bit) AND [n].[UserId] = @__request_UserId_0 AND [n].[IsRead] = CAST(0 AS bit) AND [n].[IsDeleted] = CAST(0 AS bit)
[2026-05-24 13:02:14.327 +07:00 INF] Executed DbCommand (3ms) [Parameters=[@__request_UserId_0='?' (Size = 450), @__p_1='?' (DbType = Int32), @__p_2='?' (DbType = Int32)], CommandType='"Text"', CommandTimeout='60']
SELECT [n].[Id], [n].[UserId], [n].[Title], [n].[Content], [n].[Type], [n].[IsRead], [n].[ReadAt], [n].[ReferenceId], [n].[ActionUrl], [n].[CreatedAt]
FROM [Notifications] AS [n]
WHERE [n].[IsDeleted] = CAST(0 AS bit) AND [n].[UserId] = @__request_UserId_0 AND [n].[IsDeleted] = CAST(0 AS bit)
ORDER BY [n].[CreatedAt] DESC
OFFSET @__p_1 ROWS FETCH NEXT @__p_2 ROWS ONLY
[2026-05-24 13:02:14.327 +07:00 INF] Executed endpoint 'VietPropEstate.WebAPI.Controllers.PropertiesController.GetMyListings (VietPropEstate.WebAPI)'
[2026-05-24 13:02:14.330 +07:00 INF] Handled GetUnreadCountQuery in 65ms
[2026-05-24 13:02:14.334 +07:00 INF] Executed DbCommand (4ms) [Parameters=[@__userId_0='?' (Size = 450)], CommandType='"Text"', CommandTimeout='60']
SELECT COUNT(*)
FROM [Favorites] AS [f]
WHERE [f].[IsDeleted] = CAST(0 AS bit) AND [f].[UserId] = @__userId_0 AND [f].[IsDeleted] = CAST(0 AS bit)
[2026-05-24 13:02:14.334 +07:00 INF] Handled GetUserNotificationsQuery in 63ms
[2026-05-24 13:02:14.335 +07:00 INF] HTTP GET /api/properties/my-listings responded 200 in 89.4749 ms
[2026-05-24 13:02:14.338 +07:00 INF] Executing OkObjectResult, writing value of type 'VietPropEstate.Application.Features.Chat.Queries.GetUnreadCount.UnreadCountResult'.
[2026-05-24 13:02:14.342 +07:00 INF] Handling GetUnreadCountQuery {"UserId":"a0a645a9-1c49-41cc-b5dd-a186ffbd8905","$type":"GetUnreadCountQuery"}
[2026-05-24 13:02:14.343 +07:00 INF] Executing OkObjectResult, writing value of type 'VietPropEstate.Application.Common.Models.PaginatedList`1[[VietPropEstate.Application.Features.Notifications.DTOs.NotificationDto, VietPropEstate.Application, Version=1.0.0.0, Culture=neutral, PublicKeyToken=null]]'.
[2026-05-24 13:02:14.346 +07:00 INF] Request finished HTTP/1.1 GET http://localhost:5198/api/properties/my-listings?pageNumber=1&pageSize=10 - 200 null application/json; charset=utf-8 113.9978ms
[2026-05-24 13:02:14.351 +07:00 INF] Executed action VietPropEstate.WebAPI.Controllers.ConversationsController.GetUnreadCounts (VietPropEstate.WebAPI) in 89.5602ms
[2026-05-24 13:02:14.354 +07:00 INF] Executed DbCommand (1ms) [Parameters=[@__request_UserId_0='?' (Size = 450)], CommandType='"Text"', CommandTimeout='60']
SELECT COALESCE(SUM(CASE
    WHEN [c].[BuyerId] = @__request_UserId_0 THEN [c].[BuyerUnreadCount]
    ELSE [c].[SellerUnreadCount]
END), 0)
FROM [Conversations] AS [c]
WHERE [c].[IsDeleted] = CAST(0 AS bit) AND ([c].[BuyerId] = @__request_UserId_0 OR [c].[SellerId] = @__request_UserId_0) AND [c].[IsDeleted] = CAST(0 AS bit)
[2026-05-24 13:02:14.362 +07:00 INF] Executed endpoint 'VietPropEstate.WebAPI.Controllers.ConversationsController.GetUnreadCounts (VietPropEstate.WebAPI)'
[2026-05-24 13:02:14.366 +07:00 INF] Executed action VietPropEstate.WebAPI.Controllers.NotificationsController.GetNotifications (VietPropEstate.WebAPI) in 97.8233ms
[2026-05-24 13:02:14.367 +07:00 INF] Executed DbCommand (1ms) [Parameters=[@__request_UserId_0='?' (Size = 450)], CommandType='"Text"', CommandTimeout='60']
SELECT COUNT(*)
FROM [Notifications] AS [n]
WHERE [n].[IsDeleted] = CAST(0 AS bit) AND [n].[UserId] = @__request_UserId_0 AND [n].[IsRead] = CAST(0 AS bit) AND [n].[IsDeleted] = CAST(0 AS bit)
[2026-05-24 13:02:14.367 +07:00 INF] HTTP GET /api/conversations/unread responded 200 in 174.2066 ms
[2026-05-24 13:02:14.370 +07:00 INF] Executed endpoint 'VietPropEstate.WebAPI.Controllers.NotificationsController.GetNotifications (VietPropEstate.WebAPI)'
[2026-05-24 13:02:14.373 +07:00 INF] Handled GetUnreadCountQuery in 31ms
[2026-05-24 13:02:14.376 +07:00 INF] Request finished HTTP/1.1 GET http://localhost:5198/api/conversations/unread - 200 null application/json; charset=utf-8 188.1276ms
[2026-05-24 13:02:14.377 +07:00 INF] HTTP GET /api/notifications responded 200 in 153.2100 ms
[2026-05-24 13:02:14.383 +07:00 INF] Executing OkObjectResult, writing value of type 'VietPropEstate.Application.Features.Dashboard.DTOs.DashboardStatsDto'.
[2026-05-24 13:02:14.387 +07:00 INF] Request finished HTTP/1.1 GET http://localhost:5198/api/notifications?pageNumber=1&pageSize=20&unreadOnly=false - 200 null application/json; charset=utf-8 178.0393ms
[2026-05-24 13:02:14.396 +07:00 INF] Executed action VietPropEstate.WebAPI.Controllers.DashboardController.GetStats (VietPropEstate.WebAPI) in 130.5973ms
[2026-05-24 13:02:14.398 +07:00 INF] Executed endpoint 'VietPropEstate.WebAPI.Controllers.DashboardController.GetStats (VietPropEstate.WebAPI)'
[2026-05-24 13:02:14.399 +07:00 INF] HTTP GET /api/dashboard/stats responded 200 in 151.8457 ms
[2026-05-24 13:02:14.402 +07:00 INF] Request finished HTTP/1.1 GET http://localhost:5198/api/dashboard/stats - 200 null application/json; charset=utf-8 164.8628ms
[2026-05-24 13:02:16.447 +07:00 INF] Request starting HTTP/1.1 OPTIONS http://localhost:5198/api/vip-packages/my-subscriptions - null null
[2026-05-24 13:02:16.451 +07:00 INF] CORS policy execution successful.
[2026-05-24 13:02:16.452 +07:00 INF] Request finished HTTP/1.1 OPTIONS http://localhost:5198/api/vip-packages/my-subscriptions - 204 null null 4.8233ms
[2026-05-24 13:02:16.456 +07:00 INF] Request starting HTTP/1.1 GET http://localhost:5198/api/vip-packages/my-subscriptions - null null
[2026-05-24 13:02:16.460 +07:00 INF] CORS policy execution successful.
[2026-05-24 13:02:16.462 +07:00 INF] HTTP GET /api/vip-packages/my-subscriptions responded 404 in 0.6224 ms
[2026-05-24 13:02:16.464 +07:00 INF] Request finished HTTP/1.1 GET http://localhost:5198/api/vip-packages/my-subscriptions - 404 0 null 8.1532ms
[2026-05-24 13:02:16.469 +07:00 INF] Request reached the end of the middleware pipeline without being handled by application code. Request path: GET http://localhost:5198/api/vip-packages/my-subscriptions, Response status code: 404
[2026-05-24 13:02:16.473 +07:00 INF] Request starting HTTP/1.1 OPTIONS http://localhost:5198/api/payments?pageNumber=1&pageSize=20 - null null
[2026-05-24 13:02:16.476 +07:00 INF] CORS policy execution successful.
[2026-05-24 13:02:16.478 +07:00 INF] Request finished HTTP/1.1 OPTIONS http://localhost:5198/api/payments?pageNumber=1&pageSize=20 - 204 null null 5.0378ms
[2026-05-24 13:02:16.482 +07:00 INF] Request starting HTTP/1.1 GET http://localhost:5198/api/payments?pageNumber=1&pageSize=20 - null null
[2026-05-24 13:02:16.486 +07:00 INF] CORS policy execution successful.
[2026-05-24 13:02:16.488 +07:00 INF] Executing endpoint 'VietPropEstate.WebAPI.Controllers.PaymentsController.GetHistory (VietPropEstate.WebAPI)'
[2026-05-24 13:02:16.494 +07:00 INF] Route matched with {action = "GetHistory", controller = "Payments"}. Executing controller action with signature System.Threading.Tasks.Task`1[Microsoft.AspNetCore.Mvc.IActionResult] GetHistory(Int32, Int32, System.Nullable`1[VietPropEstate.Domain.Enums.PaymentStatus], System.Threading.CancellationToken) on controller VietPropEstate.WebAPI.Controllers.PaymentsController (VietPropEstate.WebAPI).
[2026-05-24 13:02:16.500 +07:00 INF] Handling GetPaymentHistoryQuery {"UserId":"a0a645a9-1c49-41cc-b5dd-a186ffbd8905","PageNumber":1,"PageSize":20,"Status":null,"$type":"GetPaymentHistoryQuery"}
[2026-05-24 13:02:16.520 +07:00 INF] Executed DbCommand (3ms) [Parameters=[@__request_UserId_0='?' (Size = 450)], CommandType='"Text"', CommandTimeout='60']
SELECT COUNT(*)
FROM [Payments] AS [p]
WHERE [p].[IsDeleted] = CAST(0 AS bit) AND [p].[UserId] = @__request_UserId_0 AND [p].[IsDeleted] = CAST(0 AS bit)
[2026-05-24 13:02:16.593 +07:00 INF] Executed DbCommand (13ms) [Parameters=[@__request_UserId_0='?' (Size = 450), @__p_1='?' (DbType = Int32), @__p_2='?' (DbType = Int32)], CommandType='"Text"', CommandTimeout='60']
SELECT [p0].[Id], [p0].[BankCode], [p0].[CreatedAt], [p0].[CreatedBy], [p0].[DeletedAt], [p0].[DeletedBy], [p0].[GatewayResponse], [p0].[IpAddress], [p0].[IsDeleted], [p0].[LastModifiedAt], [p0].[LastModifiedBy], [p0].[Notes], [p0].[OrderInfo], [p0].[PaidAt], [p0].[PaymentMethod], [p0].[PaymentReference], [p0].[RowVersion], [p0].[Status], [p0].[TransactionCode], [p0].[UserId], [p0].[UserVIPPackageId], [p0].[VIPPackageId], [p0].[VnpayTransactionId], [p0].[Amount], [p0].[Currency], [u0].[Id], [u0].[CreatedAt], [u0].[CreatedBy], [u0].[DeletedAt], [u0].[DeletedBy], [u0].[EndDate], [u0].[IsActive], [u0].[IsDeleted], [u0].[LastModifiedAt], [u0].[LastModifiedBy], [u0].[RemainingListings], [u0].[RowVersion], [u0].[StartDate], [u0].[UserId], [u0].[VIPPackageId], [v0].[Id], [v0].[CreatedAt], [v0].[CreatedBy], [v0].[DeletedAt], [v0].[DeletedBy], [v0].[Description], [v0].[DurationDays], [v0].[IsActive], [v0].[IsDeleted], [v0].[LastModifiedAt], [v0].[LastModifiedBy], [v0].[MaxListings], [v0].[Name], [v0].[RowVersion], [v0].[PriceAmount], [v0].[PriceCurrency]
FROM (
    SELECT [p].[Id], [p].[BankCode], [p].[CreatedAt], [p].[CreatedBy], [p].[DeletedAt], [p].[DeletedBy], [p].[GatewayResponse], [p].[IpAddress], [p].[IsDeleted], [p].[LastModifiedAt], [p].[LastModifiedBy], [p].[Notes], [p].[OrderInfo], [p].[PaidAt], [p].[PaymentMethod], [p].[PaymentReference], [p].[RowVersion], [p].[Status], [p].[TransactionCode], [p].[UserId], [p].[UserVIPPackageId], [p].[VIPPackageId], [p].[VnpayTransactionId], [p].[Amount], [p].[Currency]
    FROM [Payments] AS [p]
    WHERE [p].[IsDeleted] = CAST(0 AS bit) AND [p].[UserId] = @__request_UserId_0 AND [p].[IsDeleted] = CAST(0 AS bit)
    ORDER BY [p].[CreatedAt] DESC
    OFFSET @__p_1 ROWS FETCH NEXT @__p_2 ROWS ONLY
) AS [p0]
LEFT JOIN (
    SELECT [u].[Id], [u].[CreatedAt], [u].[CreatedBy], [u].[DeletedAt], [u].[DeletedBy], [u].[EndDate], [u].[IsActive], [u].[IsDeleted], [u].[LastModifiedAt], [u].[LastModifiedBy], [u].[RemainingListings], [u].[RowVersion], [u].[StartDate], [u].[UserId], [u].[VIPPackageId]
    FROM [UserVIPPackages] AS [u]
    WHERE [u].[IsDeleted] = CAST(0 AS bit)
) AS [u0] ON [p0].[UserVIPPackageId] = [u0].[Id]
LEFT JOIN (
    SELECT [v].[Id], [v].[CreatedAt], [v].[CreatedBy], [v].[DeletedAt], [v].[DeletedBy], [v].[Description], [v].[DurationDays], [v].[IsActive], [v].[IsDeleted], [v].[LastModifiedAt], [v].[LastModifiedBy], [v].[MaxListings], [v].[Name], [v].[RowVersion], [v].[PriceAmount], [v].[PriceCurrency]
    FROM [VIPPackages] AS [v]
    WHERE [v].[IsDeleted] = CAST(0 AS bit)
) AS [v0] ON [u0].[VIPPackageId] = [v0].[Id]
ORDER BY [p0].[CreatedAt] DESC
[2026-05-24 13:02:16.599 +07:00 INF] Handled GetPaymentHistoryQuery in 99ms
[2026-05-24 13:02:16.601 +07:00 INF] Executing OkObjectResult, writing value of type 'VietPropEstate.Application.Common.Models.PaginatedList`1[[VietPropEstate.Application.Features.Payments.DTOs.PaymentDto, VietPropEstate.Application, Version=1.0.0.0, Culture=neutral, PublicKeyToken=null]]'.
[2026-05-24 13:02:16.611 +07:00 INF] Executed action VietPropEstate.WebAPI.Controllers.PaymentsController.GetHistory (VietPropEstate.WebAPI) in 114.2974ms
[2026-05-24 13:02:16.613 +07:00 INF] Executed endpoint 'VietPropEstate.WebAPI.Controllers.PaymentsController.GetHistory (VietPropEstate.WebAPI)'
[2026-05-24 13:02:16.615 +07:00 INF] HTTP GET /api/payments responded 200 in 127.2527 ms
[2026-05-24 13:02:16.618 +07:00 INF] Request finished HTTP/1.1 GET http://localhost:5198/api/payments?pageNumber=1&pageSize=20 - 200 null application/json; charset=utf-8 135.2415ms
[2026-05-24 13:02:18.571 +07:00 INF] Request starting HTTP/1.1 OPTIONS http://localhost:5198/api/vip-packages - null null
[2026-05-24 13:02:18.575 +07:00 INF] CORS policy execution successful.
[2026-05-24 13:02:18.577 +07:00 INF] Request finished HTTP/1.1 OPTIONS http://localhost:5198/api/vip-packages - 204 null null 5.6599ms
[2026-05-24 13:02:18.582 +07:00 INF] Request starting HTTP/1.1 GET http://localhost:5198/api/vip-packages - null null
[2026-05-24 13:02:18.586 +07:00 INF] CORS policy execution successful.
[2026-05-24 13:02:18.588 +07:00 INF] HTTP GET /api/vip-packages responded 404 in 0.5163 ms
[2026-05-24 13:02:18.590 +07:00 INF] Request finished HTTP/1.1 GET http://localhost:5198/api/vip-packages - 404 0 null 8.3166ms
[2026-05-24 13:02:18.595 +07:00 INF] Request reached the end of the middleware pipeline without being handled by application code. Request path: GET http://localhost:5198/api/vip-packages, Response status code: 404
[2026-05-24 13:02:18.598 +07:00 INF] Request starting HTTP/1.1 GET http://localhost:5198/api/vip-packages/my-subscriptions - null null
[2026-05-24 13:02:18.603 +07:00 INF] CORS policy execution successful.
[2026-05-24 13:02:18.604 +07:00 INF] HTTP GET /api/vip-packages/my-subscriptions responded 404 in 0.3560 ms
[2026-05-24 13:02:18.607 +07:00 INF] Request finished HTTP/1.1 GET http://localhost:5198/api/vip-packages/my-subscriptions - 404 0 null 9.4183ms
[2026-05-24 13:02:18.612 +07:00 INF] Request reached the end of the middleware pipeline without being handled by application code. Request path: GET http://localhost:5198/api/vip-packages/my-subscriptions, Response status code: 404
[2026-05-24 13:02:23.734 +07:00 INF] Request starting HTTP/1.1 OPTIONS http://localhost:5198/api/auth/me - null null
[2026-05-24 13:02:23.737 +07:00 INF] CORS policy execution successful.
[2026-05-24 13:02:23.738 +07:00 INF] Request finished HTTP/1.1 OPTIONS http://localhost:5198/api/auth/me - 204 null null 4.6253ms
[2026-05-24 13:02:23.743 +07:00 INF] Request starting HTTP/1.1 GET http://localhost:5198/api/auth/me - null null
[2026-05-24 13:02:23.747 +07:00 INF] CORS policy execution successful.
[2026-05-24 13:02:23.749 +07:00 INF] Executing endpoint 'VietPropEstate.WebAPI.Controllers.AuthController.GetProfile (VietPropEstate.WebAPI)'
[2026-05-24 13:02:23.754 +07:00 INF] Route matched with {action = "GetProfile", controller = "Auth"}. Executing controller action with signature System.Threading.Tasks.Task`1[Microsoft.AspNetCore.Mvc.IActionResult] GetProfile(System.Threading.CancellationToken) on controller VietPropEstate.WebAPI.Controllers.AuthController (VietPropEstate.WebAPI).
[2026-05-24 13:02:23.788 +07:00 INF] Executed DbCommand (2ms) [Parameters=[@__p_0='?' (Size = 450)], CommandType='"Text"', CommandTimeout='60']
SELECT TOP(1) [a].[Id], [a].[AccessFailedCount], [a].[AddressLine], [a].[AvatarUrl], [a].[ConcurrencyStamp], [a].[CreatedAt], [a].[Email], [a].[EmailConfirmed], [a].[FirstName], [a].[IsActive], [a].[LastLoginAt], [a].[LastName], [a].[LockoutEnabled], [a].[LockoutEnd], [a].[NormalizedEmail], [a].[NormalizedUserName], [a].[PasswordHash], [a].[PhoneNumber], [a].[PhoneNumberConfirmed], [a].[ProvinceCode], [a].[ProvinceName], [a].[SecurityStamp], [a].[TwoFactorEnabled], [a].[UserName], [a].[WardCode], [a].[WardName]
FROM [AspNetUsers] AS [a]
WHERE [a].[Id] = @__p_0
[2026-05-24 13:02:23.793 +07:00 INF] Executed DbCommand (0ms) [Parameters=[@__userId_0='?' (Size = 450)], CommandType='"Text"', CommandTimeout='60']
SELECT [a0].[Name]
FROM [AspNetUserRoles] AS [a]
INNER JOIN [AspNetRoles] AS [a0] ON [a].[RoleId] = [a0].[Id]
WHERE [a].[UserId] = @__userId_0
[2026-05-24 13:02:23.799 +07:00 INF] Executing OkObjectResult, writing value of type 'VietPropEstate.Application.Features.Auth.DTOs.UserProfileDto'.
[2026-05-24 13:02:23.806 +07:00 INF] Executed action VietPropEstate.WebAPI.Controllers.AuthController.GetProfile (VietPropEstate.WebAPI) in 48.6563ms
[2026-05-24 13:02:23.808 +07:00 INF] Executed endpoint 'VietPropEstate.WebAPI.Controllers.AuthController.GetProfile (VietPropEstate.WebAPI)'
[2026-05-24 13:02:23.810 +07:00 INF] HTTP GET /api/auth/me responded 200 in 60.7052 ms
[2026-05-24 13:02:23.812 +07:00 INF] Request finished HTTP/1.1 GET http://localhost:5198/api/auth/me - 200 null application/json; charset=utf-8 69.7096ms
[2026-05-24 13:02:24.528 +07:00 INF] Request starting HTTP/1.1 OPTIONS http://localhost:5198/api/vip-packages/my-subscriptions - null null
[2026-05-24 13:02:24.532 +07:00 INF] CORS policy execution successful.
[2026-05-24 13:02:24.533 +07:00 INF] Request finished HTTP/1.1 OPTIONS http://localhost:5198/api/vip-packages/my-subscriptions - 204 null null 5.3078ms
[2026-05-24 13:02:24.538 +07:00 INF] Request starting HTTP/1.1 GET http://localhost:5198/api/vip-packages/my-subscriptions - null null
[2026-05-24 13:02:24.541 +07:00 INF] CORS policy execution successful.
[2026-05-24 13:02:24.543 +07:00 INF] HTTP GET /api/vip-packages/my-subscriptions responded 404 in 0.5159 ms
[2026-05-24 13:02:24.546 +07:00 INF] Request finished HTTP/1.1 GET http://localhost:5198/api/vip-packages/my-subscriptions - 404 0 null 8.8436ms
[2026-05-24 13:02:24.551 +07:00 INF] Request reached the end of the middleware pipeline without being handled by application code. Request path: GET http://localhost:5198/api/vip-packages/my-subscriptions, Response status code: 404
[2026-05-24 13:02:24.554 +07:00 INF] Request starting HTTP/1.1 OPTIONS http://localhost:5198/api/payments?pageNumber=1&pageSize=20 - null null
[2026-05-24 13:02:24.558 +07:00 INF] CORS policy execution successful.
[2026-05-24 13:02:24.559 +07:00 INF] Request finished HTTP/1.1 OPTIONS http://localhost:5198/api/payments?pageNumber=1&pageSize=20 - 204 null null 4.6347ms
[2026-05-24 13:02:24.564 +07:00 INF] Request starting HTTP/1.1 GET http://localhost:5198/api/payments?pageNumber=1&pageSize=20 - null null
[2026-05-24 13:02:24.568 +07:00 INF] CORS policy execution successful.
[2026-05-24 13:02:24.569 +07:00 INF] Executing endpoint 'VietPropEstate.WebAPI.Controllers.PaymentsController.GetHistory (VietPropEstate.WebAPI)'
[2026-05-24 13:02:24.571 +07:00 INF] Route matched with {action = "GetHistory", controller = "Payments"}. Executing controller action with signature System.Threading.Tasks.Task`1[Microsoft.AspNetCore.Mvc.IActionResult] GetHistory(Int32, Int32, System.Nullable`1[VietPropEstate.Domain.Enums.PaymentStatus], System.Threading.CancellationToken) on controller VietPropEstate.WebAPI.Controllers.PaymentsController (VietPropEstate.WebAPI).
[2026-05-24 13:02:24.576 +07:00 INF] Handling GetPaymentHistoryQuery {"UserId":"a0a645a9-1c49-41cc-b5dd-a186ffbd8905","PageNumber":1,"PageSize":20,"Status":null,"$type":"GetPaymentHistoryQuery"}
[2026-05-24 13:02:24.585 +07:00 INF] Executed DbCommand (1ms) [Parameters=[@__request_UserId_0='?' (Size = 450)], CommandType='"Text"', CommandTimeout='60']
SELECT COUNT(*)
FROM [Payments] AS [p]
WHERE [p].[IsDeleted] = CAST(0 AS bit) AND [p].[UserId] = @__request_UserId_0 AND [p].[IsDeleted] = CAST(0 AS bit)
[2026-05-24 13:02:24.590 +07:00 INF] Executed DbCommand (0ms) [Parameters=[@__request_UserId_0='?' (Size = 450), @__p_1='?' (DbType = Int32), @__p_2='?' (DbType = Int32)], CommandType='"Text"', CommandTimeout='60']
SELECT [p0].[Id], [p0].[BankCode], [p0].[CreatedAt], [p0].[CreatedBy], [p0].[DeletedAt], [p0].[DeletedBy], [p0].[GatewayResponse], [p0].[IpAddress], [p0].[IsDeleted], [p0].[LastModifiedAt], [p0].[LastModifiedBy], [p0].[Notes], [p0].[OrderInfo], [p0].[PaidAt], [p0].[PaymentMethod], [p0].[PaymentReference], [p0].[RowVersion], [p0].[Status], [p0].[TransactionCode], [p0].[UserId], [p0].[UserVIPPackageId], [p0].[VIPPackageId], [p0].[VnpayTransactionId], [p0].[Amount], [p0].[Currency], [u0].[Id], [u0].[CreatedAt], [u0].[CreatedBy], [u0].[DeletedAt], [u0].[DeletedBy], [u0].[EndDate], [u0].[IsActive], [u0].[IsDeleted], [u0].[LastModifiedAt], [u0].[LastModifiedBy], [u0].[RemainingListings], [u0].[RowVersion], [u0].[StartDate], [u0].[UserId], [u0].[VIPPackageId], [v0].[Id], [v0].[CreatedAt], [v0].[CreatedBy], [v0].[DeletedAt], [v0].[DeletedBy], [v0].[Description], [v0].[DurationDays], [v0].[IsActive], [v0].[IsDeleted], [v0].[LastModifiedAt], [v0].[LastModifiedBy], [v0].[MaxListings], [v0].[Name], [v0].[RowVersion], [v0].[PriceAmount], [v0].[PriceCurrency]
FROM (
    SELECT [p].[Id], [p].[BankCode], [p].[CreatedAt], [p].[CreatedBy], [p].[DeletedAt], [p].[DeletedBy], [p].[GatewayResponse], [p].[IpAddress], [p].[IsDeleted], [p].[LastModifiedAt], [p].[LastModifiedBy], [p].[Notes], [p].[OrderInfo], [p].[PaidAt], [p].[PaymentMethod], [p].[PaymentReference], [p].[RowVersion], [p].[Status], [p].[TransactionCode], [p].[UserId], [p].[UserVIPPackageId], [p].[VIPPackageId], [p].[VnpayTransactionId], [p].[Amount], [p].[Currency]
    FROM [Payments] AS [p]
    WHERE [p].[IsDeleted] = CAST(0 AS bit) AND [p].[UserId] = @__request_UserId_0 AND [p].[IsDeleted] = CAST(0 AS bit)
    ORDER BY [p].[CreatedAt] DESC
    OFFSET @__p_1 ROWS FETCH NEXT @__p_2 ROWS ONLY
) AS [p0]
LEFT JOIN (
    SELECT [u].[Id], [u].[CreatedAt], [u].[CreatedBy], [u].[DeletedAt], [u].[DeletedBy], [u].[EndDate], [u].[IsActive], [u].[IsDeleted], [u].[LastModifiedAt], [u].[LastModifiedBy], [u].[RemainingListings], [u].[RowVersion], [u].[StartDate], [u].[UserId], [u].[VIPPackageId]
    FROM [UserVIPPackages] AS [u]
    WHERE [u].[IsDeleted] = CAST(0 AS bit)
) AS [u0] ON [p0].[UserVIPPackageId] = [u0].[Id]
LEFT JOIN (
    SELECT [v].[Id], [v].[CreatedAt], [v].[CreatedBy], [v].[DeletedAt], [v].[DeletedBy], [v].[Description], [v].[DurationDays], [v].[IsActive], [v].[IsDeleted], [v].[LastModifiedAt], [v].[LastModifiedBy], [v].[MaxListings], [v].[Name], [v].[RowVersion], [v].[PriceAmount], [v].[PriceCurrency]
    FROM [VIPPackages] AS [v]
    WHERE [v].[IsDeleted] = CAST(0 AS bit)
) AS [v0] ON [u0].[VIPPackageId] = [v0].[Id]
ORDER BY [p0].[CreatedAt] DESC
[2026-05-24 13:02:24.595 +07:00 INF] Handled GetPaymentHistoryQuery in 19ms
[2026-05-24 13:02:24.597 +07:00 INF] Executing OkObjectResult, writing value of type 'VietPropEstate.Application.Common.Models.PaginatedList`1[[VietPropEstate.Application.Features.Payments.DTOs.PaymentDto, VietPropEstate.Application, Version=1.0.0.0, Culture=neutral, PublicKeyToken=null]]'.
[2026-05-24 13:02:24.600 +07:00 INF] Executed action VietPropEstate.WebAPI.Controllers.PaymentsController.GetHistory (VietPropEstate.WebAPI) in 26.0675ms
[2026-05-24 13:02:24.602 +07:00 INF] Executed endpoint 'VietPropEstate.WebAPI.Controllers.PaymentsController.GetHistory (VietPropEstate.WebAPI)'
[2026-05-24 13:02:24.604 +07:00 INF] HTTP GET /api/payments responded 200 in 34.8532 ms
[2026-05-24 13:02:24.606 +07:00 INF] Request finished HTTP/1.1 GET http://localhost:5198/api/payments?pageNumber=1&pageSize=20 - 200 null application/json; charset=utf-8 42.5336ms
[2026-05-24 13:02:27.192 +07:00 INF] Request starting HTTP/1.1 OPTIONS http://localhost:5198/api/vip-packages - null null
[2026-05-24 13:02:27.196 +07:00 INF] CORS policy execution successful.
[2026-05-24 13:02:27.197 +07:00 INF] Request finished HTTP/1.1 OPTIONS http://localhost:5198/api/vip-packages - 204 null null 5.1421ms
[2026-05-24 13:02:27.202 +07:00 INF] Request starting HTTP/1.1 GET http://localhost:5198/api/vip-packages - null null
[2026-05-24 13:02:27.206 +07:00 INF] CORS policy execution successful.
[2026-05-24 13:02:27.208 +07:00 INF] HTTP GET /api/vip-packages responded 404 in 0.4217 ms
[2026-05-24 13:02:27.211 +07:00 INF] Request finished HTTP/1.1 GET http://localhost:5198/api/vip-packages - 404 0 null 8.5382ms
[2026-05-24 13:02:27.216 +07:00 INF] Request reached the end of the middleware pipeline without being handled by application code. Request path: GET http://localhost:5198/api/vip-packages, Response status code: 404
[2026-05-24 13:02:27.218 +07:00 INF] Request starting HTTP/1.1 GET http://localhost:5198/api/vip-packages/my-subscriptions - null null
[2026-05-24 13:02:27.222 +07:00 INF] CORS policy execution successful.
[2026-05-24 13:02:27.224 +07:00 INF] HTTP GET /api/vip-packages/my-subscriptions responded 404 in 0.3235 ms
[2026-05-24 13:02:27.227 +07:00 INF] Request finished HTTP/1.1 GET http://localhost:5198/api/vip-packages/my-subscriptions - 404 0 null 8.5684ms
[2026-05-24 13:02:27.232 +07:00 INF] Request reached the end of the middleware pipeline without being handled by application code. Request path: GET http://localhost:5198/api/vip-packages/my-subscriptions, Response status code: 404
[2026-05-24 13:02:58.759 +07:00 INF] Application is shutting down...
[2026-05-24 13:05:53.107 +07:00 INF] Swagger UI: /swagger
[2026-05-24 13:05:53.804 +07:00 WRN] Entity 'Property' has a global query filter defined and is the required end of a relationship with the entity 'PropertyView'. This may lead to unexpected results when the required entity is filtered out. Either configure the navigation as optional, or define matching query filters for both entities in the navigation. See https://go.microsoft.com/fwlink/?linkid=2131316 for more information.
[2026-05-24 13:05:54.383 +07:00 INF] Executed DbCommand (17ms) [Parameters=[], CommandType='"Text"', CommandTimeout='60']
SELECT 1
[2026-05-24 13:05:54.412 +07:00 INF] Executed DbCommand (17ms) [Parameters=[], CommandType='"Text"', CommandTimeout='60']
DECLARE @result int;
EXEC @result = sp_getapplock @Resource = '__EFMigrationsLock', @LockOwner = 'Session', @LockMode = 'Exclusive';
SELECT @result
[2026-05-24 13:05:54.462 +07:00 INF] Executed DbCommand (2ms) [Parameters=[], CommandType='"Text"', CommandTimeout='60']
IF OBJECT_ID(N'[__EFMigrationsHistory]') IS NULL
BEGIN
    CREATE TABLE [__EFMigrationsHistory] (
        [MigrationId] nvarchar(150) NOT NULL,
        [ProductVersion] nvarchar(32) NOT NULL,
        CONSTRAINT [PK___EFMigrationsHistory] PRIMARY KEY ([MigrationId])
    );
END;
[2026-05-24 13:05:54.476 +07:00 INF] Executed DbCommand (0ms) [Parameters=[], CommandType='"Text"', CommandTimeout='60']
SELECT 1
[2026-05-24 13:05:54.477 +07:00 INF] Executed DbCommand (0ms) [Parameters=[], CommandType='"Text"', CommandTimeout='60']
SELECT OBJECT_ID(N'[__EFMigrationsHistory]');
[2026-05-24 13:05:54.481 +07:00 INF] Executed DbCommand (2ms) [Parameters=[], CommandType='"Text"', CommandTimeout='60']
SELECT [MigrationId], [ProductVersion]
FROM [__EFMigrationsHistory]
ORDER BY [MigrationId];
[2026-05-24 13:05:54.491 +07:00 INF] Executed DbCommand (2ms) [Parameters=[], CommandType='"Text"', CommandTimeout='60']
DECLARE @result int;
EXEC @result = sp_releaseapplock @Resource = '__EFMigrationsLock', @LockOwner = 'Session';
SELECT @result
[2026-05-24 13:05:54.509 +07:00 INF] User profile is available. Using 'C:\Users\Le Quoc Khanh\AppData\Local\ASP.NET\DataProtection-Keys' as key repository and Windows DPAPI to encrypt keys at rest.
[2026-05-24 13:05:54.713 +07:00 INF] Executed DbCommand (12ms) [Parameters=[@__normalizedName_0='?' (Size = 256)], CommandType='"Text"', CommandTimeout='60']
SELECT TOP(1) [a].[Id], [a].[ConcurrencyStamp], [a].[Name], [a].[NormalizedName]
FROM [AspNetRoles] AS [a]
WHERE [a].[NormalizedName] = @__normalizedName_0
[2026-05-24 13:05:54.744 +07:00 INF] Executed DbCommand (0ms) [Parameters=[@__normalizedName_0='?' (Size = 256)], CommandType='"Text"', CommandTimeout='60']
SELECT TOP(1) [a].[Id], [a].[ConcurrencyStamp], [a].[Name], [a].[NormalizedName]
FROM [AspNetRoles] AS [a]
WHERE [a].[NormalizedName] = @__normalizedName_0
[2026-05-24 13:05:54.745 +07:00 INF] Executed DbCommand (0ms) [Parameters=[@__normalizedName_0='?' (Size = 256)], CommandType='"Text"', CommandTimeout='60']
SELECT TOP(1) [a].[Id], [a].[ConcurrencyStamp], [a].[Name], [a].[NormalizedName]
FROM [AspNetRoles] AS [a]
WHERE [a].[NormalizedName] = @__normalizedName_0
[2026-05-24 13:05:54.746 +07:00 INF] Executed DbCommand (0ms) [Parameters=[@__normalizedName_0='?' (Size = 256)], CommandType='"Text"', CommandTimeout='60']
SELECT TOP(1) [a].[Id], [a].[ConcurrencyStamp], [a].[Name], [a].[NormalizedName]
FROM [AspNetRoles] AS [a]
WHERE [a].[NormalizedName] = @__normalizedName_0
[2026-05-24 13:05:54.766 +07:00 INF] Executed DbCommand (4ms) [Parameters=[@__normalizedEmail_0='?' (Size = 256)], CommandType='"Text"', CommandTimeout='60']
SELECT TOP(2) [a].[Id], [a].[AccessFailedCount], [a].[AddressLine], [a].[AvatarUrl], [a].[ConcurrencyStamp], [a].[CreatedAt], [a].[Email], [a].[EmailConfirmed], [a].[FirstName], [a].[IsActive], [a].[LastLoginAt], [a].[LastName], [a].[LockoutEnabled], [a].[LockoutEnd], [a].[NormalizedEmail], [a].[NormalizedUserName], [a].[PasswordHash], [a].[PhoneNumber], [a].[PhoneNumberConfirmed], [a].[ProvinceCode], [a].[ProvinceName], [a].[SecurityStamp], [a].[TwoFactorEnabled], [a].[UserName], [a].[WardCode], [a].[WardName]
FROM [AspNetUsers] AS [a]
WHERE [a].[NormalizedEmail] = @__normalizedEmail_0
[2026-05-24 13:05:54.811 +07:00 INF] Executed DbCommand (2ms) [Parameters=[@__normalizedRoleName_0='?' (Size = 256)], CommandType='"Text"', CommandTimeout='60']
SELECT TOP(2) [a].[Id], [a].[ConcurrencyStamp], [a].[Name], [a].[NormalizedName]
FROM [AspNetRoles] AS [a]
WHERE [a].[NormalizedName] = @__normalizedRoleName_0
[2026-05-24 13:05:54.836 +07:00 INF] Executed DbCommand (3ms) [Parameters=[@__p_0='?' (Size = 450), @__p_1='?' (Size = 450)], CommandType='"Text"', CommandTimeout='60']
SELECT TOP(1) [a].[UserId], [a].[RoleId]
FROM [AspNetUserRoles] AS [a]
WHERE [a].[UserId] = @__p_0 AND [a].[RoleId] = @__p_1
[2026-05-24 13:05:54.892 +07:00 INF] Admin account verified: admin@vietpropestate.vn, confirmed=true, active=true.
[2026-05-24 13:05:54.981 +07:00 INF] Executed DbCommand (3ms) [Parameters=[], CommandType='"Text"', CommandTimeout='60']
SELECT CASE
    WHEN EXISTS (
        SELECT 1
        FROM [Provinces] AS [p]) THEN CAST(1 AS bit)
    ELSE CAST(0 AS bit)
END
[2026-05-24 13:05:54.982 +07:00 INF] Vietnam address data already seeded. Skipping.
[2026-05-24 13:05:54.989 +07:00 INF] Executed DbCommand (1ms) [Parameters=[@__normalizedEmail_0='?' (Size = 256)], CommandType='"Text"', CommandTimeout='60']
SELECT TOP(2) [a].[Id], [a].[AccessFailedCount], [a].[AddressLine], [a].[AvatarUrl], [a].[ConcurrencyStamp], [a].[CreatedAt], [a].[Email], [a].[EmailConfirmed], [a].[FirstName], [a].[IsActive], [a].[LastLoginAt], [a].[LastName], [a].[LockoutEnabled], [a].[LockoutEnd], [a].[NormalizedEmail], [a].[NormalizedUserName], [a].[PasswordHash], [a].[PhoneNumber], [a].[PhoneNumberConfirmed], [a].[ProvinceCode], [a].[ProvinceName], [a].[SecurityStamp], [a].[TwoFactorEnabled], [a].[UserName], [a].[WardCode], [a].[WardName]
FROM [AspNetUsers] AS [a]
WHERE [a].[NormalizedEmail] = @__normalizedEmail_0
[2026-05-24 13:05:54.990 +07:00 INF] Executed DbCommand (0ms) [Parameters=[@__normalizedRoleName_0='?' (Size = 256)], CommandType='"Text"', CommandTimeout='60']
SELECT TOP(2) [a].[Id], [a].[ConcurrencyStamp], [a].[Name], [a].[NormalizedName]
FROM [AspNetRoles] AS [a]
WHERE [a].[NormalizedName] = @__normalizedRoleName_0
[2026-05-24 13:05:54.991 +07:00 INF] Executed DbCommand (0ms) [Parameters=[@__p_0='?' (Size = 450), @__p_1='?' (Size = 450)], CommandType='"Text"', CommandTimeout='60']
SELECT TOP(1) [a].[UserId], [a].[RoleId]
FROM [AspNetUserRoles] AS [a]
WHERE [a].[UserId] = @__p_0 AND [a].[RoleId] = @__p_1
[2026-05-24 13:05:54.992 +07:00 INF] Executed DbCommand (0ms) [Parameters=[@__normalizedEmail_0='?' (Size = 256)], CommandType='"Text"', CommandTimeout='60']
SELECT TOP(2) [a].[Id], [a].[AccessFailedCount], [a].[AddressLine], [a].[AvatarUrl], [a].[ConcurrencyStamp], [a].[CreatedAt], [a].[Email], [a].[EmailConfirmed], [a].[FirstName], [a].[IsActive], [a].[LastLoginAt], [a].[LastName], [a].[LockoutEnabled], [a].[LockoutEnd], [a].[NormalizedEmail], [a].[NormalizedUserName], [a].[PasswordHash], [a].[PhoneNumber], [a].[PhoneNumberConfirmed], [a].[ProvinceCode], [a].[ProvinceName], [a].[SecurityStamp], [a].[TwoFactorEnabled], [a].[UserName], [a].[WardCode], [a].[WardName]
FROM [AspNetUsers] AS [a]
WHERE [a].[NormalizedEmail] = @__normalizedEmail_0
[2026-05-24 13:05:54.994 +07:00 INF] Executed DbCommand (0ms) [Parameters=[@__normalizedRoleName_0='?' (Size = 256)], CommandType='"Text"', CommandTimeout='60']
SELECT TOP(2) [a].[Id], [a].[ConcurrencyStamp], [a].[Name], [a].[NormalizedName]
FROM [AspNetRoles] AS [a]
WHERE [a].[NormalizedName] = @__normalizedRoleName_0
[2026-05-24 13:05:54.995 +07:00 INF] Executed DbCommand (0ms) [Parameters=[@__p_0='?' (Size = 450), @__p_1='?' (Size = 450)], CommandType='"Text"', CommandTimeout='60']
SELECT TOP(1) [a].[UserId], [a].[RoleId]
FROM [AspNetUserRoles] AS [a]
WHERE [a].[UserId] = @__p_0 AND [a].[RoleId] = @__p_1
[2026-05-24 13:05:54.995 +07:00 INF] Executed DbCommand (0ms) [Parameters=[@__normalizedEmail_0='?' (Size = 256)], CommandType='"Text"', CommandTimeout='60']
SELECT TOP(2) [a].[Id], [a].[AccessFailedCount], [a].[AddressLine], [a].[AvatarUrl], [a].[ConcurrencyStamp], [a].[CreatedAt], [a].[Email], [a].[EmailConfirmed], [a].[FirstName], [a].[IsActive], [a].[LastLoginAt], [a].[LastName], [a].[LockoutEnabled], [a].[LockoutEnd], [a].[NormalizedEmail], [a].[NormalizedUserName], [a].[PasswordHash], [a].[PhoneNumber], [a].[PhoneNumberConfirmed], [a].[ProvinceCode], [a].[ProvinceName], [a].[SecurityStamp], [a].[TwoFactorEnabled], [a].[UserName], [a].[WardCode], [a].[WardName]
FROM [AspNetUsers] AS [a]
WHERE [a].[NormalizedEmail] = @__normalizedEmail_0
[2026-05-24 13:05:54.996 +07:00 INF] Executed DbCommand (0ms) [Parameters=[@__normalizedRoleName_0='?' (Size = 256)], CommandType='"Text"', CommandTimeout='60']
SELECT TOP(2) [a].[Id], [a].[ConcurrencyStamp], [a].[Name], [a].[NormalizedName]
FROM [AspNetRoles] AS [a]
WHERE [a].[NormalizedName] = @__normalizedRoleName_0
[2026-05-24 13:05:54.996 +07:00 INF] Executed DbCommand (0ms) [Parameters=[@__p_0='?' (Size = 450), @__p_1='?' (Size = 450)], CommandType='"Text"', CommandTimeout='60']
SELECT TOP(1) [a].[UserId], [a].[RoleId]
FROM [AspNetUserRoles] AS [a]
WHERE [a].[UserId] = @__p_0 AND [a].[RoleId] = @__p_1
[2026-05-24 13:05:54.997 +07:00 INF] Executed DbCommand (0ms) [Parameters=[@__normalizedEmail_0='?' (Size = 256)], CommandType='"Text"', CommandTimeout='60']
SELECT TOP(2) [a].[Id], [a].[AccessFailedCount], [a].[AddressLine], [a].[AvatarUrl], [a].[ConcurrencyStamp], [a].[CreatedAt], [a].[Email], [a].[EmailConfirmed], [a].[FirstName], [a].[IsActive], [a].[LastLoginAt], [a].[LastName], [a].[LockoutEnabled], [a].[LockoutEnd], [a].[NormalizedEmail], [a].[NormalizedUserName], [a].[PasswordHash], [a].[PhoneNumber], [a].[PhoneNumberConfirmed], [a].[ProvinceCode], [a].[ProvinceName], [a].[SecurityStamp], [a].[TwoFactorEnabled], [a].[UserName], [a].[WardCode], [a].[WardName]
FROM [AspNetUsers] AS [a]
WHERE [a].[NormalizedEmail] = @__normalizedEmail_0
[2026-05-24 13:05:55.014 +07:00 INF] Executed DbCommand (3ms) [Parameters=[@__user_Id_0='?' (Size = 450)], CommandType='"Text"', CommandTimeout='60']
SELECT TOP(1) [a].[Id], [a].[AgencyName], [a].[AvatarUrl], [a].[Bio], [a].[CreatedAt], [a].[CreatedBy], [a].[DeletedAt], [a].[DeletedBy], [a].[Email], [a].[FullName], [a].[IsActive], [a].[IsDeleted], [a].[LastModifiedAt], [a].[LastModifiedBy], [a].[LicenseNumber], [a].[PhoneNumber], [a].[RowVersion], [a].[UserId]
FROM [Agents] AS [a]
WHERE [a].[IsDeleted] = CAST(0 AS bit) AND [a].[UserId] = @__user_Id_0 AND [a].[IsDeleted] = CAST(0 AS bit)
[2026-05-24 13:05:55.038 +07:00 INF] Executed DbCommand (0ms) [Parameters=[@__user_Id_0='?' (Size = 450)], CommandType='"Text"', CommandTimeout='60']
SELECT TOP(1) [a].[Id], [a].[AgencyName], [a].[AvatarUrl], [a].[Bio], [a].[CreatedAt], [a].[CreatedBy], [a].[DeletedAt], [a].[DeletedBy], [a].[Email], [a].[FullName], [a].[IsActive], [a].[IsDeleted], [a].[LastModifiedAt], [a].[LastModifiedBy], [a].[LicenseNumber], [a].[PhoneNumber], [a].[RowVersion], [a].[UserId]
FROM [Agents] AS [a]
WHERE [a].[IsDeleted] = CAST(0 AS bit) AND [a].[UserId] = @__user_Id_0 AND [a].[IsDeleted] = CAST(0 AS bit)
[2026-05-24 13:05:55.048 +07:00 INF] Executed DbCommand (6ms) [Parameters=[], CommandType='"Text"', CommandTimeout='60']
SELECT CASE
    WHEN EXISTS (
        SELECT 1
        FROM [Properties] AS [p]
        WHERE [p].[IsDeleted] = CAST(0 AS bit) AND [p].[Title] = N'Căn hộ 2PN cao cấp Vinhomes Central Park') THEN CAST(1 AS bit)
    ELSE CAST(0 AS bit)
END
[2026-05-24 13:05:55.049 +07:00 INF] Core test data already present ('Căn hộ 2PN cao cấp Vinhomes Central Park'). Skipping.
[2026-05-24 13:05:55.053 +07:00 INF] Executed DbCommand (2ms) [Parameters=[], CommandType='"Text"', CommandTimeout='60']
SELECT CASE
    WHEN EXISTS (
        SELECT 1
        FROM [Properties] AS [p]
        WHERE [p].[IsDeleted] = CAST(0 AS bit) AND [p].[Title] = N'Penthouse Landmark 81 view toàn cảnh Sài Gòn') THEN CAST(1 AS bit)
    ELSE CAST(0 AS bit)
END
[2026-05-24 13:05:55.054 +07:00 INF] Regional demo data already present ('Penthouse Landmark 81 view toàn cảnh Sài Gòn'). Skipping.
[2026-05-24 13:05:55.105 +07:00 INF] Now listening on: http://localhost:5198
[2026-05-24 13:05:55.105 +07:00 INF] Application started. Press Ctrl+C to shut down.
[2026-05-24 13:05:55.105 +07:00 INF] Hosting environment: Development
[2026-05-24 13:05:55.105 +07:00 INF] Content root path: C:\Dev\VietPropEstate\src\VietPropEstate.WebAPI
[2026-05-24 13:05:59.228 +07:00 INF] Request starting HTTP/1.1 GET http://localhost:5198/api/vip-packages - null null
[2026-05-24 13:05:59.275 +07:00 WRN] Failed to determine the https port for redirect.
[2026-05-24 13:05:59.301 +07:00 INF] Executing endpoint 'VietPropEstate.WebAPI.Controllers.VipPackagesController.GetPackages (VietPropEstate.WebAPI)'
[2026-05-24 13:05:59.310 +07:00 INF] Route matched with {action = "GetPackages", controller = "VipPackages"}. Executing controller action with signature System.Threading.Tasks.Task`1[Microsoft.AspNetCore.Mvc.IActionResult] GetPackages(System.Threading.CancellationToken) on controller VietPropEstate.WebAPI.Controllers.VipPackagesController (VietPropEstate.WebAPI).
[2026-05-24 13:05:59.319 +07:00 INF] Handling GetVipPackagesQuery {"$type":"GetVipPackagesQuery"}
[2026-05-24 13:05:59.356 +07:00 INF] Executed DbCommand (9ms) [Parameters=[], CommandType='"Text"', CommandTimeout='60']
SELECT [v].[Id], [v].[Name], [v].[Description], [v].[PriceAmount] AS [Price], [v].[PriceCurrency] AS [Currency], [v].[DurationDays], [v].[MaxListings], [v].[IsActive]
FROM [VIPPackages] AS [v]
WHERE [v].[IsDeleted] = CAST(0 AS bit) AND [v].[IsActive] = CAST(1 AS bit) AND [v].[IsDeleted] = CAST(0 AS bit)
ORDER BY [v].[PriceAmount]
[2026-05-24 13:05:59.391 +07:00 INF] Handled GetVipPackagesQuery in 73ms
[2026-05-24 13:05:59.394 +07:00 INF] Executing OkObjectResult, writing value of type 'System.Collections.Generic.List`1[[VietPropEstate.Application.Features.Payments.DTOs.VIPPackageDto, VietPropEstate.Application, Version=1.0.0.0, Culture=neutral, PublicKeyToken=null]]'.
[2026-05-24 13:05:59.401 +07:00 INF] Executed action VietPropEstate.WebAPI.Controllers.VipPackagesController.GetPackages (VietPropEstate.WebAPI) in 88.8472ms
[2026-05-24 13:05:59.404 +07:00 INF] Executed endpoint 'VietPropEstate.WebAPI.Controllers.VipPackagesController.GetPackages (VietPropEstate.WebAPI)'
[2026-05-24 13:05:59.406 +07:00 INF] HTTP GET /api/vip-packages responded 200 in 126.7735 ms
[2026-05-24 13:05:59.408 +07:00 INF] Request finished HTTP/1.1 GET http://localhost:5198/api/vip-packages - 200 null application/json; charset=utf-8 180.9548ms
[2026-05-24 13:06:56.889 +07:00 INF] Request starting HTTP/1.1 OPTIONS http://localhost:5198/api/auth/me - null null
[2026-05-24 13:06:56.894 +07:00 INF] CORS policy execution successful.
[2026-05-24 13:06:56.897 +07:00 INF] Request finished HTTP/1.1 OPTIONS http://localhost:5198/api/auth/me - 204 null null 7.9306ms
[2026-05-24 13:06:56.899 +07:00 INF] Request starting HTTP/1.1 GET http://localhost:5198/api/auth/me - null null
[2026-05-24 13:06:56.903 +07:00 INF] CORS policy execution successful.
[2026-05-24 13:06:56.966 +07:00 INF] Executing endpoint 'VietPropEstate.WebAPI.Controllers.AuthController.GetProfile (VietPropEstate.WebAPI)'
[2026-05-24 13:06:56.973 +07:00 INF] Route matched with {action = "GetProfile", controller = "Auth"}. Executing controller action with signature System.Threading.Tasks.Task`1[Microsoft.AspNetCore.Mvc.IActionResult] GetProfile(System.Threading.CancellationToken) on controller VietPropEstate.WebAPI.Controllers.AuthController (VietPropEstate.WebAPI).
[2026-05-24 13:06:57.017 +07:00 INF] Executed DbCommand (1ms) [Parameters=[@__p_0='?' (Size = 450)], CommandType='"Text"', CommandTimeout='60']
SELECT TOP(1) [a].[Id], [a].[AccessFailedCount], [a].[AddressLine], [a].[AvatarUrl], [a].[ConcurrencyStamp], [a].[CreatedAt], [a].[Email], [a].[EmailConfirmed], [a].[FirstName], [a].[IsActive], [a].[LastLoginAt], [a].[LastName], [a].[LockoutEnabled], [a].[LockoutEnd], [a].[NormalizedEmail], [a].[NormalizedUserName], [a].[PasswordHash], [a].[PhoneNumber], [a].[PhoneNumberConfirmed], [a].[ProvinceCode], [a].[ProvinceName], [a].[SecurityStamp], [a].[TwoFactorEnabled], [a].[UserName], [a].[WardCode], [a].[WardName]
FROM [AspNetUsers] AS [a]
WHERE [a].[Id] = @__p_0
[2026-05-24 13:06:57.074 +07:00 INF] Executed DbCommand (2ms) [Parameters=[@__userId_0='?' (Size = 450)], CommandType='"Text"', CommandTimeout='60']
SELECT [a0].[Name]
FROM [AspNetUserRoles] AS [a]
INNER JOIN [AspNetRoles] AS [a0] ON [a].[RoleId] = [a0].[Id]
WHERE [a].[UserId] = @__userId_0
[2026-05-24 13:06:57.080 +07:00 INF] Executing OkObjectResult, writing value of type 'VietPropEstate.Application.Features.Auth.DTOs.UserProfileDto'.
[2026-05-24 13:06:57.111 +07:00 INF] Executed action VietPropEstate.WebAPI.Controllers.AuthController.GetProfile (VietPropEstate.WebAPI) in 138.3819ms
[2026-05-24 13:06:57.111 +07:00 INF] Executed endpoint 'VietPropEstate.WebAPI.Controllers.AuthController.GetProfile (VietPropEstate.WebAPI)'
[2026-05-24 13:06:57.112 +07:00 INF] HTTP GET /api/auth/me responded 200 in 207.9160 ms
[2026-05-24 13:06:57.114 +07:00 INF] Request finished HTTP/1.1 GET http://localhost:5198/api/auth/me - 200 null application/json; charset=utf-8 214.3212ms
[2026-05-24 13:06:57.332 +07:00 INF] Request starting HTTP/1.1 OPTIONS http://localhost:5198/api/conversations/unread - null null
[2026-05-24 13:06:57.333 +07:00 INF] CORS policy execution successful.
[2026-05-24 13:06:57.333 +07:00 INF] Request finished HTTP/1.1 OPTIONS http://localhost:5198/api/conversations/unread - 204 null null 1.3132ms
[2026-05-24 13:06:57.334 +07:00 INF] Request starting HTTP/1.1 GET http://localhost:5198/api/conversations/unread - null null
[2026-05-24 13:06:57.335 +07:00 INF] CORS policy execution successful.
[2026-05-24 13:06:57.339 +07:00 INF] Executing endpoint 'VietPropEstate.WebAPI.Controllers.ConversationsController.GetUnreadCounts (VietPropEstate.WebAPI)'
[2026-05-24 13:06:57.343 +07:00 INF] Route matched with {action = "GetUnreadCounts", controller = "Conversations"}. Executing controller action with signature System.Threading.Tasks.Task`1[Microsoft.AspNetCore.Mvc.IActionResult] GetUnreadCounts(System.Threading.CancellationToken) on controller VietPropEstate.WebAPI.Controllers.ConversationsController (VietPropEstate.WebAPI).
[2026-05-24 13:06:57.347 +07:00 INF] Handling GetUnreadCountQuery {"UserId":"a0a645a9-1c49-41cc-b5dd-a186ffbd8905","$type":"GetUnreadCountQuery"}
[2026-05-24 13:06:57.385 +07:00 INF] Request starting HTTP/1.1 OPTIONS http://localhost:5198/api/notifications?pageNumber=1&pageSize=20&unreadOnly=false - null null
[2026-05-24 13:06:57.385 +07:00 INF] Executed DbCommand (7ms) [Parameters=[@__request_UserId_0='?' (Size = 450)], CommandType='"Text"', CommandTimeout='60']
SELECT COALESCE(SUM(CASE
    WHEN [c].[BuyerId] = @__request_UserId_0 THEN [c].[BuyerUnreadCount]
    ELSE [c].[SellerUnreadCount]
END), 0)
FROM [Conversations] AS [c]
WHERE [c].[IsDeleted] = CAST(0 AS bit) AND ([c].[BuyerId] = @__request_UserId_0 OR [c].[SellerId] = @__request_UserId_0) AND [c].[IsDeleted] = CAST(0 AS bit)
[2026-05-24 13:06:57.385 +07:00 INF] CORS policy execution successful.
[2026-05-24 13:06:57.385 +07:00 INF] Request finished HTTP/1.1 OPTIONS http://localhost:5198/api/notifications?pageNumber=1&pageSize=20&unreadOnly=false - 204 null null 0.4385ms
[2026-05-24 13:06:57.387 +07:00 INF] Request starting HTTP/1.1 GET http://localhost:5198/api/notifications?pageNumber=1&pageSize=20&unreadOnly=false - null null
[2026-05-24 13:06:57.387 +07:00 INF] CORS policy execution successful.
[2026-05-24 13:06:57.392 +07:00 INF] Executing endpoint 'VietPropEstate.WebAPI.Controllers.NotificationsController.GetNotifications (VietPropEstate.WebAPI)'
[2026-05-24 13:06:57.396 +07:00 INF] Route matched with {action = "GetNotifications", controller = "Notifications"}. Executing controller action with signature System.Threading.Tasks.Task`1[Microsoft.AspNetCore.Mvc.IActionResult] GetNotifications(Int32, Int32, Boolean, System.Threading.CancellationToken) on controller VietPropEstate.WebAPI.Controllers.NotificationsController (VietPropEstate.WebAPI).
[2026-05-24 13:06:57.398 +07:00 INF] Executed DbCommand (4ms) [Parameters=[@__request_UserId_0='?' (Size = 450)], CommandType='"Text"', CommandTimeout='60']
SELECT COUNT(*)
FROM [Notifications] AS [n]
WHERE [n].[IsDeleted] = CAST(0 AS bit) AND [n].[UserId] = @__request_UserId_0 AND [n].[IsRead] = CAST(0 AS bit) AND [n].[IsDeleted] = CAST(0 AS bit)
[2026-05-24 13:06:57.398 +07:00 INF] Handled GetUnreadCountQuery in 52ms
[2026-05-24 13:06:57.399 +07:00 INF] Executing OkObjectResult, writing value of type 'VietPropEstate.Application.Features.Chat.Queries.GetUnreadCount.UnreadCountResult'.
[2026-05-24 13:06:57.401 +07:00 INF] Handling GetUserNotificationsQuery {"UserId":"a0a645a9-1c49-41cc-b5dd-a186ffbd8905","PageNumber":1,"PageSize":20,"UnreadOnly":false,"$type":"GetUserNotificationsQuery"}
[2026-05-24 13:06:57.407 +07:00 INF] Executed action VietPropEstate.WebAPI.Controllers.ConversationsController.GetUnreadCounts (VietPropEstate.WebAPI) in 63.5814ms
[2026-05-24 13:06:57.407 +07:00 INF] Executed endpoint 'VietPropEstate.WebAPI.Controllers.ConversationsController.GetUnreadCounts (VietPropEstate.WebAPI)'
[2026-05-24 13:06:57.407 +07:00 INF] HTTP GET /api/conversations/unread responded 200 in 72.4843 ms
[2026-05-24 13:06:57.408 +07:00 INF] Request finished HTTP/1.1 GET http://localhost:5198/api/conversations/unread - 200 null application/json; charset=utf-8 73.316ms
[2026-05-24 13:06:57.413 +07:00 INF] Executed DbCommand (2ms) [Parameters=[@__request_UserId_0='?' (Size = 450)], CommandType='"Text"', CommandTimeout='60']
SELECT COUNT(*)
FROM [Notifications] AS [n]
WHERE [n].[IsDeleted] = CAST(0 AS bit) AND [n].[UserId] = @__request_UserId_0 AND [n].[IsDeleted] = CAST(0 AS bit)
[2026-05-24 13:06:57.417 +07:00 INF] Request starting HTTP/1.1 OPTIONS http://localhost:5198/api/vip-packages - null null
[2026-05-24 13:06:57.417 +07:00 INF] CORS policy execution successful.
[2026-05-24 13:06:57.417 +07:00 INF] Request finished HTTP/1.1 OPTIONS http://localhost:5198/api/vip-packages - 204 null null 0.3538ms
[2026-05-24 13:06:57.418 +07:00 INF] Request starting HTTP/1.1 GET http://localhost:5198/api/vip-packages - null null
[2026-05-24 13:06:57.418 +07:00 INF] CORS policy execution successful.
[2026-05-24 13:06:57.419 +07:00 INF] Executing endpoint 'VietPropEstate.WebAPI.Controllers.VipPackagesController.GetPackages (VietPropEstate.WebAPI)'
[2026-05-24 13:06:57.419 +07:00 INF] Route matched with {action = "GetPackages", controller = "VipPackages"}. Executing controller action with signature System.Threading.Tasks.Task`1[Microsoft.AspNetCore.Mvc.IActionResult] GetPackages(System.Threading.CancellationToken) on controller VietPropEstate.WebAPI.Controllers.VipPackagesController (VietPropEstate.WebAPI).
[2026-05-24 13:06:57.420 +07:00 INF] Handling GetVipPackagesQuery {"$type":"GetVipPackagesQuery"}
[2026-05-24 13:06:57.428 +07:00 INF] Handled GetVipPackagesQuery in 7ms
[2026-05-24 13:06:57.429 +07:00 INF] Executing OkObjectResult, writing value of type 'System.Collections.Generic.List`1[[VietPropEstate.Application.Features.Payments.DTOs.VIPPackageDto, VietPropEstate.Application, Version=1.0.0.0, Culture=neutral, PublicKeyToken=null]]'.
[2026-05-24 13:06:57.429 +07:00 INF] Executed action VietPropEstate.WebAPI.Controllers.VipPackagesController.GetPackages (VietPropEstate.WebAPI) in 9.537ms
[2026-05-24 13:06:57.429 +07:00 INF] Executed endpoint 'VietPropEstate.WebAPI.Controllers.VipPackagesController.GetPackages (VietPropEstate.WebAPI)'
[2026-05-24 13:06:57.429 +07:00 INF] HTTP GET /api/vip-packages responded 200 in 10.7331 ms
[2026-05-24 13:06:57.430 +07:00 INF] Request finished HTTP/1.1 GET http://localhost:5198/api/vip-packages - 200 null application/json; charset=utf-8 11.4105ms
[2026-05-24 13:06:57.433 +07:00 INF] Executed DbCommand (2ms) [Parameters=[@__request_UserId_0='?' (Size = 450), @__p_1='?' (DbType = Int32), @__p_2='?' (DbType = Int32)], CommandType='"Text"', CommandTimeout='60']
SELECT [n].[Id], [n].[UserId], [n].[Title], [n].[Content], [n].[Type], [n].[IsRead], [n].[ReadAt], [n].[ReferenceId], [n].[ActionUrl], [n].[CreatedAt]
FROM [Notifications] AS [n]
WHERE [n].[IsDeleted] = CAST(0 AS bit) AND [n].[UserId] = @__request_UserId_0 AND [n].[IsDeleted] = CAST(0 AS bit)
ORDER BY [n].[CreatedAt] DESC
OFFSET @__p_1 ROWS FETCH NEXT @__p_2 ROWS ONLY
[2026-05-24 13:06:57.434 +07:00 INF] Handled GetUserNotificationsQuery in 33ms
[2026-05-24 13:06:57.434 +07:00 INF] Executing OkObjectResult, writing value of type 'VietPropEstate.Application.Common.Models.PaginatedList`1[[VietPropEstate.Application.Features.Notifications.DTOs.NotificationDto, VietPropEstate.Application, Version=1.0.0.0, Culture=neutral, PublicKeyToken=null]]'.
[2026-05-24 13:06:57.448 +07:00 INF] Executed action VietPropEstate.WebAPI.Controllers.NotificationsController.GetNotifications (VietPropEstate.WebAPI) in 51.3126ms
[2026-05-24 13:06:57.448 +07:00 INF] Executed endpoint 'VietPropEstate.WebAPI.Controllers.NotificationsController.GetNotifications (VietPropEstate.WebAPI)'
[2026-05-24 13:06:57.448 +07:00 INF] HTTP GET /api/notifications responded 200 in 60.4803 ms
[2026-05-24 13:06:57.448 +07:00 INF] Request finished HTTP/1.1 GET http://localhost:5198/api/notifications?pageNumber=1&pageSize=20&unreadOnly=false - 200 null application/json; charset=utf-8 61.2971ms
[2026-05-24 13:06:57.486 +07:00 INF] Request starting HTTP/1.1 GET http://localhost:5198/uploads/avatars/a0a645a9-1c49-41cc-b5dd-a186ffbd8905/b6b46aa69652448a8bd5631408dbfd2d.jpg - null null
[2026-05-24 13:06:57.491 +07:00 INF] The file /uploads/avatars/a0a645a9-1c49-41cc-b5dd-a186ffbd8905/b6b46aa69652448a8bd5631408dbfd2d.jpg was not modified
[2026-05-24 13:06:57.492 +07:00 INF] Request finished HTTP/1.1 GET http://localhost:5198/uploads/avatars/a0a645a9-1c49-41cc-b5dd-a186ffbd8905/b6b46aa69652448a8bd5631408dbfd2d.jpg - 304 null image/jpeg 6.7407ms
[2026-05-24 13:06:57.639 +07:00 INF] Request starting HTTP/1.1 OPTIONS http://localhost:5198/api/vip-packages/my-subscriptions - null null
[2026-05-24 13:06:57.639 +07:00 INF] CORS policy execution successful.
[2026-05-24 13:06:57.640 +07:00 INF] Request finished HTTP/1.1 OPTIONS http://localhost:5198/api/vip-packages/my-subscriptions - 204 null null 0.3872ms
[2026-05-24 13:06:57.641 +07:00 INF] Request starting HTTP/1.1 GET http://localhost:5198/api/vip-packages/my-subscriptions - null null
[2026-05-24 13:06:57.641 +07:00 INF] CORS policy execution successful.
[2026-05-24 13:06:57.642 +07:00 INF] Executing endpoint 'VietPropEstate.WebAPI.Controllers.VipPackagesController.GetMySubscriptions (VietPropEstate.WebAPI)'
[2026-05-24 13:06:57.647 +07:00 INF] Route matched with {action = "GetMySubscriptions", controller = "VipPackages"}. Executing controller action with signature System.Threading.Tasks.Task`1[Microsoft.AspNetCore.Mvc.IActionResult] GetMySubscriptions(Boolean, System.Threading.CancellationToken) on controller VietPropEstate.WebAPI.Controllers.VipPackagesController (VietPropEstate.WebAPI).
[2026-05-24 13:06:57.650 +07:00 INF] Handling GetUserVipPackagesQuery {"UserId":"a0a645a9-1c49-41cc-b5dd-a186ffbd8905","ActiveOnly":true,"$type":"GetUserVipPackagesQuery"}
[2026-05-24 13:06:57.720 +07:00 INF] Executed DbCommand (8ms) [Parameters=[@__request_UserId_0='?' (Size = 450)], CommandType='"Text"', CommandTimeout='60']
SELECT [u].[Id], [u].[CreatedAt], [u].[CreatedBy], [u].[DeletedAt], [u].[DeletedBy], [u].[EndDate], [u].[IsActive], [u].[IsDeleted], [u].[LastModifiedAt], [u].[LastModifiedBy], [u].[RemainingListings], [u].[RowVersion], [u].[StartDate], [u].[UserId], [u].[VIPPackageId], [v0].[Id], [v0].[CreatedAt], [v0].[CreatedBy], [v0].[DeletedAt], [v0].[DeletedBy], [v0].[Description], [v0].[DurationDays], [v0].[IsActive], [v0].[IsDeleted], [v0].[LastModifiedAt], [v0].[LastModifiedBy], [v0].[MaxListings], [v0].[Name], [v0].[RowVersion], [v0].[PriceAmount], [v0].[PriceCurrency]
FROM [UserVIPPackages] AS [u]
INNER JOIN (
    SELECT [v].[Id], [v].[CreatedAt], [v].[CreatedBy], [v].[DeletedAt], [v].[DeletedBy], [v].[Description], [v].[DurationDays], [v].[IsActive], [v].[IsDeleted], [v].[LastModifiedAt], [v].[LastModifiedBy], [v].[MaxListings], [v].[Name], [v].[RowVersion], [v].[PriceAmount], [v].[PriceCurrency]
    FROM [VIPPackages] AS [v]
    WHERE [v].[IsDeleted] = CAST(0 AS bit)
) AS [v0] ON [u].[VIPPackageId] = [v0].[Id]
WHERE [u].[IsDeleted] = CAST(0 AS bit) AND [u].[UserId] = @__request_UserId_0 AND [u].[IsDeleted] = CAST(0 AS bit) AND [u].[IsActive] = CAST(1 AS bit) AND [u].[EndDate] > GETUTCDATE()
ORDER BY [u].[StartDate] DESC
[2026-05-24 13:06:57.721 +07:00 INF] Handled GetUserVipPackagesQuery in 71ms
[2026-05-24 13:06:57.722 +07:00 INF] Executing OkObjectResult, writing value of type 'System.Collections.Generic.List`1[[VietPropEstate.Application.Features.Payments.DTOs.UserVIPPackageDto, VietPropEstate.Application, Version=1.0.0.0, Culture=neutral, PublicKeyToken=null]]'.
[2026-05-24 13:06:57.723 +07:00 INF] Executed action VietPropEstate.WebAPI.Controllers.VipPackagesController.GetMySubscriptions (VietPropEstate.WebAPI) in 75.9613ms
[2026-05-24 13:06:57.723 +07:00 INF] Executed endpoint 'VietPropEstate.WebAPI.Controllers.VipPackagesController.GetMySubscriptions (VietPropEstate.WebAPI)'
[2026-05-24 13:06:57.723 +07:00 INF] HTTP GET /api/vip-packages/my-subscriptions responded 200 in 81.8952 ms
[2026-05-24 13:06:57.723 +07:00 INF] Request finished HTTP/1.1 GET http://localhost:5198/api/vip-packages/my-subscriptions - 200 null application/json; charset=utf-8 82.7081ms
[2026-05-24 13:07:05.928 +07:00 INF] Request starting HTTP/1.1 OPTIONS http://localhost:5198/api/payments/initiate - null null
[2026-05-24 13:07:05.928 +07:00 INF] CORS policy execution successful.
[2026-05-24 13:07:05.929 +07:00 INF] Request finished HTTP/1.1 OPTIONS http://localhost:5198/api/payments/initiate - 204 null null 0.5136ms
[2026-05-24 13:07:05.930 +07:00 INF] Request starting HTTP/1.1 POST http://localhost:5198/api/payments/initiate - application/json; charset=utf-8 69
[2026-05-24 13:07:05.931 +07:00 INF] CORS policy execution successful.
[2026-05-24 13:07:05.933 +07:00 INF] Executing endpoint 'VietPropEstate.WebAPI.Controllers.PaymentsController.Initiate (VietPropEstate.WebAPI)'
[2026-05-24 13:07:05.936 +07:00 INF] Route matched with {action = "Initiate", controller = "Payments"}. Executing controller action with signature System.Threading.Tasks.Task`1[Microsoft.AspNetCore.Mvc.IActionResult] Initiate(VietPropEstate.WebAPI.Controllers.InitiatePaymentRequest, System.Threading.CancellationToken) on controller VietPropEstate.WebAPI.Controllers.PaymentsController (VietPropEstate.WebAPI).
[2026-05-24 13:07:05.976 +07:00 INF] Handling InitiateVipPaymentCommand {"UserId":"a0a645a9-1c49-41cc-b5dd-a186ffbd8905","VIPPackageId":"60000000-0000-0000-0000-000000000002","IpAddress":"::1","Locale":"vn","$type":"InitiateVipPaymentCommand"}
[2026-05-24 13:07:06.018 +07:00 INF] Executed DbCommand (2ms) [Parameters=[@__request_VIPPackageId_0='?' (DbType = Guid)], CommandType='"Text"', CommandTimeout='60']
SELECT TOP(1) [v].[Id], [v].[CreatedAt], [v].[CreatedBy], [v].[DeletedAt], [v].[DeletedBy], [v].[Description], [v].[DurationDays], [v].[IsActive], [v].[IsDeleted], [v].[LastModifiedAt], [v].[LastModifiedBy], [v].[MaxListings], [v].[Name], [v].[RowVersion], [v].[PriceAmount], [v].[PriceCurrency]
FROM [VIPPackages] AS [v]
WHERE [v].[IsDeleted] = CAST(0 AS bit) AND [v].[Id] = @__request_VIPPackageId_0 AND [v].[IsActive] = CAST(1 AS bit) AND [v].[IsDeleted] = CAST(0 AS bit)
[2026-05-24 13:07:06.270 +07:00 INF] Executed DbCommand (11ms) [Parameters=[@p0='?' (DbType = Guid), @p1='?' (Size = 50), @p2='?' (DbType = DateTime2), @p3='?' (Size = 4000), @p4='?' (DbType = DateTime2), @p5='?' (Size = 4000), @p6='?' (Size = 4000), @p7='?' (Size = 45), @p8='?' (DbType = Boolean), @p9='?' (DbType = DateTime2), @p10='?' (Size = 4000), @p11='?' (Size = 2000), @p12='?' (Size = 500), @p13='?' (DbType = DateTime2), @p14='?' (Size = 100), @p15='?' (Size = 100), @p16='?' (DbType = Int32), @p17='?' (Size = 500), @p18='?' (Size = 450), @p19='?' (DbType = Guid), @p20='?' (DbType = Guid), @p21='?' (Size = 200), @p22='?' (Precision = 18) (Scale = 2) (DbType = Decimal), @p23='?' (Size = 10)], CommandType='"Text"', CommandTimeout='60']
SET IMPLICIT_TRANSACTIONS OFF;
SET NOCOUNT ON;
INSERT INTO [Payments] ([Id], [BankCode], [CreatedAt], [CreatedBy], [DeletedAt], [DeletedBy], [GatewayResponse], [IpAddress], [IsDeleted], [LastModifiedAt], [LastModifiedBy], [Notes], [OrderInfo], [PaidAt], [PaymentMethod], [PaymentReference], [Status], [TransactionCode], [UserId], [UserVIPPackageId], [VIPPackageId], [VnpayTransactionId], [Amount], [Currency])
OUTPUT INSERTED.[RowVersion]
VALUES (@p0, @p1, @p2, @p3, @p4, @p5, @p6, @p7, @p8, @p9, @p10, @p11, @p12, @p13, @p14, @p15, @p16, @p17, @p18, @p19, @p20, @p21, @p22, @p23);
[2026-05-24 13:07:06.294 +07:00 INF] VNPay URL created for TxnRef=e981b929bf144dfb9841e3890bc0c7ef, Amount=1000000.00 VND.
[2026-05-24 13:07:06.295 +07:00 INF] Handled InitiateVipPaymentCommand in 319ms
[2026-05-24 13:07:06.295 +07:00 INF] Executing OkObjectResult, writing value of type 'VietPropEstate.Application.Features.Payments.DTOs.PaymentInitiationDto'.
[2026-05-24 13:07:06.298 +07:00 INF] Executed action VietPropEstate.WebAPI.Controllers.PaymentsController.Initiate (VietPropEstate.WebAPI) in 361.3931ms
[2026-05-24 13:07:06.298 +07:00 INF] Executed endpoint 'VietPropEstate.WebAPI.Controllers.PaymentsController.Initiate (VietPropEstate.WebAPI)'
[2026-05-24 13:07:06.298 +07:00 INF] HTTP POST /api/payments/initiate responded 200 in 366.6505 ms
[2026-05-24 13:07:06.299 +07:00 INF] Request finished HTTP/1.1 POST http://localhost:5198/api/payments/initiate - 200 null application/json; charset=utf-8 368.4451ms
